2025-05-29 11:39:35,050 - MainProcess - INFO - Logging configured. Output directed to processing.log
2025-05-29 11:39:35,050 - MainProcess - INFO - --- Starting Tokenization Stage ---
2025-05-29 11:39:35,050 - MainProcess - INFO - Ensured tokenized output directory exists: data_cpp/tokenized_contexts
2025-05-29 11:39:35,055 - MainProcess - INFO - Found 3985 context files to process for tokenization.
2025-05-29 11:39:35,055 - MainProcess - INFO - Starting tokenization pool with 12 processes.
2025-05-29 11:39:35,069 - ForkPoolWorker-1 - INFO - Tokenizing context file: 240583-v2.0.0-mixed
2025-05-29 11:39:35,069 - ForkPoolWorker-2 - INFO - Tokenizing context file: 500770-v1.0.0-bad
2025-05-29 11:39:35,070 - ForkPoolWorker-4 - INFO - Tokenizing context file: 243254-v2.0.0-mixed
2025-05-29 11:39:35,070 - ForkPoolWorker-3 - INFO - Tokenizing context file: 246917-v2.0.0-mixed
2025-05-29 11:39:35,070 - ForkPoolWorker-5 - INFO - Tokenizing context file: 245938-v2.0.0-mixed
2025-05-29 11:39:35,070 - ForkPoolWorker-6 - INFO - Tokenizing context file: 242224-v2.0.0-mixed
2025-05-29 11:39:35,070 - ForkPoolWorker-7 - INFO - Tokenizing context file: 239001-v2.0.0-mixed
2025-05-29 11:39:35,070 - ForkPoolWorker-8 - INFO - Tokenizing context file: 242945-v2.0.0-mixed
2025-05-29 11:39:35,070 - ForkPoolWorker-9 - INFO - Tokenizing context file: 242699-v2.0.0-mixed
2025-05-29 11:39:35,071 - ForkPoolWorker-11 - INFO - Tokenizing context file: 500767-v1.0.0-bad
2025-05-29 11:39:35,071 - ForkPoolWorker-12 - INFO - Tokenizing context file: 242343-v2.0.0-mixed
2025-05-29 11:39:35,071 - ForkPoolWorker-10 - INFO - Tokenizing context file: 243923-v2.0.0-mixed
2025-05-29 11:39:35,072 - ForkPoolWorker-2 - INFO - Finished tokenizing 500770-v1.0.0-bad: 1 centers, 5 frags.
2025-05-29 11:39:35,072 - ForkPoolWorker-2 - INFO - Tokenizing context file: 241913-v2.0.0-mixed
2025-05-29 11:39:35,073 - ForkPoolWorker-5 - INFO - Finished tokenizing 245938-v2.0.0-mixed: 3 centers, 11 frags.
2025-05-29 11:39:35,073 - ForkPoolWorker-11 - INFO - Finished tokenizing 500767-v1.0.0-bad: 1 centers, 5 frags.
2025-05-29 11:39:35,073 - ForkPoolWorker-5 - INFO - Tokenizing context file: 248528-v2.0.0-mixed
2025-05-29 11:39:35,073 - ForkPoolWorker-11 - INFO - Tokenizing context file: 242733-v2.0.0-mixed
2025-05-29 11:39:35,073 - ForkPoolWorker-6 - INFO - Finished tokenizing 242224-v2.0.0-mixed: 4 centers, 14 frags.
2025-05-29 11:39:35,074 - ForkPoolWorker-3 - INFO - Finished tokenizing 246917-v2.0.0-mixed: 3 centers, 11 frags.
2025-05-29 11:39:35,074 - ForkPoolWorker-6 - INFO - Tokenizing context file: 243941-v2.0.0-mixed
2025-05-29 11:39:35,074 - ForkPoolWorker-2 - INFO - Finished tokenizing 241913-v2.0.0-mixed: 2 centers, 9 frags.
2025-05-29 11:39:35,074 - ForkPoolWorker-1 - INFO - Finished tokenizing 240583-v2.0.0-mixed: 9 centers, 26 frags.
2025-05-29 11:39:35,074 - ForkPoolWorker-3 - INFO - Tokenizing context file: 240606-v2.0.0-mixed
2025-05-29 11:39:35,074 - ForkPoolWorker-2 - INFO - Tokenizing context file: 247066-v2.0.0-mixed
2025-05-29 11:39:35,074 - ForkPoolWorker-4 - INFO - Finished tokenizing 243254-v2.0.0-mixed: 18 centers, 25 frags.
2025-05-29 11:39:35,074 - ForkPoolWorker-7 - INFO - Finished tokenizing 239001-v2.0.0-mixed: 2 centers, 7 frags.
2025-05-29 11:39:35,074 - ForkPoolWorker-1 - INFO - Tokenizing context file: 500835-v1.0.0-bad
2025-05-29 11:39:35,074 - ForkPoolWorker-4 - INFO - Tokenizing context file: 242109-v2.0.0-mixed
2025-05-29 11:39:35,074 - ForkPoolWorker-9 - INFO - Finished tokenizing 242699-v2.0.0-mixed: 7 centers, 25 frags.
2025-05-29 11:39:35,075 - ForkPoolWorker-5 - INFO - Finished tokenizing 248528-v2.0.0-mixed: 1 centers, 7 frags.
2025-05-29 11:39:35,075 - ForkPoolWorker-5 - INFO - Tokenizing context file: 244232-v2.0.0-mixed
2025-05-29 11:39:35,075 - ForkPoolWorker-9 - INFO - Tokenizing context file: 248037-v2.0.0-mixed
2025-05-29 11:39:35,075 - ForkPoolWorker-12 - INFO - Finished tokenizing 242343-v2.0.0-mixed: 4 centers, 13 frags.
2025-05-29 11:39:35,075 - ForkPoolWorker-11 - INFO - Finished tokenizing 242733-v2.0.0-mixed: 7 centers, 19 frags.
2025-05-29 11:39:35,075 - ForkPoolWorker-12 - INFO - Tokenizing context file: 248373-v2.0.0-mixed
2025-05-29 11:39:35,075 - ForkPoolWorker-11 - INFO - Tokenizing context file: 500986-v1.0.0-bad
2025-05-29 11:39:35,075 - ForkPoolWorker-10 - INFO - Finished tokenizing 243923-v2.0.0-mixed: 7 centers, 37 frags.
2025-05-29 11:39:35,075 - ForkPoolWorker-2 - INFO - Finished tokenizing 247066-v2.0.0-mixed: 2 centers, 6 frags.
2025-05-29 11:39:35,075 - ForkPoolWorker-2 - INFO - Tokenizing context file: 500913-v1.0.0-bad
2025-05-29 11:39:35,075 - ForkPoolWorker-7 - INFO - Tokenizing context file: 245725-v2.0.0-mixed
2025-05-29 11:39:35,076 - ForkPoolWorker-10 - INFO - Tokenizing context file: 242279-v2.0.0-mixed
2025-05-29 11:39:35,076 - ForkPoolWorker-6 - INFO - Finished tokenizing 243941-v2.0.0-mixed: 6 centers, 29 frags.
2025-05-29 11:39:35,076 - ForkPoolWorker-1 - INFO - Finished tokenizing 500835-v1.0.0-bad: 1 centers, 4 frags.
2025-05-29 11:39:35,076 - ForkPoolWorker-6 - INFO - Tokenizing context file: 242075-v2.0.0-mixed
2025-05-29 11:39:35,076 - ForkPoolWorker-8 - INFO - Finished tokenizing 242945-v2.0.0-mixed: 26 centers, 40 frags.
2025-05-29 11:39:35,076 - ForkPoolWorker-3 - INFO - Finished tokenizing 240606-v2.0.0-mixed: 2 centers, 8 frags.
2025-05-29 11:39:35,076 - ForkPoolWorker-1 - INFO - Tokenizing context file: 240322-v2.0.0-mixed
2025-05-29 11:39:35,076 - ForkPoolWorker-8 - INFO - Tokenizing context file: 242447-v2.0.0-mixed
2025-05-29 11:39:35,076 - ForkPoolWorker-3 - INFO - Tokenizing context file: 245889-v2.0.0-mixed
2025-05-29 11:39:35,076 - ForkPoolWorker-11 - INFO - Finished tokenizing 500986-v1.0.0-bad: 2 centers, 4 frags.
2025-05-29 11:39:35,076 - ForkPoolWorker-5 - INFO - Finished tokenizing 244232-v2.0.0-mixed: 1 centers, 5 frags.
2025-05-29 11:39:35,076 - ForkPoolWorker-11 - INFO - Tokenizing context file: 500862-v1.0.0-bad
2025-05-29 11:39:35,076 - ForkPoolWorker-5 - INFO - Tokenizing context file: 244945-v2.0.0-mixed
2025-05-29 11:39:35,077 - ForkPoolWorker-2 - INFO - Finished tokenizing 500913-v1.0.0-bad: 3 centers, 4 frags.
2025-05-29 11:39:35,077 - ForkPoolWorker-2 - INFO - Tokenizing context file: 242686-v2.0.0-mixed
2025-05-29 11:39:35,077 - ForkPoolWorker-10 - INFO - Finished tokenizing 242279-v2.0.0-mixed: 4 centers, 16 frags.
2025-05-29 11:39:35,077 - ForkPoolWorker-10 - INFO - Tokenizing context file: 240609-v2.0.0-mixed
2025-05-29 11:39:35,077 - ForkPoolWorker-11 - INFO - Finished tokenizing 500862-v1.0.0-bad: 1 centers, 3 frags.
2025-05-29 11:39:35,078 - ForkPoolWorker-12 - INFO - Finished tokenizing 248373-v2.0.0-mixed: 6 centers, 16 frags.
2025-05-29 11:39:35,078 - ForkPoolWorker-7 - INFO - Finished tokenizing 245725-v2.0.0-mixed: 5 centers, 16 frags.
2025-05-29 11:39:35,078 - ForkPoolWorker-8 - INFO - Finished tokenizing 242447-v2.0.0-mixed: 4 centers, 16 frags.
2025-05-29 11:39:35,078 - ForkPoolWorker-4 - INFO - Finished tokenizing 242109-v2.0.0-mixed: 6 centers, 28 frags.
2025-05-29 11:39:35,078 - ForkPoolWorker-12 - INFO - Tokenizing context file: 242935-v2.0.0-mixed
2025-05-29 11:39:35,078 - ForkPoolWorker-8 - INFO - Tokenizing context file: 242577-v2.0.0-mixed
2025-05-29 11:39:35,078 - ForkPoolWorker-7 - INFO - Tokenizing context file: 240707-v2.0.0-mixed
2025-05-29 11:39:35,078 - ForkPoolWorker-11 - INFO - Tokenizing context file: 242806-v2.0.0-mixed
2025-05-29 11:39:35,078 - ForkPoolWorker-5 - INFO - Finished tokenizing 244945-v2.0.0-mixed: 2 centers, 10 frags.
2025-05-29 11:39:35,078 - ForkPoolWorker-4 - INFO - Tokenizing context file: 242489-v2.0.0-mixed
2025-05-29 11:39:35,078 - ForkPoolWorker-5 - INFO - Tokenizing context file: 240796-v2.0.0-mixed
2025-05-29 11:39:35,079 - ForkPoolWorker-1 - INFO - Finished tokenizing 240322-v2.0.0-mixed: 4 centers, 14 frags.
2025-05-29 11:39:35,079 - ForkPoolWorker-3 - INFO - Finished tokenizing 245889-v2.0.0-mixed: 2 centers, 8 frags.
2025-05-29 11:39:35,079 - ForkPoolWorker-11 - INFO - Finished tokenizing 242806-v2.0.0-mixed: 2 centers, 9 frags.
2025-05-29 11:39:35,079 - ForkPoolWorker-1 - INFO - Tokenizing context file: 241038-v2.0.0-mixed
2025-05-29 11:39:35,079 - ForkPoolWorker-3 - INFO - Tokenizing context file: 242856-v2.0.0-mixed
2025-05-29 11:39:35,079 - ForkPoolWorker-11 - INFO - Tokenizing context file: 241857-v2.0.0-mixed
2025-05-29 11:39:35,079 - ForkPoolWorker-12 - INFO - Finished tokenizing 242935-v2.0.0-mixed: 2 centers, 20 frags.
2025-05-29 11:39:35,079 - ForkPoolWorker-9 - INFO - Finished tokenizing 248037-v2.0.0-mixed: 5 centers, 16 frags.
2025-05-29 11:39:35,079 - ForkPoolWorker-12 - INFO - Tokenizing context file: 243640-v2.0.0-mixed
2025-05-29 11:39:35,079 - ForkPoolWorker-10 - INFO - Finished tokenizing 240609-v2.0.0-mixed: 6 centers, 26 frags.
2025-05-29 11:39:35,079 - ForkPoolWorker-8 - INFO - Finished tokenizing 242577-v2.0.0-mixed: 1 centers, 2 frags.
2025-05-29 11:39:35,079 - ForkPoolWorker-6 - INFO - Finished tokenizing 242075-v2.0.0-mixed: 6 centers, 22 frags.
2025-05-29 11:39:35,079 - ForkPoolWorker-7 - INFO - Finished tokenizing 240707-v2.0.0-mixed: 4 centers, 15 frags.
2025-05-29 11:39:35,079 - ForkPoolWorker-2 - INFO - Finished tokenizing 242686-v2.0.0-mixed: 4 centers, 13 frags.
2025-05-29 11:39:35,080 - ForkPoolWorker-9 - INFO - Tokenizing context file: 248151-v2.0.0-mixed
2025-05-29 11:39:35,080 - ForkPoolWorker-10 - INFO - Tokenizing context file: 235370-v2.0.0-mixed
2025-05-29 11:39:35,080 - ForkPoolWorker-6 - INFO - Tokenizing context file: 1957-v1.0.0-bad
2025-05-29 11:39:35,080 - ForkPoolWorker-7 - INFO - Tokenizing context file: 242167-v2.0.0-mixed
2025-05-29 11:39:35,080 - ForkPoolWorker-2 - INFO - Tokenizing context file: 242341-v2.0.0-mixed
2025-05-29 11:39:35,080 - ForkPoolWorker-4 - INFO - Finished tokenizing 242489-v2.0.0-mixed: 2 centers, 9 frags.
2025-05-29 11:39:35,080 - ForkPoolWorker-5 - INFO - Finished tokenizing 240796-v2.0.0-mixed: 4 centers, 13 frags.
2025-05-29 11:39:35,080 - ForkPoolWorker-9 - INFO - Finished tokenizing 248151-v2.0.0-mixed: 1 centers, 5 frags.
2025-05-29 11:39:35,080 - ForkPoolWorker-5 - INFO - Tokenizing context file: 243194-v2.0.0-mixed
2025-05-29 11:39:35,080 - ForkPoolWorker-12 - INFO - Finished tokenizing 243640-v2.0.0-mixed: 1 centers, 5 frags.
2025-05-29 11:39:35,081 - ForkPoolWorker-6 - INFO - Finished tokenizing 1957-v1.0.0-bad: 2 centers, 7 frags.
2025-05-29 11:39:35,081 - ForkPoolWorker-9 - INFO - Tokenizing context file: 243952-v2.0.0-mixed
2025-05-29 11:39:35,081 - ForkPoolWorker-12 - INFO - Tokenizing context file: 242514-v2.0.0-mixed
2025-05-29 11:39:35,081 - ForkPoolWorker-6 - INFO - Tokenizing context file: 500822-v1.0.0-bad
2025-05-29 11:39:35,081 - ForkPoolWorker-4 - INFO - Tokenizing context file: 239512-v2.0.0-mixed
2025-05-29 11:39:35,081 - ForkPoolWorker-1 - INFO - Finished tokenizing 241038-v2.0.0-mixed: 6 centers, 17 frags.
2025-05-29 11:39:35,081 - ForkPoolWorker-3 - INFO - Finished tokenizing 242856-v2.0.0-mixed: 4 centers, 14 frags.
2025-05-29 11:39:35,081 - ForkPoolWorker-1 - INFO - Tokenizing context file: 247681-v2.0.0-mixed
2025-05-29 11:39:35,081 - ForkPoolWorker-7 - INFO - Finished tokenizing 242167-v2.0.0-mixed: 2 centers, 20 frags.
2025-05-29 11:39:35,081 - ForkPoolWorker-10 - INFO - Finished tokenizing 235370-v2.0.0-mixed: 4 centers, 13 frags.
2025-05-29 11:39:35,081 - ForkPoolWorker-5 - INFO - Finished tokenizing 243194-v2.0.0-mixed: 2 centers, 6 frags.
2025-05-29 11:39:35,081 - ForkPoolWorker-12 - INFO - Finished tokenizing 242514-v2.0.0-mixed: 1 centers, 2 frags.
2025-05-29 11:39:35,082 - ForkPoolWorker-6 - INFO - Finished tokenizing 500822-v1.0.0-bad: 1 centers, 3 frags.
2025-05-29 11:39:35,083 - ForkPoolWorker-1 - INFO - Finished tokenizing 247681-v2.0.0-mixed: 2 centers, 9 frags.
2025-05-29 11:39:35,083 - ForkPoolWorker-4 - INFO - Finished tokenizing 239512-v2.0.0-mixed: 4 centers, 14 frags.
2025-05-29 11:39:35,083 - ForkPoolWorker-2 - INFO - Finished tokenizing 242341-v2.0.0-mixed: 7 centers, 21 frags.
2025-05-29 11:39:35,084 - ForkPoolWorker-9 - INFO - Finished tokenizing 243952-v2.0.0-mixed: 6 centers, 28 frags.
2025-05-29 11:39:35,084 - ForkPoolWorker-11 - INFO - Finished tokenizing 241857-v2.0.0-mixed: 26 centers, 40 frags.
2025-05-29 11:39:35,085 - ForkPoolWorker-3 - INFO - Tokenizing context file: 245493-v2.0.0-mixed
2025-05-29 11:39:35,086 - ForkPoolWorker-7 - INFO - Tokenizing context file: 247245-v2.0.0-mixed
2025-05-29 11:39:35,086 - ForkPoolWorker-8 - INFO - Tokenizing context file: 501051-v1.0.0-bad
2025-05-29 11:39:35,086 - ForkPoolWorker-5 - INFO - Tokenizing context file: 246636-v2.0.0-mixed
2025-05-29 11:39:35,086 - ForkPoolWorker-12 - INFO - Tokenizing context file: 242635-v2.0.0-mixed
2025-05-29 11:39:35,086 - ForkPoolWorker-6 - INFO - Tokenizing context file: 241780-v2.0.0-mixed
2025-05-29 11:39:35,086 - ForkPoolWorker-10 - INFO - Tokenizing context file: 242911-v2.0.0-mixed
2025-05-29 11:39:35,086 - ForkPoolWorker-1 - INFO - Tokenizing context file: 242334-v2.0.0-mixed
2025-05-29 11:39:35,086 - ForkPoolWorker-2 - INFO - Tokenizing context file: 501005-v1.0.0-bad
2025-05-29 11:39:35,086 - ForkPoolWorker-9 - INFO - Tokenizing context file: 245165-v2.0.0-mixed
2025-05-29 11:39:35,086 - ForkPoolWorker-4 - INFO - Tokenizing context file: 242333-v2.0.0-mixed
2025-05-29 11:39:35,087 - ForkPoolWorker-5 - INFO - Finished tokenizing 246636-v2.0.0-mixed: 2 centers, 8 frags.
2025-05-29 11:39:35,087 - ForkPoolWorker-7 - INFO - Finished tokenizing 247245-v2.0.0-mixed: 3 centers, 8 frags.
2025-05-29 11:39:35,087 - ForkPoolWorker-11 - INFO - Tokenizing context file: 242687-v2.0.0-mixed
2025-05-29 11:39:35,087 - ForkPoolWorker-3 - INFO - Finished tokenizing 245493-v2.0.0-mixed: 5 centers, 14 frags.
2025-05-29 11:39:35,087 - ForkPoolWorker-5 - INFO - Tokenizing context file: 246009-v2.0.0-mixed
2025-05-29 11:39:35,088 - ForkPoolWorker-7 - INFO - Tokenizing context file: 239673-v2.0.0-mixed
2025-05-29 11:39:35,088 - ForkPoolWorker-3 - INFO - Tokenizing context file: 241837-v2.0.0-mixed
2025-05-29 11:39:35,088 - ForkPoolWorker-10 - INFO - Finished tokenizing 242911-v2.0.0-mixed: 6 centers, 22 frags.
2025-05-29 11:39:35,088 - ForkPoolWorker-8 - INFO - Finished tokenizing 501051-v1.0.0-bad: 1 centers, 3 frags.
2025-05-29 11:39:35,089 - ForkPoolWorker-1 - INFO - Finished tokenizing 242334-v2.0.0-mixed: 4 centers, 13 frags.
2025-05-29 11:39:35,089 - ForkPoolWorker-5 - INFO - Finished tokenizing 246009-v2.0.0-mixed: 4 centers, 9 frags.
2025-05-29 11:39:35,089 - ForkPoolWorker-2 - INFO - Finished tokenizing 501005-v1.0.0-bad: 0 centers, 0 frags.
2025-05-29 11:39:35,089 - ForkPoolWorker-7 - INFO - Finished tokenizing 239673-v2.0.0-mixed: 0 centers, 0 frags.
2025-05-29 11:39:35,089 - ForkPoolWorker-11 - INFO - Finished tokenizing 242687-v2.0.0-mixed: 6 centers, 26 frags.
2025-05-29 11:39:35,090 - ForkPoolWorker-6 - INFO - Finished tokenizing 241780-v2.0.0-mixed: 18 centers, 25 frags.
2025-05-29 11:39:35,090 - ForkPoolWorker-12 - INFO - Finished tokenizing 242635-v2.0.0-mixed: 7 centers, 23 frags.
2025-05-29 11:39:35,090 - ForkPoolWorker-4 - INFO - Finished tokenizing 242333-v2.0.0-mixed: 6 centers, 21 frags.
2025-05-29 11:39:35,091 - ForkPoolWorker-9 - INFO - Finished tokenizing 245165-v2.0.0-mixed: 3 centers, 8 frags.
2025-05-29 11:39:35,091 - ForkPoolWorker-3 - INFO - Finished tokenizing 241837-v2.0.0-mixed: 7 centers, 21 frags.
2025-05-29 11:39:35,092 - ForkPoolWorker-10 - INFO - Tokenizing context file: 243447-v2.0.0-mixed
2025-05-29 11:39:35,092 - ForkPoolWorker-8 - INFO - Tokenizing context file: 244849-v2.0.0-mixed
2025-05-29 11:39:35,092 - ForkPoolWorker-1 - INFO - Tokenizing context file: 248106-v2.0.0-mixed
2025-05-29 11:39:35,092 - ForkPoolWorker-5 - INFO - Tokenizing context file: 500935-v1.0.0-bad
2025-05-29 11:39:35,092 - ForkPoolWorker-2 - INFO - Tokenizing context file: 247727-v2.0.0-mixed
2025-05-29 11:39:35,092 - ForkPoolWorker-7 - INFO - Tokenizing context file: 242374-v2.0.0-mixed
2025-05-29 11:39:35,092 - ForkPoolWorker-11 - INFO - Tokenizing context file: 243575-v2.0.0-mixed
2025-05-29 11:39:35,093 - ForkPoolWorker-5 - INFO - Finished tokenizing 500935-v1.0.0-bad: 2 centers, 4 frags.
2025-05-29 11:39:35,093 - ForkPoolWorker-2 - INFO - Finished tokenizing 247727-v2.0.0-mixed: 1 centers, 5 frags.
2025-05-29 11:39:35,093 - ForkPoolWorker-10 - INFO - Finished tokenizing 243447-v2.0.0-mixed: 6 centers, 17 frags.
2025-05-29 11:39:35,093 - ForkPoolWorker-8 - INFO - Finished tokenizing 244849-v2.0.0-mixed: 2 centers, 6 frags.
2025-05-29 11:39:35,094 - ForkPoolWorker-6 - INFO - Tokenizing context file: 242544-v2.0.0-mixed
2025-05-29 11:39:35,094 - ForkPoolWorker-7 - INFO - Finished tokenizing 242374-v2.0.0-mixed: 4 centers, 16 frags.
2025-05-29 11:39:35,094 - ForkPoolWorker-1 - INFO - Finished tokenizing 248106-v2.0.0-mixed: 2 centers, 10 frags.
2025-05-29 11:39:35,094 - ForkPoolWorker-11 - INFO - Finished tokenizing 243575-v2.0.0-mixed: 4 centers, 17 frags.
2025-05-29 11:39:35,094 - ForkPoolWorker-1 - INFO - Tokenizing context file: 243851-v2.0.0-mixed
2025-05-29 11:39:35,094 - ForkPoolWorker-12 - INFO - Tokenizing context file: 500841-v1.0.0-bad
2025-05-29 11:39:35,094 - ForkPoolWorker-9 - INFO - Tokenizing context file: 241584-v2.0.0-mixed
2025-05-29 11:39:35,095 - ForkPoolWorker-3 - INFO - Tokenizing context file: 242641-v2.0.0-mixed
2025-05-29 11:39:35,095 - ForkPoolWorker-5 - INFO - Tokenizing context file: 242905-v2.0.0-mixed
2025-05-29 11:39:35,095 - ForkPoolWorker-2 - INFO - Tokenizing context file: 242580-v2.0.0-mixed
2025-05-29 11:39:35,095 - ForkPoolWorker-12 - INFO - Finished tokenizing 500841-v1.0.0-bad: 1 centers, 4 frags.
2025-05-29 11:39:35,095 - ForkPoolWorker-6 - INFO - Finished tokenizing 242544-v2.0.0-mixed: 4 centers, 14 frags.
2025-05-29 11:39:35,095 - ForkPoolWorker-1 - INFO - Finished tokenizing 243851-v2.0.0-mixed: 3 centers, 10 frags.
2025-05-29 11:39:35,095 - ForkPoolWorker-9 - INFO - Finished tokenizing 241584-v2.0.0-mixed: 2 centers, 7 frags.
2025-05-29 11:39:35,096 - ForkPoolWorker-5 - INFO - Finished tokenizing 242905-v2.0.0-mixed: 2 centers, 9 frags.
2025-05-29 11:39:35,096 - ForkPoolWorker-3 - INFO - Finished tokenizing 242641-v2.0.0-mixed: 1 centers, 2 frags.
2025-05-29 11:39:35,096 - ForkPoolWorker-10 - INFO - Tokenizing context file: 242097-v2.0.0-mixed
2025-05-29 11:39:35,096 - ForkPoolWorker-8 - INFO - Tokenizing context file: 242510-v2.0.0-mixed
2025-05-29 11:39:35,096 - ForkPoolWorker-7 - INFO - Tokenizing context file: 242122-v2.0.0-mixed
2025-05-29 11:39:35,096 - ForkPoolWorker-4 - INFO - Tokenizing context file: 246589-v2.0.0-mixed
2025-05-29 11:39:35,096 - ForkPoolWorker-11 - INFO - Tokenizing context file: 247301-v2.0.0-mixed
2025-05-29 11:39:35,096 - ForkPoolWorker-12 - INFO - Tokenizing context file: 242535-v2.0.0-mixed
2025-05-29 11:39:35,097 - ForkPoolWorker-10 - INFO - Finished tokenizing 242097-v2.0.0-mixed: 1 centers, 2 frags.
2025-05-29 11:39:35,097 - ForkPoolWorker-6 - INFO - Tokenizing context file: 241960-v2.0.0-mixed
2025-05-29 11:39:35,097 - ForkPoolWorker-1 - INFO - Tokenizing context file: 242289-v2.0.0-mixed
2025-05-29 11:39:35,097 - ForkPoolWorker-9 - INFO - Tokenizing context file: 243052-v2.0.0-mixed
2025-05-29 11:39:35,097 - ForkPoolWorker-2 - INFO - Finished tokenizing 242580-v2.0.0-mixed: 18 centers, 22 frags.
2025-05-29 11:39:35,097 - ForkPoolWorker-4 - INFO - Finished tokenizing 246589-v2.0.0-mixed: 2 centers, 8 frags.
2025-05-29 11:39:35,097 - ForkPoolWorker-7 - INFO - Finished tokenizing 242122-v2.0.0-mixed: 7 centers, 19 frags.
2025-05-29 11:39:35,097 - ForkPoolWorker-12 - INFO - Finished tokenizing 242535-v2.0.0-mixed: 4 centers, 13 frags.
2025-05-29 11:39:35,097 - ForkPoolWorker-11 - INFO - Finished tokenizing 247301-v2.0.0-mixed: 2 centers, 11 frags.
2025-05-29 11:39:35,098 - ForkPoolWorker-1 - INFO - Finished tokenizing 242289-v2.0.0-mixed: 1 centers, 2 frags.
2025-05-29 11:39:35,098 - ForkPoolWorker-8 - INFO - Finished tokenizing 242510-v2.0.0-mixed: 7 centers, 27 frags.
2025-05-29 11:39:35,098 - ForkPoolWorker-6 - INFO - Finished tokenizing 241960-v2.0.0-mixed: 4 centers, 10 frags.
2025-05-29 11:39:35,099 - ForkPoolWorker-9 - INFO - Finished tokenizing 243052-v2.0.0-mixed: 7 centers, 25 frags.
2025-05-29 11:39:35,100 - ForkPoolWorker-2 - INFO - Tokenizing context file: 247141-v2.0.0-mixed
2025-05-29 11:39:35,100 - ForkPoolWorker-3 - INFO - Tokenizing context file: 243054-v2.0.0-mixed
2025-05-29 11:39:35,100 - ForkPoolWorker-10 - INFO - Tokenizing context file: 1988-v1.0.0-good
2025-05-29 11:39:35,100 - ForkPoolWorker-4 - INFO - Tokenizing context file: 242348-v2.0.0-mixed
2025-05-29 11:39:35,100 - ForkPoolWorker-12 - INFO - Tokenizing context file: 1524-v1.0.0-bad
2025-05-29 11:39:35,100 - ForkPoolWorker-7 - INFO - Tokenizing context file: 246780-v2.0.0-mixed
2025-05-29 11:39:35,100 - ForkPoolWorker-11 - INFO - Tokenizing context file: 2040-v1.0.0-good
2025-05-29 11:39:35,101 - ForkPoolWorker-10 - INFO - Finished tokenizing 1988-v1.0.0-good: 1 centers, 3 frags.
2025-05-29 11:39:35,101 - ForkPoolWorker-5 - INFO - Tokenizing context file: 242879-v2.0.0-mixed
2025-05-29 11:39:35,101 - ForkPoolWorker-1 - INFO - Tokenizing context file: 247161-v2.0.0-mixed
2025-05-29 11:39:35,101 - ForkPoolWorker-10 - INFO - Tokenizing context file: 242020-v2.0.0-mixed
2025-05-29 11:39:35,101 - ForkPoolWorker-8 - INFO - Tokenizing context file: 242321-v2.0.0-mixed
2025-05-29 11:39:35,101 - ForkPoolWorker-12 - INFO - Finished tokenizing 1524-v1.0.0-bad: 2 centers, 3 frags.
2025-05-29 11:39:35,101 - ForkPoolWorker-12 - INFO - Tokenizing context file: 240604-v2.0.0-mixed
2025-05-29 11:39:35,101 - ForkPoolWorker-9 - INFO - Tokenizing context file: 242439-v2.0.0-mixed
2025-05-29 11:39:35,101 - ForkPoolWorker-6 - INFO - Tokenizing context file: 244885-v2.0.0-mixed
2025-05-29 11:39:35,102 - ForkPoolWorker-8 - INFO - Finished tokenizing 242321-v2.0.0-mixed: 1 centers, 2 frags.
2025-05-29 11:39:35,102 - ForkPoolWorker-3 - INFO - Finished tokenizing 243054-v2.0.0-mixed: 7 centers, 26 frags.
2025-05-29 11:39:35,102 - ForkPoolWorker-1 - INFO - Finished tokenizing 247161-v2.0.0-mixed: 2 centers, 10 frags.
2025-05-29 11:39:35,102 - ForkPoolWorker-11 - INFO - Finished tokenizing 2040-v1.0.0-good: 3 centers, 7 frags.
2025-05-29 11:39:35,102 - ForkPoolWorker-8 - INFO - Tokenizing context file: 242138-v2.0.0-mixed
2025-05-29 11:39:35,102 - ForkPoolWorker-1 - INFO - Tokenizing context file: 242890-v2.0.0-mixed
2025-05-29 11:39:35,102 - ForkPoolWorker-3 - INFO - Tokenizing context file: 247053-v2.0.0-mixed
2025-05-29 11:39:35,102 - ForkPoolWorker-11 - INFO - Tokenizing context file: 242923-v2.0.0-mixed
2025-05-29 11:39:35,102 - ForkPoolWorker-7 - INFO - Finished tokenizing 246780-v2.0.0-mixed: 2 centers, 9 frags.
2025-05-29 11:39:35,102 - ForkPoolWorker-7 - INFO - Tokenizing context file: 501027-v1.0.0-bad
2025-05-29 11:39:35,102 - ForkPoolWorker-2 - INFO - Finished tokenizing 247141-v2.0.0-mixed: 5 centers, 34 frags.
2025-05-29 11:39:35,103 - ForkPoolWorker-2 - INFO - Tokenizing context file: 240229-v2.0.0-mixed
2025-05-29 11:39:35,103 - ForkPoolWorker-4 - INFO - Finished tokenizing 242348-v2.0.0-mixed: 7 centers, 27 frags.
2025-05-29 11:39:35,103 - ForkPoolWorker-9 - INFO - Finished tokenizing 242439-v2.0.0-mixed: 4 centers, 13 frags.
2025-05-29 11:39:35,103 - ForkPoolWorker-4 - INFO - Tokenizing context file: 243458-v2.0.0-mixed
2025-05-29 11:39:35,103 - ForkPoolWorker-9 - INFO - Tokenizing context file: 234303-v2.0.0-mixed
2025-05-29 11:39:35,103 - ForkPoolWorker-3 - INFO - Finished tokenizing 247053-v2.0.0-mixed: 3 centers, 8 frags.
2025-05-29 11:39:35,103 - ForkPoolWorker-3 - INFO - Tokenizing context file: 242754-v2.0.0-mixed
2025-05-29 11:39:35,103 - ForkPoolWorker-7 - INFO - Finished tokenizing 501027-v1.0.0-bad: 1 centers, 4 frags.
2025-05-29 11:39:35,103 - ForkPoolWorker-7 - INFO - Tokenizing context file: 246362-v2.0.0-mixed
2025-05-29 11:39:35,103 - ForkPoolWorker-5 - INFO - Finished tokenizing 242879-v2.0.0-mixed: 6 centers, 26 frags.
2025-05-29 11:39:35,103 - ForkPoolWorker-2 - INFO - Finished tokenizing 240229-v2.0.0-mixed: 1 centers, 2 frags.
2025-05-29 11:39:35,103 - ForkPoolWorker-8 - INFO - Finished tokenizing 242138-v2.0.0-mixed: 6 centers, 21 frags.
2025-05-29 11:39:35,104 - ForkPoolWorker-11 - INFO - Finished tokenizing 242923-v2.0.0-mixed: 7 centers, 23 frags.
2025-05-29 11:39:35,104 - ForkPoolWorker-5 - INFO - Tokenizing context file: 243239-v2.0.0-mixed
2025-05-29 11:39:35,104 - ForkPoolWorker-2 - INFO - Tokenizing context file: 246065-v2.0.0-mixed
2025-05-29 11:39:35,104 - ForkPoolWorker-8 - INFO - Tokenizing context file: 242760-v2.0.0-mixed
2025-05-29 11:39:35,104 - ForkPoolWorker-11 - INFO - Tokenizing context file: 242090-v2.0.0-mixed
2025-05-29 11:39:35,104 - ForkPoolWorker-9 - INFO - Finished tokenizing 234303-v2.0.0-mixed: 3 centers, 8 frags.
2025-05-29 11:39:35,104 - ForkPoolWorker-9 - INFO - Tokenizing context file: 242134-v2.0.0-mixed
2025-05-29 11:39:35,104 - ForkPoolWorker-10 - INFO - Finished tokenizing 242020-v2.0.0-mixed: 5 centers, 21 frags.
2025-05-29 11:39:35,104 - ForkPoolWorker-10 - INFO - Tokenizing context file: 241718-v2.0.0-mixed
2025-05-29 11:39:35,104 - ForkPoolWorker-7 - INFO - Finished tokenizing 246362-v2.0.0-mixed: 3 centers, 8 frags.
2025-05-29 11:39:35,104 - ForkPoolWorker-6 - INFO - Finished tokenizing 244885-v2.0.0-mixed: 3 centers, 8 frags.
2025-05-29 11:39:35,105 - ForkPoolWorker-7 - INFO - Tokenizing context file: 243164-v2.0.0-mixed
2025-05-29 11:39:35,105 - ForkPoolWorker-3 - INFO - Finished tokenizing 242754-v2.0.0-mixed: 10 centers, 19 frags.
2025-05-29 11:39:35,105 - ForkPoolWorker-6 - INFO - Tokenizing context file: 239814-v2.0.0-mixed
2025-05-29 11:39:35,105 - ForkPoolWorker-3 - INFO - Tokenizing context file: 243277-v2.0.0-mixed
2025-05-29 11:39:35,105 - ForkPoolWorker-2 - INFO - Finished tokenizing 246065-v2.0.0-mixed: 3 centers, 9 frags.
2025-05-29 11:39:35,105 - ForkPoolWorker-8 - INFO - Finished tokenizing 242760-v2.0.0-mixed: 4 centers, 14 frags.
2025-05-29 11:39:35,105 - ForkPoolWorker-1 - INFO - Finished tokenizing 242890-v2.0.0-mixed: 7 centers, 19 frags.
2025-05-29 11:39:35,105 - ForkPoolWorker-2 - INFO - Tokenizing context file: 242858-v2.0.0-mixed
2025-05-29 11:39:35,105 - ForkPoolWorker-9 - INFO - Finished tokenizing 242134-v2.0.0-mixed: 2 centers, 9 frags.
2025-05-29 11:39:35,105 - ForkPoolWorker-1 - INFO - Tokenizing context file: 242174-v2.0.0-mixed
2025-05-29 11:39:35,105 - ForkPoolWorker-9 - INFO - Tokenizing context file: 243399-v2.0.0-mixed
2025-05-29 11:39:35,105 - ForkPoolWorker-10 - INFO - Finished tokenizing 241718-v2.0.0-mixed: 2 centers, 9 frags.
2025-05-29 11:39:35,105 - ForkPoolWorker-6 - INFO - Finished tokenizing 239814-v2.0.0-mixed: 0 centers, 0 frags.
2025-05-29 11:39:35,105 - ForkPoolWorker-12 - INFO - Finished tokenizing 240604-v2.0.0-mixed: 2 centers, 7 frags.
2025-05-29 11:39:35,105 - ForkPoolWorker-11 - INFO - Finished tokenizing 242090-v2.0.0-mixed: 7 centers, 21 frags.
2025-05-29 11:39:35,105 - ForkPoolWorker-6 - INFO - Tokenizing context file: 248198-v2.0.0-mixed
2025-05-29 11:39:35,105 - ForkPoolWorker-11 - INFO - Tokenizing context file: 242706-v2.0.0-mixed
2025-05-29 11:39:35,105 - ForkPoolWorker-10 - INFO - Tokenizing context file: 148827-v1.0.0-bad
2025-05-29 11:39:35,106 - ForkPoolWorker-12 - INFO - Tokenizing context file: 244185-v2.0.0-mixed
2025-05-29 11:39:35,106 - ForkPoolWorker-8 - INFO - Tokenizing context file: 248033-v2.0.0-mixed
2025-05-29 11:39:35,106 - ForkPoolWorker-7 - INFO - Finished tokenizing 243164-v2.0.0-mixed: 6 centers, 17 frags.
2025-05-29 11:39:35,106 - ForkPoolWorker-4 - INFO - Finished tokenizing 243458-v2.0.0-mixed: 6 centers, 23 frags.
2025-05-29 11:39:35,106 - ForkPoolWorker-7 - INFO - Tokenizing context file: 235087-v2.0.0-mixed
2025-05-29 11:39:35,106 - ForkPoolWorker-4 - INFO - Tokenizing context file: 242428-v2.0.0-mixed
2025-05-29 11:39:35,106 - ForkPoolWorker-5 - INFO - Finished tokenizing 243239-v2.0.0-mixed: 7 centers, 22 frags.
2025-05-29 11:39:35,106 - ForkPoolWorker-5 - INFO - Tokenizing context file: 243307-v2.0.0-mixed
2025-05-29 11:39:35,106 - ForkPoolWorker-2 - INFO - Finished tokenizing 242858-v2.0.0-mixed: 7 centers, 21 frags.
2025-05-29 11:39:35,106 - ForkPoolWorker-12 - INFO - Finished tokenizing 244185-v2.0.0-mixed: 2 centers, 8 frags.
2025-05-29 11:39:35,106 - ForkPoolWorker-1 - INFO - Finished tokenizing 242174-v2.0.0-mixed: 4 centers, 19 frags.
2025-05-29 11:39:35,107 - ForkPoolWorker-2 - INFO - Tokenizing context file: 240133-v2.0.0-mixed
2025-05-29 11:39:35,107 - ForkPoolWorker-12 - INFO - Tokenizing context file: 242148-v2.0.0-mixed
2025-05-29 11:39:35,107 - ForkPoolWorker-3 - INFO - Finished tokenizing 243277-v2.0.0-mixed: 7 centers, 27 frags.
2025-05-29 11:39:35,107 - ForkPoolWorker-1 - INFO - Tokenizing context file: 247473-v2.0.0-mixed
2025-05-29 11:39:35,107 - ForkPoolWorker-11 - INFO - Finished tokenizing 242706-v2.0.0-mixed: 1 centers, 2 frags.
2025-05-29 11:39:35,107 - ForkPoolWorker-9 - INFO - Finished tokenizing 243399-v2.0.0-mixed: 7 centers, 22 frags.
2025-05-29 11:39:35,107 - ForkPoolWorker-3 - INFO - Tokenizing context file: 242187-v2.0.0-mixed
2025-05-29 11:39:35,107 - ForkPoolWorker-11 - INFO - Tokenizing context file: 500943-v1.0.0-bad
2025-05-29 11:39:35,107 - ForkPoolWorker-9 - INFO - Tokenizing context file: 500757-v1.0.0-bad
2025-05-29 11:39:35,107 - ForkPoolWorker-7 - INFO - Finished tokenizing 235087-v2.0.0-mixed: 3 centers, 7 frags.
2025-05-29 11:39:35,107 - ForkPoolWorker-7 - INFO - Tokenizing context file: 242394-v2.0.0-mixed
2025-05-29 11:39:35,107 - ForkPoolWorker-2 - INFO - Finished tokenizing 240133-v2.0.0-mixed: 1 centers, 2 frags.
2025-05-29 11:39:35,107 - ForkPoolWorker-2 - INFO - Tokenizing context file: 243072-v2.0.0-mixed
2025-05-29 11:39:35,107 - ForkPoolWorker-4 - INFO - Finished tokenizing 242428-v2.0.0-mixed: 6 centers, 20 frags.
2025-05-29 11:39:35,107 - ForkPoolWorker-8 - INFO - Finished tokenizing 248033-v2.0.0-mixed: 3 centers, 8 frags.
2025-05-29 11:39:35,108 - ForkPoolWorker-5 - INFO - Finished tokenizing 243307-v2.0.0-mixed: 4 centers, 17 frags.
2025-05-29 11:39:35,108 - ForkPoolWorker-4 - INFO - Tokenizing context file: 241583-v2.0.0-mixed
2025-05-29 11:39:35,108 - ForkPoolWorker-5 - INFO - Tokenizing context file: 239604-v2.0.0-mixed
2025-05-29 11:39:35,108 - ForkPoolWorker-1 - INFO - Finished tokenizing 247473-v2.0.0-mixed: 5 centers, 13 frags.
2025-05-29 11:39:35,108 - ForkPoolWorker-8 - INFO - Tokenizing context file: 247869-v2.0.0-mixed
2025-05-29 11:39:35,108 - ForkPoolWorker-1 - INFO - Tokenizing context file: 242499-v2.0.0-mixed
2025-05-29 11:39:35,108 - ForkPoolWorker-6 - INFO - Finished tokenizing 248198-v2.0.0-mixed: 2 centers, 9 frags.
2025-05-29 11:39:35,108 - ForkPoolWorker-3 - INFO - Finished tokenizing 242187-v2.0.0-mixed: 7 centers, 25 frags.
2025-05-29 11:39:35,108 - ForkPoolWorker-3 - INFO - Tokenizing context file: 239804-v2.0.0-mixed
2025-05-29 11:39:35,108 - ForkPoolWorker-4 - INFO - Finished tokenizing 241583-v2.0.0-mixed: 2 centers, 7 frags.
2025-05-29 11:39:35,108 - ForkPoolWorker-12 - INFO - Finished tokenizing 242148-v2.0.0-mixed: 5 centers, 17 frags.
2025-05-29 11:39:35,109 - ForkPoolWorker-6 - INFO - Tokenizing context file: 248529-v2.0.0-mixed
2025-05-29 11:39:35,109 - ForkPoolWorker-12 - INFO - Tokenizing context file: 241764-v2.0.0-mixed
2025-05-29 11:39:35,109 - ForkPoolWorker-9 - INFO - Finished tokenizing 500757-v1.0.0-bad: 1 centers, 5 frags.
2025-05-29 11:39:35,109 - ForkPoolWorker-11 - INFO - Finished tokenizing 500943-v1.0.0-bad: 2 centers, 3 frags.
2025-05-29 11:39:35,109 - ForkPoolWorker-11 - INFO - Tokenizing context file: 234469-v2.0.0-mixed
2025-05-29 11:39:35,109 - ForkPoolWorker-9 - INFO - Tokenizing context file: 242725-v2.0.0-mixed
2025-05-29 11:39:35,109 - ForkPoolWorker-10 - INFO - Finished tokenizing 148827-v1.0.0-bad: 26 centers, 58 frags.
2025-05-29 11:39:35,109 - ForkPoolWorker-8 - INFO - Finished tokenizing 247869-v2.0.0-mixed: 2 centers, 10 frags.
2025-05-29 11:39:35,109 - ForkPoolWorker-10 - INFO - Tokenizing context file: 242308-v2.0.0-mixed
2025-05-29 11:39:35,109 - ForkPoolWorker-1 - INFO - Finished tokenizing 242499-v2.0.0-mixed: 4 centers, 15 frags.
2025-05-29 11:39:35,109 - ForkPoolWorker-8 - INFO - Tokenizing context file: 244093-v2.0.0-mixed
2025-05-29 11:39:35,110 - ForkPoolWorker-1 - INFO - Tokenizing context file: 235325-v2.0.0-mixed
2025-05-29 11:39:35,110 - ForkPoolWorker-2 - INFO - Finished tokenizing 243072-v2.0.0-mixed: 4 centers, 18 frags.
2025-05-29 11:39:35,110 - ForkPoolWorker-3 - INFO - Finished tokenizing 239804-v2.0.0-mixed: 4 centers, 15 frags.
2025-05-29 11:39:35,110 - ForkPoolWorker-2 - INFO - Tokenizing context file: 243479-v2.0.0-mixed
2025-05-29 11:39:35,110 - ForkPoolWorker-11 - INFO - Finished tokenizing 234469-v2.0.0-mixed: 1 centers, 4 frags.
2025-05-29 11:39:35,110 - ForkPoolWorker-3 - INFO - Tokenizing context file: 500779-v1.0.0-bad
2025-05-29 11:39:35,110 - ForkPoolWorker-4 - INFO - Tokenizing context file: 242906-v2.0.0-mixed
2025-05-29 11:39:35,110 - ForkPoolWorker-11 - INFO - Tokenizing context file: 500929-v1.0.0-bad
2025-05-29 11:39:35,110 - ForkPoolWorker-7 - INFO - Finished tokenizing 242394-v2.0.0-mixed: 6 centers, 28 frags.
2025-05-29 11:39:35,110 - ForkPoolWorker-12 - INFO - Finished tokenizing 241764-v2.0.0-mixed: 5 centers, 17 frags.
2025-05-29 11:39:35,110 - ForkPoolWorker-11 - INFO - Finished tokenizing 500929-v1.0.0-bad: 1 centers, 1 frags.
2025-05-29 11:39:35,110 - ForkPoolWorker-9 - INFO - Finished tokenizing 242725-v2.0.0-mixed: 7 centers, 21 frags.
2025-05-29 11:39:35,110 - ForkPoolWorker-7 - INFO - Tokenizing context file: 246293-v2.0.0-mixed
2025-05-29 11:39:35,110 - ForkPoolWorker-9 - INFO - Tokenizing context file: 243217-v2.0.0-mixed
2025-05-29 11:39:35,110 - ForkPoolWorker-11 - INFO - Tokenizing context file: 1956-v1.0.0-good
2025-05-29 11:39:35,111 - ForkPoolWorker-6 - INFO - Finished tokenizing 248529-v2.0.0-mixed: 3 centers, 11 frags.
2025-05-29 11:39:35,111 - ForkPoolWorker-12 - INFO - Tokenizing context file: 240705-v2.0.0-mixed
2025-05-29 11:39:35,111 - ForkPoolWorker-10 - INFO - Finished tokenizing 242308-v2.0.0-mixed: 5 centers, 21 frags.
2025-05-29 11:39:35,111 - ForkPoolWorker-10 - INFO - Tokenizing context file: 243506-v2.0.0-mixed
2025-05-29 11:39:35,111 - ForkPoolWorker-5 - INFO - Finished tokenizing 239604-v2.0.0-mixed: 7 centers, 27 frags.
2025-05-29 11:39:35,111 - ForkPoolWorker-6 - INFO - Tokenizing context file: 242363-v2.0.0-mixed
2025-05-29 11:39:35,111 - ForkPoolWorker-5 - INFO - Tokenizing context file: 242689-v2.0.0-mixed
2025-05-29 11:39:35,111 - ForkPoolWorker-4 - INFO - Finished tokenizing 242906-v2.0.0-mixed: 6 centers, 21 frags.
2025-05-29 11:39:35,111 - ForkPoolWorker-11 - INFO - Finished tokenizing 1956-v1.0.0-good: 2 centers, 9 frags.
2025-05-29 11:39:35,111 - ForkPoolWorker-2 - INFO - Finished tokenizing 243479-v2.0.0-mixed: 6 centers, 17 frags.
2025-05-29 11:39:35,111 - ForkPoolWorker-1 - INFO - Finished tokenizing 235325-v2.0.0-mixed: 9 centers, 27 frags.
2025-05-29 11:39:35,112 - ForkPoolWorker-11 - INFO - Tokenizing context file: 242883-v2.0.0-mixed
2025-05-29 11:39:35,112 - ForkPoolWorker-4 - INFO - Tokenizing context file: 243187-v2.0.0-mixed
2025-05-29 11:39:35,112 - ForkPoolWorker-9 - INFO - Finished tokenizing 243217-v2.0.0-mixed: 4 centers, 16 frags.
2025-05-29 11:39:35,112 - ForkPoolWorker-3 - INFO - Finished tokenizing 500779-v1.0.0-bad: 1 centers, 5 frags.
2025-05-29 11:39:35,112 - ForkPoolWorker-2 - INFO - Tokenizing context file: 243383-v2.0.0-mixed
2025-05-29 11:39:35,112 - ForkPoolWorker-1 - INFO - Tokenizing context file: 245153-v2.0.0-mixed
2025-05-29 11:39:35,112 - ForkPoolWorker-3 - INFO - Tokenizing context file: 500727-v1.0.0-bad
2025-05-29 11:39:35,112 - ForkPoolWorker-9 - INFO - Tokenizing context file: 243471-v2.0.0-mixed
2025-05-29 11:39:35,112 - ForkPoolWorker-8 - INFO - Finished tokenizing 244093-v2.0.0-mixed: 2 centers, 10 frags.
2025-05-29 11:39:35,112 - ForkPoolWorker-8 - INFO - Tokenizing context file: 500796-v1.0.0-bad
2025-05-29 11:39:35,112 - ForkPoolWorker-7 - INFO - Finished tokenizing 246293-v2.0.0-mixed: 6 centers, 15 frags.
2025-05-29 11:39:35,112 - ForkPoolWorker-7 - INFO - Tokenizing context file: 245129-v2.0.0-mixed
2025-05-29 11:39:35,112 - ForkPoolWorker-4 - INFO - Finished tokenizing 243187-v2.0.0-mixed: 1 centers, 2 frags.
2025-05-29 11:39:35,113 - ForkPoolWorker-4 - INFO - Tokenizing context file: 246389-v2.0.0-mixed
2025-05-29 11:39:35,113 - ForkPoolWorker-1 - INFO - Finished tokenizing 245153-v2.0.0-mixed: 3 centers, 8 frags.
2025-05-29 11:39:35,113 - ForkPoolWorker-1 - INFO - Tokenizing context file: 500844-v1.0.0-bad
2025-05-29 11:39:35,113 - ForkPoolWorker-11 - INFO - Finished tokenizing 242883-v2.0.0-mixed: 4 centers, 15 frags.
2025-05-29 11:39:35,113 - ForkPoolWorker-11 - INFO - Tokenizing context file: 242298-v2.0.0-mixed
2025-05-29 11:39:35,113 - ForkPoolWorker-6 - INFO - Finished tokenizing 242363-v2.0.0-mixed: 6 centers, 22 frags.
2025-05-29 11:39:35,113 - ForkPoolWorker-6 - INFO - Tokenizing context file: 242482-v2.0.0-mixed
2025-05-29 11:39:35,113 - ForkPoolWorker-10 - INFO - Finished tokenizing 243506-v2.0.0-mixed: 4 centers, 14 frags.
2025-05-29 11:39:35,113 - ForkPoolWorker-2 - INFO - Finished tokenizing 243383-v2.0.0-mixed: 6 centers, 17 frags.
2025-05-29 11:39:35,113 - ForkPoolWorker-10 - INFO - Tokenizing context file: 243033-v2.0.0-mixed
2025-05-29 11:39:35,113 - ForkPoolWorker-7 - INFO - Finished tokenizing 245129-v2.0.0-mixed: 2 centers, 8 frags.
2025-05-29 11:39:35,113 - ForkPoolWorker-1 - INFO - Finished tokenizing 500844-v1.0.0-bad: 1 centers, 5 frags.
2025-05-29 11:39:35,113 - ForkPoolWorker-9 - INFO - Finished tokenizing 243471-v2.0.0-mixed: 7 centers, 23 frags.
2025-05-29 11:39:35,114 - ForkPoolWorker-2 - INFO - Tokenizing context file: 247801-v2.0.0-mixed
2025-05-29 11:39:35,114 - ForkPoolWorker-7 - INFO - Tokenizing context file: 243188-v2.0.0-mixed
2025-05-29 11:39:35,114 - ForkPoolWorker-3 - INFO - Finished tokenizing 500727-v1.0.0-bad: 1 centers, 3 frags.
2025-05-29 11:39:35,114 - ForkPoolWorker-1 - INFO - Tokenizing context file: 248573-v2.0.0-mixed
2025-05-29 11:39:35,114 - ForkPoolWorker-3 - INFO - Tokenizing context file: 243028-v2.0.0-mixed
2025-05-29 11:39:35,114 - ForkPoolWorker-9 - INFO - Tokenizing context file: 246629-v2.0.0-mixed
2025-05-29 11:39:35,114 - ForkPoolWorker-4 - INFO - Finished tokenizing 246389-v2.0.0-mixed: 6 centers, 18 frags.
2025-05-29 11:39:35,114 - ForkPoolWorker-6 - INFO - Finished tokenizing 242482-v2.0.0-mixed: 1 centers, 2 frags.
2025-05-29 11:39:35,114 - ForkPoolWorker-4 - INFO - Tokenizing context file: 500984-v1.0.0-bad
2025-05-29 11:39:35,114 - ForkPoolWorker-7 - INFO - Finished tokenizing 243188-v2.0.0-mixed: 1 centers, 2 frags.
2025-05-29 11:39:35,114 - ForkPoolWorker-6 - INFO - Tokenizing context file: 245397-v2.0.0-mixed
2025-05-29 11:39:35,114 - ForkPoolWorker-10 - INFO - Finished tokenizing 243033-v2.0.0-mixed: 2 centers, 7 frags.
2025-05-29 11:39:35,114 - ForkPoolWorker-8 - INFO - Finished tokenizing 500796-v1.0.0-bad: 2 centers, 4 frags.
2025-05-29 11:39:35,114 - ForkPoolWorker-7 - INFO - Tokenizing context file: 500768-v1.0.0-bad
2025-05-29 11:39:35,114 - ForkPoolWorker-10 - INFO - Tokenizing context file: 245514-v2.0.0-mixed
2025-05-29 11:39:35,114 - ForkPoolWorker-8 - INFO - Tokenizing context file: 243481-v2.0.0-mixed
2025-05-29 11:39:35,115 - ForkPoolWorker-2 - INFO - Finished tokenizing 247801-v2.0.0-mixed: 3 centers, 7 frags.
2025-05-29 11:39:35,115 - ForkPoolWorker-2 - INFO - Tokenizing context file: 242323-v2.0.0-mixed
2025-05-29 11:39:35,115 - ForkPoolWorker-12 - INFO - Finished tokenizing 240705-v2.0.0-mixed: 28 centers, 42 frags.
2025-05-29 11:39:35,115 - ForkPoolWorker-12 - INFO - Tokenizing context file: 247401-v2.0.0-mixed
2025-05-29 11:39:35,115 - ForkPoolWorker-7 - INFO - Finished tokenizing 500768-v1.0.0-bad: 1 centers, 5 frags.
2025-05-29 11:39:35,115 - ForkPoolWorker-7 - INFO - Tokenizing context file: 243078-v2.0.0-mixed
2025-05-29 11:39:35,115 - ForkPoolWorker-10 - INFO - Finished tokenizing 245514-v2.0.0-mixed: 2 centers, 10 frags.
2025-05-29 11:39:35,116 - ForkPoolWorker-10 - INFO - Tokenizing context file: 500881-v1.0.0-bad
2025-05-29 11:39:35,116 - ForkPoolWorker-8 - INFO - Finished tokenizing 243481-v2.0.0-mixed: 2 centers, 6 frags.
2025-05-29 11:39:35,116 - ForkPoolWorker-8 - INFO - Tokenizing context file: 245884-v2.0.0-mixed
2025-05-29 11:39:35,116 - ForkPoolWorker-3 - INFO - Finished tokenizing 243028-v2.0.0-mixed: 18 centers, 25 frags.
2025-05-29 11:39:35,116 - ForkPoolWorker-6 - INFO - Finished tokenizing 245397-v2.0.0-mixed: 5 centers, 17 frags.
2025-05-29 11:39:35,116 - ForkPoolWorker-2 - INFO - Finished tokenizing 242323-v2.0.0-mixed: 4 centers, 14 frags.
2025-05-29 11:39:35,116 - ForkPoolWorker-4 - INFO - Finished tokenizing 500984-v1.0.0-bad: 1 centers, 7 frags.
2025-05-29 11:39:35,116 - ForkPoolWorker-3 - INFO - Tokenizing context file: 243350-v2.0.0-mixed
2025-05-29 11:39:35,116 - ForkPoolWorker-4 - INFO - Tokenizing context file: 242026-v2.0.0-mixed
2025-05-29 11:39:35,116 - ForkPoolWorker-6 - INFO - Tokenizing context file: 500836-v1.0.0-bad
2025-05-29 11:39:35,116 - ForkPoolWorker-2 - INFO - Tokenizing context file: 500968-v1.0.0-bad
2025-05-29 11:39:35,116 - ForkPoolWorker-11 - INFO - Finished tokenizing 242298-v2.0.0-mixed: 6 centers, 28 frags.
2025-05-29 11:39:35,116 - ForkPoolWorker-10 - INFO - Finished tokenizing 500881-v1.0.0-bad: 1 centers, 2 frags.
2025-05-29 11:39:35,116 - ForkPoolWorker-11 - INFO - Tokenizing context file: 1517-v1.0.0-bad
2025-05-29 11:39:35,116 - ForkPoolWorker-12 - INFO - Finished tokenizing 247401-v2.0.0-mixed: 2 centers, 11 frags.
2025-05-29 11:39:35,116 - ForkPoolWorker-10 - INFO - Tokenizing context file: 241858-v2.0.0-mixed
2025-05-29 11:39:35,117 - ForkPoolWorker-12 - INFO - Tokenizing context file: 500832-v1.0.0-bad
2025-05-29 11:39:35,117 - ForkPoolWorker-2 - INFO - Finished tokenizing 500968-v1.0.0-bad: 1 centers, 6 frags.
2025-05-29 11:39:35,117 - ForkPoolWorker-11 - INFO - Finished tokenizing 1517-v1.0.0-bad: 1 centers, 3 frags.
2025-05-29 11:39:35,117 - ForkPoolWorker-2 - INFO - Tokenizing context file: 248433-v2.0.0-mixed
2025-05-29 11:39:35,117 - ForkPoolWorker-11 - INFO - Tokenizing context file: 242832-v2.0.0-mixed
2025-05-29 11:39:35,117 - ForkPoolWorker-4 - INFO - Finished tokenizing 242026-v2.0.0-mixed: 7 centers, 19 frags.
2025-05-29 11:39:35,117 - ForkPoolWorker-5 - INFO - Finished tokenizing 242689-v2.0.0-mixed: 26 centers, 40 frags.
2025-05-29 11:39:35,117 - ForkPoolWorker-4 - INFO - Tokenizing context file: 234118-v2.0.0-mixed
2025-05-29 11:39:35,118 - ForkPoolWorker-5 - INFO - Tokenizing context file: 241826-v2.0.0-mixed
2025-05-29 11:39:35,118 - ForkPoolWorker-10 - INFO - Finished tokenizing 241858-v2.0.0-mixed: 10 centers, 19 frags.
2025-05-29 11:39:35,118 - ForkPoolWorker-8 - INFO - Finished tokenizing 245884-v2.0.0-mixed: 2 centers, 9 frags.
2025-05-29 11:39:35,118 - ForkPoolWorker-3 - INFO - Finished tokenizing 243350-v2.0.0-mixed: 18 centers, 25 frags.
2025-05-29 11:39:35,118 - ForkPoolWorker-2 - INFO - Finished tokenizing 248433-v2.0.0-mixed: 2 centers, 8 frags.
2025-05-29 11:39:35,118 - ForkPoolWorker-10 - INFO - Tokenizing context file: 244029-v2.0.0-mixed
2025-05-29 11:39:35,118 - ForkPoolWorker-2 - INFO - Tokenizing context file: 243291-v2.0.0-mixed
2025-05-29 11:39:35,118 - ForkPoolWorker-3 - INFO - Tokenizing context file: 247254-v2.0.0-mixed
2025-05-29 11:39:35,118 - ForkPoolWorker-7 - INFO - Finished tokenizing 243078-v2.0.0-mixed: 6 centers, 23 frags.
2025-05-29 11:39:35,118 - ForkPoolWorker-6 - INFO - Finished tokenizing 500836-v1.0.0-bad: 1 centers, 4 frags.
2025-05-29 11:39:35,118 - ForkPoolWorker-11 - INFO - Finished tokenizing 242832-v2.0.0-mixed: 4 centers, 14 frags.
2025-05-29 11:39:35,118 - ForkPoolWorker-7 - INFO - Tokenizing context file: 243036-v2.0.0-mixed
2025-05-29 11:39:35,118 - ForkPoolWorker-9 - INFO - Finished tokenizing 246629-v2.0.0-mixed: 3 centers, 8 frags.
2025-05-29 11:39:35,118 - ForkPoolWorker-11 - INFO - Tokenizing context file: 243050-v2.0.0-mixed
2025-05-29 11:39:35,118 - ForkPoolWorker-6 - INFO - Tokenizing context file: 245172-v2.0.0-mixed
2025-05-29 11:39:35,118 - ForkPoolWorker-9 - INFO - Tokenizing context file: 238900-v2.0.0-mixed
2025-05-29 11:39:35,119 - ForkPoolWorker-8 - INFO - Tokenizing context file: 242663-v2.0.0-mixed
2025-05-29 11:39:35,119 - ForkPoolWorker-12 - INFO - Finished tokenizing 500832-v1.0.0-bad: 2 centers, 13 frags.
2025-05-29 11:39:35,119 - ForkPoolWorker-2 - INFO - Finished tokenizing 243291-v2.0.0-mixed: 2 centers, 6 frags.
2025-05-29 11:39:35,119 - ForkPoolWorker-3 - INFO - Finished tokenizing 247254-v2.0.0-mixed: 2 centers, 9 frags.
2025-05-29 11:39:35,119 - ForkPoolWorker-2 - INFO - Tokenizing context file: 242715-v2.0.0-mixed
2025-05-29 11:39:35,119 - ForkPoolWorker-1 - INFO - Finished tokenizing 248573-v2.0.0-mixed: 2 centers, 8 frags.
2025-05-29 11:39:35,119 - ForkPoolWorker-4 - INFO - Finished tokenizing 234118-v2.0.0-mixed: 6 centers, 30 frags.
2025-05-29 11:39:35,119 - ForkPoolWorker-3 - INFO - Tokenizing context file: 247063-v2.0.0-mixed
2025-05-29 11:39:35,119 - ForkPoolWorker-12 - INFO - Tokenizing context file: 243460-v2.0.0-mixed
2025-05-29 11:39:35,119 - ForkPoolWorker-1 - INFO - Tokenizing context file: 501042-v1.0.0-bad
2025-05-29 11:39:35,119 - ForkPoolWorker-4 - INFO - Tokenizing context file: 242759-v2.0.0-mixed
2025-05-29 11:39:35,120 - ForkPoolWorker-6 - INFO - Finished tokenizing 245172-v2.0.0-mixed: 2 centers, 8 frags.
2025-05-29 11:39:35,120 - ForkPoolWorker-8 - INFO - Finished tokenizing 242663-v2.0.0-mixed: 4 centers, 16 frags.
2025-05-29 11:39:35,120 - ForkPoolWorker-6 - INFO - Tokenizing context file: 243533-v2.0.0-mixed
2025-05-29 11:39:35,120 - ForkPoolWorker-8 - INFO - Tokenizing context file: 242548-v2.0.0-mixed
2025-05-29 11:39:35,120 - ForkPoolWorker-10 - INFO - Finished tokenizing 244029-v2.0.0-mixed: 6 centers, 18 frags.
2025-05-29 11:39:35,120 - ForkPoolWorker-3 - INFO - Finished tokenizing 247063-v2.0.0-mixed: 1 centers, 5 frags.
2025-05-29 11:39:35,120 - ForkPoolWorker-9 - INFO - Finished tokenizing 238900-v2.0.0-mixed: 3 centers, 7 frags.
2025-05-29 11:39:35,120 - ForkPoolWorker-3 - INFO - Tokenizing context file: 242611-v2.0.0-mixed
2025-05-29 11:39:35,120 - ForkPoolWorker-10 - INFO - Tokenizing context file: 247303-v2.0.0-mixed
2025-05-29 11:39:35,120 - ForkPoolWorker-9 - INFO - Tokenizing context file: 242210-v2.0.0-mixed
2025-05-29 11:39:35,120 - ForkPoolWorker-7 - INFO - Finished tokenizing 243036-v2.0.0-mixed: 6 centers, 22 frags.
2025-05-29 11:39:35,120 - ForkPoolWorker-7 - INFO - Tokenizing context file: 242483-v2.0.0-mixed
2025-05-29 11:39:35,121 - ForkPoolWorker-4 - INFO - Finished tokenizing 242759-v2.0.0-mixed: 4 centers, 16 frags.
2025-05-29 11:39:35,121 - ForkPoolWorker-2 - INFO - Finished tokenizing 242715-v2.0.0-mixed: 6 centers, 20 frags.
2025-05-29 11:39:35,121 - ForkPoolWorker-4 - INFO - Tokenizing context file: 246997-v2.0.0-mixed
2025-05-29 11:39:35,121 - ForkPoolWorker-2 - INFO - Tokenizing context file: 242306-v2.0.0-mixed
2025-05-29 11:39:35,121 - ForkPoolWorker-12 - INFO - Finished tokenizing 243460-v2.0.0-mixed: 10 centers, 22 frags.
2025-05-29 11:39:35,121 - ForkPoolWorker-12 - INFO - Tokenizing context file: 241884-v2.0.0-mixed
2025-05-29 11:39:35,121 - ForkPoolWorker-3 - INFO - Finished tokenizing 242611-v2.0.0-mixed: 4 centers, 14 frags.
2025-05-29 11:39:35,121 - ForkPoolWorker-3 - INFO - Tokenizing context file: 243134-v2.0.0-mixed
2025-05-29 11:39:35,121 - ForkPoolWorker-1 - INFO - Finished tokenizing 501042-v1.0.0-bad: 1 centers, 5 frags.
2025-05-29 11:39:35,121 - ForkPoolWorker-6 - INFO - Finished tokenizing 243533-v2.0.0-mixed: 6 centers, 13 frags.
2025-05-29 11:39:35,122 - ForkPoolWorker-11 - INFO - Finished tokenizing 243050-v2.0.0-mixed: 7 centers, 21 frags.
2025-05-29 11:39:35,122 - ForkPoolWorker-1 - INFO - Tokenizing context file: 242160-v2.0.0-mixed
2025-05-29 11:39:35,122 - ForkPoolWorker-7 - INFO - Finished tokenizing 242483-v2.0.0-mixed: 4 centers, 14 frags.
2025-05-29 11:39:35,122 - ForkPoolWorker-5 - INFO - Finished tokenizing 241826-v2.0.0-mixed: 10 centers, 21 frags.
2025-05-29 11:39:35,122 - ForkPoolWorker-11 - INFO - Tokenizing context file: 242971-v2.0.0-mixed
2025-05-29 11:39:35,122 - ForkPoolWorker-7 - INFO - Tokenizing context file: 244801-v2.0.0-mixed
2025-05-29 11:39:35,122 - ForkPoolWorker-6 - INFO - Tokenizing context file: 240874-v2.0.0-mixed
2025-05-29 11:39:35,122 - ForkPoolWorker-5 - INFO - Tokenizing context file: 242470-v2.0.0-mixed
2025-05-29 11:39:35,122 - ForkPoolWorker-4 - INFO - Finished tokenizing 246997-v2.0.0-mixed: 3 centers, 9 frags.
2025-05-29 11:39:35,122 - ForkPoolWorker-2 - INFO - Finished tokenizing 242306-v2.0.0-mixed: 10 centers, 21 frags.
2025-05-29 11:39:35,122 - ForkPoolWorker-8 - INFO - Finished tokenizing 242548-v2.0.0-mixed: 18 centers, 25 frags.
2025-05-29 11:39:35,122 - ForkPoolWorker-10 - INFO - Finished tokenizing 247303-v2.0.0-mixed: 1 centers, 7 frags.
2025-05-29 11:39:35,122 - ForkPoolWorker-4 - INFO - Tokenizing context file: 243259-v2.0.0-mixed
2025-05-29 11:39:35,122 - ForkPoolWorker-8 - INFO - Tokenizing context file: 2035-v1.0.0-good
2025-05-29 11:39:35,122 - ForkPoolWorker-10 - INFO - Tokenizing context file: 239968-v2.0.0-mixed
2025-05-29 11:39:35,123 - ForkPoolWorker-7 - INFO - Finished tokenizing 244801-v2.0.0-mixed: 2 centers, 10 frags.
2025-05-29 11:39:35,123 - ForkPoolWorker-2 - INFO - Tokenizing context file: 245464-v2.0.0-mixed
2025-05-29 11:39:35,123 - ForkPoolWorker-1 - INFO - Finished tokenizing 242160-v2.0.0-mixed: 4 centers, 14 frags.
2025-05-29 11:39:35,123 - ForkPoolWorker-7 - INFO - Tokenizing context file: 500959-v1.0.0-bad
2025-05-29 11:39:35,123 - ForkPoolWorker-12 - INFO - Finished tokenizing 241884-v2.0.0-mixed: 6 centers, 22 frags.
2025-05-29 11:39:35,123 - ForkPoolWorker-1 - INFO - Tokenizing context file: 242540-v2.0.0-mixed
2025-05-29 11:39:35,123 - ForkPoolWorker-12 - INFO - Tokenizing context file: 244565-v2.0.0-mixed
2025-05-29 11:39:35,123 - ForkPoolWorker-5 - INFO - Finished tokenizing 242470-v2.0.0-mixed: 4 centers, 16 frags.
2025-05-29 11:39:35,123 - ForkPoolWorker-9 - INFO - Finished tokenizing 242210-v2.0.0-mixed: 10 centers, 21 frags.
2025-05-29 11:39:35,123 - ForkPoolWorker-4 - INFO - Finished tokenizing 243259-v2.0.0-mixed: 2 centers, 6 frags.
2025-05-29 11:39:35,123 - ForkPoolWorker-8 - INFO - Finished tokenizing 2035-v1.0.0-good: 1 centers, 4 frags.
2025-05-29 11:39:35,123 - ForkPoolWorker-5 - INFO - Tokenizing context file: 500797-v1.0.0-bad
2025-05-29 11:39:35,123 - ForkPoolWorker-9 - INFO - Tokenizing context file: 242492-v2.0.0-mixed
2025-05-29 11:39:35,123 - ForkPoolWorker-11 - INFO - Finished tokenizing 242971-v2.0.0-mixed: 6 centers, 24 frags.
2025-05-29 11:39:35,123 - ForkPoolWorker-8 - INFO - Tokenizing context file: 245541-v2.0.0-mixed
2025-05-29 11:39:35,123 - ForkPoolWorker-4 - INFO - Tokenizing context file: 243466-v2.0.0-mixed
2025-05-29 11:39:35,123 - ForkPoolWorker-2 - INFO - Finished tokenizing 245464-v2.0.0-mixed: 1 centers, 7 frags.
2025-05-29 11:39:35,123 - ForkPoolWorker-11 - INFO - Tokenizing context file: 500960-v1.0.0-bad
2025-05-29 11:39:35,123 - ForkPoolWorker-7 - INFO - Finished tokenizing 500959-v1.0.0-bad: 1 centers, 4 frags.
2025-05-29 11:39:35,124 - ForkPoolWorker-2 - INFO - Tokenizing context file: 243395-v2.0.0-mixed
2025-05-29 11:39:35,124 - ForkPoolWorker-7 - INFO - Tokenizing context file: 240802-v2.0.0-mixed
2025-05-29 11:39:35,124 - ForkPoolWorker-5 - INFO - Finished tokenizing 500797-v1.0.0-bad: 1 centers, 4 frags.
2025-05-29 11:39:35,124 - ForkPoolWorker-11 - INFO - Finished tokenizing 500960-v1.0.0-bad: 1 centers, 1 frags.
2025-05-29 11:39:35,124 - ForkPoolWorker-5 - INFO - Tokenizing context file: 242938-v2.0.0-mixed
2025-05-29 11:39:35,124 - ForkPoolWorker-11 - INFO - Tokenizing context file: 242229-v2.0.0-mixed
2025-05-29 11:39:35,124 - ForkPoolWorker-7 - INFO - Finished tokenizing 240802-v2.0.0-mixed: 1 centers, 2 frags.
2025-05-29 11:39:35,124 - ForkPoolWorker-7 - INFO - Tokenizing context file: 241833-v2.0.0-mixed
2025-05-29 11:39:35,124 - ForkPoolWorker-8 - INFO - Finished tokenizing 245541-v2.0.0-mixed: 5 centers, 12 frags.
2025-05-29 11:39:35,124 - ForkPoolWorker-8 - INFO - Tokenizing context file: 500789-v1.0.0-bad
2025-05-29 11:39:35,124 - ForkPoolWorker-1 - INFO - Finished tokenizing 242540-v2.0.0-mixed: 7 centers, 27 frags.
2025-05-29 11:39:35,125 - ForkPoolWorker-3 - INFO - Finished tokenizing 243134-v2.0.0-mixed: 6 centers, 27 frags.
2025-05-29 11:39:35,125 - ForkPoolWorker-1 - INFO - Tokenizing context file: 246452-v2.0.0-mixed
2025-05-29 11:39:35,125 - ForkPoolWorker-6 - INFO - Finished tokenizing 240874-v2.0.0-mixed: 6 centers, 21 frags.
2025-05-29 11:39:35,125 - ForkPoolWorker-9 - INFO - Finished tokenizing 242492-v2.0.0-mixed: 6 centers, 24 frags.
2025-05-29 11:39:35,125 - ForkPoolWorker-3 - INFO - Tokenizing context file: 237346-v2.0.0-mixed
2025-05-29 11:39:35,125 - ForkPoolWorker-6 - INFO - Tokenizing context file: 242854-v2.0.0-mixed
2025-05-29 11:39:35,125 - ForkPoolWorker-9 - INFO - Tokenizing context file: 242240-v2.0.0-mixed
2025-05-29 11:39:35,125 - ForkPoolWorker-4 - INFO - Finished tokenizing 243466-v2.0.0-mixed: 4 centers, 14 frags.
2025-05-29 11:39:35,125 - ForkPoolWorker-4 - INFO - Tokenizing context file: 247916-v2.0.0-mixed
2025-05-29 11:39:35,125 - ForkPoolWorker-8 - INFO - Finished tokenizing 500789-v1.0.0-bad: 1 centers, 4 frags.
2025-05-29 11:39:35,125 - ForkPoolWorker-8 - INFO - Tokenizing context file: 242106-v2.0.0-mixed
2025-05-29 11:39:35,125 - ForkPoolWorker-10 - INFO - Finished tokenizing 239968-v2.0.0-mixed: 7 centers, 27 frags.
2025-05-29 11:39:35,125 - ForkPoolWorker-7 - INFO - Finished tokenizing 241833-v2.0.0-mixed: 4 centers, 13 frags.
2025-05-29 11:39:35,125 - ForkPoolWorker-7 - INFO - Tokenizing context file: 247354-v2.0.0-mixed
2025-05-29 11:39:35,125 - ForkPoolWorker-10 - INFO - Tokenizing context file: 235660-v2.0.0-mixed
2025-05-29 11:39:35,126 - ForkPoolWorker-1 - INFO - Finished tokenizing 246452-v2.0.0-mixed: 2 centers, 10 frags.
2025-05-29 11:39:35,126 - ForkPoolWorker-12 - INFO - Finished tokenizing 244565-v2.0.0-mixed: 2 centers, 10 frags.
2025-05-29 11:39:35,126 - ForkPoolWorker-11 - INFO - Finished tokenizing 242229-v2.0.0-mixed: 6 centers, 20 frags.
2025-05-29 11:39:35,126 - ForkPoolWorker-12 - INFO - Tokenizing context file: 500948-v1.0.0-bad
2025-05-29 11:39:35,126 - ForkPoolWorker-1 - INFO - Tokenizing context file: 235030-v2.0.0-mixed
2025-05-29 11:39:35,126 - ForkPoolWorker-11 - INFO - Tokenizing context file: 242524-v2.0.0-mixed
2025-05-29 11:39:35,126 - ForkPoolWorker-2 - INFO - Finished tokenizing 243395-v2.0.0-mixed: 26 centers, 42 frags.
2025-05-29 11:39:35,126 - ForkPoolWorker-3 - INFO - Finished tokenizing 237346-v2.0.0-mixed: 1 centers, 5 frags.
2025-05-29 11:39:35,126 - ForkPoolWorker-4 - INFO - Finished tokenizing 247916-v2.0.0-mixed: 2 centers, 8 frags.
2025-05-29 11:39:35,126 - ForkPoolWorker-3 - INFO - Tokenizing context file: 242320-v2.0.0-mixed
2025-05-29 11:39:35,126 - ForkPoolWorker-4 - INFO - Tokenizing context file: 500866-v1.0.0-bad
2025-05-29 11:39:35,126 - ForkPoolWorker-9 - INFO - Finished tokenizing 242240-v2.0.0-mixed: 6 centers, 22 frags.
2025-05-29 11:39:35,126 - ForkPoolWorker-12 - INFO - Finished tokenizing 500948-v1.0.0-bad: 1 centers, 2 frags.
2025-05-29 11:39:35,126 - ForkPoolWorker-1 - INFO - Finished tokenizing 235030-v2.0.0-mixed: 1 centers, 3 frags.
2025-05-29 11:39:35,126 - ForkPoolWorker-2 - INFO - Tokenizing context file: 243150-v2.0.0-mixed
2025-05-29 11:39:35,127 - ForkPoolWorker-12 - INFO - Tokenizing context file: 248285-v2.0.0-mixed
2025-05-29 11:39:35,127 - ForkPoolWorker-6 - INFO - Finished tokenizing 242854-v2.0.0-mixed: 4 centers, 16 frags.
2025-05-29 11:39:35,127 - ForkPoolWorker-9 - INFO - Tokenizing context file: 241646-v2.0.0-mixed
2025-05-29 11:39:35,127 - ForkPoolWorker-10 - INFO - Finished tokenizing 235660-v2.0.0-mixed: 3 centers, 15 frags.
2025-05-29 11:39:35,127 - ForkPoolWorker-1 - INFO - Tokenizing context file: 247041-v2.0.0-mixed
2025-05-29 11:39:35,127 - ForkPoolWorker-6 - INFO - Tokenizing context file: 245781-v2.0.0-mixed
2025-05-29 11:39:35,127 - ForkPoolWorker-10 - INFO - Tokenizing context file: 248342-v2.0.0-mixed
2025-05-29 11:39:35,127 - ForkPoolWorker-5 - INFO - Finished tokenizing 242938-v2.0.0-mixed: 6 centers, 36 frags.
2025-05-29 11:39:35,127 - ForkPoolWorker-5 - INFO - Tokenizing context file: 235129-v2.0.0-mixed
2025-05-29 11:39:35,127 - ForkPoolWorker-7 - INFO - Finished tokenizing 247354-v2.0.0-mixed: 2 centers, 11 frags.
2025-05-29 11:39:35,127 - ForkPoolWorker-9 - INFO - Finished tokenizing 241646-v2.0.0-mixed: 1 centers, 4 frags.
2025-05-29 11:39:35,127 - ForkPoolWorker-7 - INFO - Tokenizing context file: 242734-v2.0.0-mixed
2025-05-29 11:39:35,127 - ForkPoolWorker-4 - INFO - Finished tokenizing 500866-v1.0.0-bad: 1 centers, 3 frags.
2025-05-29 11:39:35,127 - ForkPoolWorker-9 - INFO - Tokenizing context file: 245364-v2.0.0-mixed
2025-05-29 11:39:35,127 - ForkPoolWorker-4 - INFO - Tokenizing context file: 242127-v2.0.0-mixed
2025-05-29 11:39:35,127 - ForkPoolWorker-11 - INFO - Finished tokenizing 242524-v2.0.0-mixed: 6 centers, 20 frags.
2025-05-29 11:39:35,127 - ForkPoolWorker-3 - INFO - Finished tokenizing 242320-v2.0.0-mixed: 4 centers, 14 frags.
2025-05-29 11:39:35,127 - ForkPoolWorker-11 - INFO - Tokenizing context file: 242739-v2.0.0-mixed
2025-05-29 11:39:35,128 - ForkPoolWorker-3 - INFO - Tokenizing context file: 242639-v2.0.0-mixed
2025-05-29 11:39:35,128 - ForkPoolWorker-8 - INFO - Finished tokenizing 242106-v2.0.0-mixed: 6 centers, 28 frags.
2025-05-29 11:39:35,128 - ForkPoolWorker-8 - INFO - Tokenizing context file: 234926-v2.0.0-mixed
2025-05-29 11:39:35,128 - ForkPoolWorker-6 - INFO - Finished tokenizing 245781-v2.0.0-mixed: 3 centers, 8 frags.
2025-05-29 11:39:35,128 - ForkPoolWorker-6 - INFO - Tokenizing context file: 244925-v2.0.0-mixed
2025-05-29 11:39:35,129 - ForkPoolWorker-12 - INFO - Finished tokenizing 248285-v2.0.0-mixed: 3 centers, 11 frags.
2025-05-29 11:39:35,129 - ForkPoolWorker-12 - INFO - Tokenizing context file: 242012-v2.0.0-mixed
2025-05-29 11:39:35,129 - ForkPoolWorker-7 - INFO - Finished tokenizing 242734-v2.0.0-mixed: 7 centers, 27 frags.
2025-05-29 11:39:35,129 - ForkPoolWorker-4 - INFO - Finished tokenizing 242127-v2.0.0-mixed: 4 centers, 16 frags.
2025-05-29 11:39:35,129 - ForkPoolWorker-7 - INFO - Tokenizing context file: 242419-v2.0.0-mixed
2025-05-29 11:39:35,129 - ForkPoolWorker-10 - INFO - Finished tokenizing 248342-v2.0.0-mixed: 2 centers, 10 frags.
2025-05-29 11:39:35,129 - ForkPoolWorker-2 - INFO - Finished tokenizing 243150-v2.0.0-mixed: 7 centers, 26 frags.
2025-05-29 11:39:35,129 - ForkPoolWorker-3 - INFO - Finished tokenizing 242639-v2.0.0-mixed: 4 centers, 16 frags.
2025-05-29 11:39:35,129 - ForkPoolWorker-4 - INFO - Tokenizing context file: 1975-v1.0.0-bad
2025-05-29 11:39:35,130 - ForkPoolWorker-10 - INFO - Tokenizing context file: 243223-v2.0.0-mixed
2025-05-29 11:39:35,130 - ForkPoolWorker-3 - INFO - Tokenizing context file: 244701-v2.0.0-mixed
2025-05-29 11:39:35,130 - ForkPoolWorker-1 - INFO - Finished tokenizing 247041-v2.0.0-mixed: 3 centers, 9 frags.
2025-05-29 11:39:35,130 - ForkPoolWorker-8 - INFO - Finished tokenizing 234926-v2.0.0-mixed: 5 centers, 11 frags.
2025-05-29 11:39:35,130 - ForkPoolWorker-2 - INFO - Tokenizing context file: 242989-v2.0.0-mixed
2025-05-29 11:39:35,130 - ForkPoolWorker-8 - INFO - Tokenizing context file: 242193-v2.0.0-mixed
2025-05-29 11:39:35,130 - ForkPoolWorker-1 - INFO - Tokenizing context file: 242520-v2.0.0-mixed
2025-05-29 11:39:35,130 - ForkPoolWorker-5 - INFO - Finished tokenizing 235129-v2.0.0-mixed: 1 centers, 3 frags.
2025-05-29 11:39:35,130 - ForkPoolWorker-5 - INFO - Tokenizing context file: 247717-v2.0.0-mixed
2025-05-29 11:39:35,130 - ForkPoolWorker-11 - INFO - Finished tokenizing 242739-v2.0.0-mixed: 4 centers, 18 frags.
2025-05-29 11:39:35,131 - ForkPoolWorker-12 - INFO - Finished tokenizing 242012-v2.0.0-mixed: 6 centers, 24 frags.
2025-05-29 11:39:35,131 - ForkPoolWorker-7 - INFO - Finished tokenizing 242419-v2.0.0-mixed: 4 centers, 14 frags.
2025-05-29 11:39:35,131 - ForkPoolWorker-8 - INFO - Finished tokenizing 242193-v2.0.0-mixed: 1 centers, 2 frags.
2025-05-29 11:39:35,131 - ForkPoolWorker-4 - INFO - Finished tokenizing 1975-v1.0.0-bad: 2 centers, 6 frags.
2025-05-29 11:39:35,131 - ForkPoolWorker-12 - INFO - Tokenizing context file: 234125-v2.0.0-mixed
2025-05-29 11:39:35,131 - ForkPoolWorker-7 - INFO - Tokenizing context file: 2052-v1.0.0-good
2025-05-29 11:39:35,131 - ForkPoolWorker-8 - INFO - Tokenizing context file: 246097-v2.0.0-mixed
2025-05-29 11:39:35,131 - ForkPoolWorker-11 - INFO - Tokenizing context file: 243354-v2.0.0-mixed
2025-05-29 11:39:35,131 - ForkPoolWorker-4 - INFO - Tokenizing context file: 247633-v2.0.0-mixed
2025-05-29 11:39:35,131 - ForkPoolWorker-3 - INFO - Finished tokenizing 244701-v2.0.0-mixed: 2 centers, 8 frags.
2025-05-29 11:39:35,131 - ForkPoolWorker-6 - INFO - Finished tokenizing 244925-v2.0.0-mixed: 5 centers, 34 frags.
2025-05-29 11:39:35,131 - ForkPoolWorker-3 - INFO - Tokenizing context file: 235619-v2.0.0-mixed
2025-05-29 11:39:35,131 - ForkPoolWorker-10 - INFO - Finished tokenizing 243223-v2.0.0-mixed: 6 centers, 17 frags.
2025-05-29 11:39:35,131 - ForkPoolWorker-6 - INFO - Tokenizing context file: 148821-v1.0.0-bad
2025-05-29 11:39:35,131 - ForkPoolWorker-10 - INFO - Tokenizing context file: 242506-v2.0.0-mixed
2025-05-29 11:39:35,131 - ForkPoolWorker-2 - INFO - Finished tokenizing 242989-v2.0.0-mixed: 7 centers, 21 frags.
2025-05-29 11:39:35,132 - ForkPoolWorker-2 - INFO - Tokenizing context file: 240230-v2.0.0-mixed
2025-05-29 11:39:35,132 - ForkPoolWorker-5 - INFO - Finished tokenizing 247717-v2.0.0-mixed: 3 centers, 8 frags.
2025-05-29 11:39:35,132 - ForkPoolWorker-11 - INFO - Finished tokenizing 243354-v2.0.0-mixed: 2 centers, 6 frags.
2025-05-29 11:39:35,132 - ForkPoolWorker-5 - INFO - Tokenizing context file: 235096-v2.0.0-mixed
2025-05-29 11:39:35,132 - ForkPoolWorker-1 - INFO - Finished tokenizing 242520-v2.0.0-mixed: 2 centers, 9 frags.
2025-05-29 11:39:35,132 - ForkPoolWorker-11 - INFO - Tokenizing context file: 243793-v2.0.0-mixed
2025-05-29 11:39:35,132 - ForkPoolWorker-1 - INFO - Tokenizing context file: 244877-v2.0.0-mixed
2025-05-29 11:39:35,132 - ForkPoolWorker-9 - INFO - Finished tokenizing 245364-v2.0.0-mixed: 2 centers, 9 frags.
2025-05-29 11:39:35,132 - ForkPoolWorker-8 - INFO - Finished tokenizing 246097-v2.0.0-mixed: 4 centers, 10 frags.
2025-05-29 11:39:35,132 - ForkPoolWorker-9 - INFO - Tokenizing context file: 235031-v2.0.0-mixed
2025-05-29 11:39:35,132 - ForkPoolWorker-8 - INFO - Tokenizing context file: 248004-v2.0.0-mixed
2025-05-29 11:39:35,132 - ForkPoolWorker-2 - INFO - Finished tokenizing 240230-v2.0.0-mixed: 1 centers, 2 frags.
2025-05-29 11:39:35,132 - ForkPoolWorker-12 - INFO - Finished tokenizing 234125-v2.0.0-mixed: 13 centers, 23 frags.
2025-05-29 11:39:35,132 - ForkPoolWorker-2 - INFO - Tokenizing context file: 500730-v1.0.0-bad
2025-05-29 11:39:35,132 - ForkPoolWorker-12 - INFO - Tokenizing context file: 247628-v2.0.0-mixed
2025-05-29 11:39:35,133 - ForkPoolWorker-3 - INFO - Finished tokenizing 235619-v2.0.0-mixed: 3 centers, 15 frags.
2025-05-29 11:39:35,133 - ForkPoolWorker-4 - INFO - Finished tokenizing 247633-v2.0.0-mixed: 2 centers, 11 frags.
2025-05-29 11:39:35,133 - ForkPoolWorker-3 - INFO - Tokenizing context file: 242618-v2.0.0-mixed
2025-05-29 11:39:35,133 - ForkPoolWorker-10 - INFO - Finished tokenizing 242506-v2.0.0-mixed: 7 centers, 19 frags.
2025-05-29 11:39:35,133 - ForkPoolWorker-10 - INFO - Tokenizing context file: 243026-v2.0.0-mixed
2025-05-29 11:39:35,133 - ForkPoolWorker-5 - INFO - Finished tokenizing 235096-v2.0.0-mixed: 1 centers, 3 frags.
2025-05-29 11:39:35,133 - ForkPoolWorker-8 - INFO - Finished tokenizing 248004-v2.0.0-mixed: 2 centers, 8 frags.
2025-05-29 11:39:35,133 - ForkPoolWorker-7 - INFO - Finished tokenizing 2052-v1.0.0-good: 7 centers, 24 frags.
2025-05-29 11:39:35,133 - ForkPoolWorker-5 - INFO - Tokenizing context file: 242073-v2.0.0-mixed
2025-05-29 11:39:35,133 - ForkPoolWorker-8 - INFO - Tokenizing context file: 1521-v1.0.0-bad
2025-05-29 11:39:35,133 - ForkPoolWorker-9 - INFO - Finished tokenizing 235031-v2.0.0-mixed: 1 centers, 3 frags.
2025-05-29 11:39:35,133 - ForkPoolWorker-7 - INFO - Tokenizing context file: 247348-v2.0.0-mixed
2025-05-29 11:39:35,133 - ForkPoolWorker-2 - INFO - Finished tokenizing 500730-v1.0.0-bad: 2 centers, 4 frags.
2025-05-29 11:39:35,133 - ForkPoolWorker-9 - INFO - Tokenizing context file: 243166-v2.0.0-mixed
2025-05-29 11:39:35,133 - ForkPoolWorker-10 - INFO - Finished tokenizing 243026-v2.0.0-mixed: 1 centers, 2 frags.
2025-05-29 11:39:35,134 - ForkPoolWorker-10 - INFO - Tokenizing context file: 242488-v2.0.0-mixed
2025-05-29 11:39:35,134 - ForkPoolWorker-4 - INFO - Tokenizing context file: 246312-v2.0.0-mixed
2025-05-29 11:39:35,134 - ForkPoolWorker-5 - INFO - Finished tokenizing 242073-v2.0.0-mixed: 2 centers, 7 frags.
2025-05-29 11:39:35,134 - ForkPoolWorker-11 - INFO - Finished tokenizing 243793-v2.0.0-mixed: 7 centers, 24 frags.
2025-05-29 11:39:35,134 - ForkPoolWorker-5 - INFO - Tokenizing context file: 500733-v1.0.0-bad
2025-05-29 11:39:35,134 - ForkPoolWorker-12 - INFO - Finished tokenizing 247628-v2.0.0-mixed: 2 centers, 11 frags.
2025-05-29 11:39:35,134 - ForkPoolWorker-11 - INFO - Tokenizing context file: 246734-v2.0.0-mixed
2025-05-29 11:39:35,134 - ForkPoolWorker-12 - INFO - Tokenizing context file: 239150-v2.0.0-mixed
2025-05-29 11:39:35,134 - ForkPoolWorker-1 - INFO - Finished tokenizing 244877-v2.0.0-mixed: 5 centers, 32 frags.
2025-05-29 11:39:35,134 - ForkPoolWorker-1 - INFO - Tokenizing context file: 241945-v2.0.0-mixed
2025-05-29 11:39:35,135 - ForkPoolWorker-3 - INFO - Finished tokenizing 242618-v2.0.0-mixed: 6 centers, 21 frags.
2025-05-29 11:39:35,135 - ForkPoolWorker-10 - INFO - Finished tokenizing 242488-v2.0.0-mixed: 2 centers, 9 frags.
2025-05-29 11:39:35,135 - ForkPoolWorker-5 - INFO - Finished tokenizing 500733-v1.0.0-bad: 2 centers, 3 frags.
2025-05-29 11:39:35,135 - ForkPoolWorker-2 - INFO - Tokenizing context file: 243121-v2.0.0-mixed
2025-05-29 11:39:35,135 - ForkPoolWorker-5 - INFO - Tokenizing context file: 243401-v2.0.0-mixed
2025-05-29 11:39:35,135 - ForkPoolWorker-4 - INFO - Finished tokenizing 246312-v2.0.0-mixed: 1 centers, 5 frags.
2025-05-29 11:39:35,135 - ForkPoolWorker-8 - INFO - Finished tokenizing 1521-v1.0.0-bad: 2 centers, 12 frags.
2025-05-29 11:39:35,135 - ForkPoolWorker-7 - INFO - Finished tokenizing 247348-v2.0.0-mixed: 2 centers, 10 frags.
2025-05-29 11:39:35,135 - ForkPoolWorker-10 - INFO - Tokenizing context file: 234899-v2.0.0-mixed
2025-05-29 11:39:35,135 - ForkPoolWorker-3 - INFO - Tokenizing context file: 241776-v2.0.0-mixed
2025-05-29 11:39:35,135 - ForkPoolWorker-7 - INFO - Tokenizing context file: 241763-v2.0.0-mixed
2025-05-29 11:39:35,135 - ForkPoolWorker-8 - INFO - Tokenizing context file: 240716-v2.0.0-mixed
2025-05-29 11:39:35,135 - ForkPoolWorker-11 - INFO - Finished tokenizing 246734-v2.0.0-mixed: 2 centers, 9 frags.
2025-05-29 11:39:35,135 - ForkPoolWorker-11 - INFO - Tokenizing context file: 247871-v2.0.0-mixed
2025-05-29 11:39:35,135 - ForkPoolWorker-9 - INFO - Finished tokenizing 243166-v2.0.0-mixed: 6 centers, 27 frags.
2025-05-29 11:39:35,136 - ForkPoolWorker-1 - INFO - Finished tokenizing 241945-v2.0.0-mixed: 2 centers, 9 frags.
2025-05-29 11:39:35,136 - ForkPoolWorker-9 - INFO - Tokenizing context file: 234733-v2.0.0-mixed
2025-05-29 11:39:35,136 - ForkPoolWorker-10 - INFO - Finished tokenizing 234899-v2.0.0-mixed: 1 centers, 3 frags.
2025-05-29 11:39:35,136 - ForkPoolWorker-1 - INFO - Tokenizing context file: 243085-v2.0.0-mixed
2025-05-29 11:39:35,136 - ForkPoolWorker-10 - INFO - Tokenizing context file: 500842-v1.0.0-bad
2025-05-29 11:39:35,136 - ForkPoolWorker-12 - INFO - Finished tokenizing 239150-v2.0.0-mixed: 5 centers, 12 frags.
2025-05-29 11:39:35,136 - ForkPoolWorker-5 - INFO - Finished tokenizing 243401-v2.0.0-mixed: 4 centers, 14 frags.
2025-05-29 11:39:35,136 - ForkPoolWorker-5 - INFO - Tokenizing context file: 500983-v1.0.0-bad
2025-05-29 11:39:35,136 - ForkPoolWorker-12 - INFO - Tokenizing context file: 242340-v2.0.0-mixed
2025-05-29 11:39:35,136 - ForkPoolWorker-2 - INFO - Finished tokenizing 243121-v2.0.0-mixed: 4 centers, 16 frags.
2025-05-29 11:39:35,136 - ForkPoolWorker-4 - INFO - Tokenizing context file: 241988-v2.0.0-mixed
2025-05-29 11:39:35,136 - ForkPoolWorker-11 - INFO - Finished tokenizing 247871-v2.0.0-mixed: 1 centers, 7 frags.
2025-05-29 11:39:35,136 - ForkPoolWorker-2 - INFO - Tokenizing context file: 242037-v2.0.0-mixed
2025-05-29 11:39:35,136 - ForkPoolWorker-11 - INFO - Tokenizing context file: 242907-v2.0.0-mixed
2025-05-29 11:39:35,136 - ForkPoolWorker-10 - INFO - Finished tokenizing 500842-v1.0.0-bad: 2 centers, 4 frags.
2025-05-29 11:39:35,136 - ForkPoolWorker-7 - INFO - Finished tokenizing 241763-v2.0.0-mixed: 4 centers, 15 frags.
2025-05-29 11:39:35,136 - ForkPoolWorker-9 - INFO - Finished tokenizing 234733-v2.0.0-mixed: 1 centers, 3 frags.
2025-05-29 11:39:35,136 - ForkPoolWorker-3 - INFO - Finished tokenizing 241776-v2.0.0-mixed: 4 centers, 14 frags.
2025-05-29 11:39:35,136 - ForkPoolWorker-10 - INFO - Tokenizing context file: 242593-v2.0.0-mixed
2025-05-29 11:39:35,136 - ForkPoolWorker-7 - INFO - Tokenizing context file: 243995-v2.0.0-mixed
2025-05-29 11:39:35,137 - ForkPoolWorker-9 - INFO - Tokenizing context file: 243358-v2.0.0-mixed
2025-05-29 11:39:35,137 - ForkPoolWorker-3 - INFO - Tokenizing context file: 243059-v2.0.0-mixed
2025-05-29 11:39:35,137 - ForkPoolWorker-8 - INFO - Finished tokenizing 240716-v2.0.0-mixed: 7 centers, 24 frags.
2025-05-29 11:39:35,137 - ForkPoolWorker-8 - INFO - Tokenizing context file: 247778-v2.0.0-mixed
2025-05-29 11:39:35,137 - ForkPoolWorker-5 - INFO - Finished tokenizing 500983-v1.0.0-bad: 1 centers, 4 frags.
2025-05-29 11:39:35,137 - ForkPoolWorker-5 - INFO - Tokenizing context file: 243499-v2.0.0-mixed
2025-05-29 11:39:35,137 - ForkPoolWorker-1 - INFO - Finished tokenizing 243085-v2.0.0-mixed: 7 centers, 27 frags.
2025-05-29 11:39:35,137 - ForkPoolWorker-3 - INFO - Finished tokenizing 243059-v2.0.0-mixed: 6 centers, 13 frags.
2025-05-29 11:39:35,138 - ForkPoolWorker-2 - INFO - Finished tokenizing 242037-v2.0.0-mixed: 6 centers, 20 frags.
2025-05-29 11:39:35,138 - ForkPoolWorker-11 - INFO - Finished tokenizing 242907-v2.0.0-mixed: 6 centers, 20 frags.
2025-05-29 11:39:35,138 - ForkPoolWorker-8 - INFO - Finished tokenizing 247778-v2.0.0-mixed: 2 centers, 11 frags.
2025-05-29 11:39:35,138 - ForkPoolWorker-7 - INFO - Finished tokenizing 243995-v2.0.0-mixed: 7 centers, 25 frags.
2025-05-29 11:39:35,138 - ForkPoolWorker-12 - INFO - Finished tokenizing 242340-v2.0.0-mixed: 5 centers, 17 frags.
2025-05-29 11:39:35,138 - ForkPoolWorker-5 - INFO - Finished tokenizing 243499-v2.0.0-mixed: 4 centers, 17 frags.
2025-05-29 11:39:35,138 - ForkPoolWorker-1 - INFO - Tokenizing context file: 248008-v2.0.0-mixed
2025-05-29 11:39:35,138 - ForkPoolWorker-3 - INFO - Tokenizing context file: 245925-v2.0.0-mixed
2025-05-29 11:39:35,139 - ForkPoolWorker-4 - INFO - Finished tokenizing 241988-v2.0.0-mixed: 5 centers, 17 frags.
2025-05-29 11:39:35,139 - ForkPoolWorker-10 - INFO - Finished tokenizing 242593-v2.0.0-mixed: 26 centers, 40 frags.
2025-05-29 11:39:35,139 - ForkPoolWorker-1 - INFO - Finished tokenizing 248008-v2.0.0-mixed: 1 centers, 5 frags.
2025-05-29 11:39:35,140 - ForkPoolWorker-3 - INFO - Finished tokenizing 245925-v2.0.0-mixed: 3 centers, 11 frags.
2025-05-29 11:39:35,140 - ForkPoolWorker-11 - INFO - Tokenizing context file: 243048-v2.0.0-mixed
2025-05-29 11:39:35,140 - ForkPoolWorker-2 - INFO - Tokenizing context file: 240718-v2.0.0-mixed
2025-05-29 11:39:35,140 - ForkPoolWorker-9 - INFO - Finished tokenizing 243358-v2.0.0-mixed: 6 centers, 27 frags.
2025-05-29 11:39:35,140 - ForkPoolWorker-2 - INFO - Finished tokenizing 240718-v2.0.0-mixed: 1 centers, 2 frags.
2025-05-29 11:39:35,141 - ForkPoolWorker-11 - INFO - Finished tokenizing 243048-v2.0.0-mixed: 4 centers, 14 frags.
2025-05-29 11:39:35,141 - ForkPoolWorker-3 - INFO - Tokenizing context file: 241959-v2.0.0-mixed
2025-05-29 11:39:35,141 - ForkPoolWorker-7 - INFO - Tokenizing context file: 500750-v1.0.0-bad
2025-05-29 11:39:35,142 - ForkPoolWorker-11 - INFO - Tokenizing context file: 242665-v2.0.0-mixed
2025-05-29 11:39:35,142 - ForkPoolWorker-5 - INFO - Tokenizing context file: 248709-v2.0.0-mixed
2025-05-29 11:39:35,142 - ForkPoolWorker-4 - INFO - Tokenizing context file: 241955-v2.0.0-mixed
2025-05-29 11:39:35,142 - ForkPoolWorker-7 - INFO - Finished tokenizing 500750-v1.0.0-bad: 1 centers, 6 frags.
2025-05-29 11:39:35,142 - ForkPoolWorker-3 - INFO - Finished tokenizing 241959-v2.0.0-mixed: 4 centers, 13 frags.
2025-05-29 11:39:35,143 - ForkPoolWorker-10 - INFO - Tokenizing context file: 240321-v2.0.0-mixed
2025-05-29 11:39:35,143 - ForkPoolWorker-5 - INFO - Finished tokenizing 248709-v2.0.0-mixed: 3 centers, 8 frags.
2025-05-29 11:39:35,143 - ForkPoolWorker-11 - INFO - Finished tokenizing 242665-v2.0.0-mixed: 4 centers, 16 frags.
2025-05-29 11:39:35,143 - ForkPoolWorker-1 - INFO - Tokenizing context file: 248321-v2.0.0-mixed
2025-05-29 11:39:35,143 - ForkPoolWorker-5 - INFO - Tokenizing context file: 243308-v2.0.0-mixed
2025-05-29 11:39:35,143 - ForkPoolWorker-8 - INFO - Tokenizing context file: 241794-v2.0.0-mixed
2025-05-29 11:39:35,143 - ForkPoolWorker-11 - INFO - Tokenizing context file: 238781-v2.0.0-mixed
2025-05-29 11:39:35,143 - ForkPoolWorker-9 - INFO - Tokenizing context file: 239641-v2.0.0-mixed
2025-05-29 11:39:35,143 - ForkPoolWorker-4 - INFO - Finished tokenizing 241955-v2.0.0-mixed: 4 centers, 15 frags.
2025-05-29 11:39:35,143 - ForkPoolWorker-3 - INFO - Tokenizing context file: 242895-v2.0.0-mixed
2025-05-29 11:39:35,143 - ForkPoolWorker-7 - INFO - Tokenizing context file: 245201-v2.0.0-mixed
2025-05-29 11:39:35,144 - ForkPoolWorker-10 - INFO - Finished tokenizing 240321-v2.0.0-mixed: 7 centers, 28 frags.
2025-05-29 11:39:35,144 - ForkPoolWorker-9 - INFO - Finished tokenizing 239641-v2.0.0-mixed: 0 centers, 0 frags.
2025-05-29 11:39:35,144 - ForkPoolWorker-5 - INFO - Finished tokenizing 243308-v2.0.0-mixed: 7 centers, 19 frags.
2025-05-29 11:39:35,144 - ForkPoolWorker-7 - INFO - Finished tokenizing 245201-v2.0.0-mixed: 3 centers, 8 frags.
2025-05-29 11:39:35,144 - ForkPoolWorker-1 - INFO - Finished tokenizing 248321-v2.0.0-mixed: 4 centers, 10 frags.
2025-05-29 11:39:35,144 - ForkPoolWorker-8 - INFO - Finished tokenizing 241794-v2.0.0-mixed: 10 centers, 19 frags.
2025-05-29 11:39:35,145 - ForkPoolWorker-3 - INFO - Finished tokenizing 242895-v2.0.0-mixed: 4 centers, 16 frags.
2025-05-29 11:39:35,145 - ForkPoolWorker-4 - INFO - Tokenizing context file: 234732-v2.0.0-mixed
2025-05-29 11:39:35,145 - ForkPoolWorker-2 - INFO - Tokenizing context file: 245887-v2.0.0-mixed
2025-05-29 11:39:35,145 - ForkPoolWorker-12 - INFO - Tokenizing context file: 242975-v2.0.0-mixed
2025-05-29 11:39:35,145 - ForkPoolWorker-9 - INFO - Tokenizing context file: 247209-v2.0.0-mixed
2025-05-29 11:39:35,146 - ForkPoolWorker-11 - INFO - Finished tokenizing 238781-v2.0.0-mixed: 5 centers, 24 frags.
2025-05-29 11:39:35,146 - ForkPoolWorker-2 - INFO - Finished tokenizing 245887-v2.0.0-mixed: 1 centers, 5 frags.
2025-05-29 11:39:35,146 - ForkPoolWorker-9 - INFO - Finished tokenizing 247209-v2.0.0-mixed: 2 centers, 6 frags.
2025-05-29 11:39:35,146 - ForkPoolWorker-4 - INFO - Finished tokenizing 234732-v2.0.0-mixed: 3 centers, 11 frags.
2025-05-29 11:39:35,147 - ForkPoolWorker-12 - INFO - Finished tokenizing 242975-v2.0.0-mixed: 6 centers, 26 frags.
2025-05-29 11:39:35,148 - ForkPoolWorker-5 - INFO - Tokenizing context file: 242272-v2.0.0-mixed
2025-05-29 11:39:35,148 - ForkPoolWorker-10 - INFO - Tokenizing context file: 238917-v2.0.0-mixed
2025-05-29 11:39:35,149 - ForkPoolWorker-7 - INFO - Tokenizing context file: 247989-v2.0.0-mixed
2025-05-29 11:39:35,149 - ForkPoolWorker-8 - INFO - Tokenizing context file: 243035-v2.0.0-mixed
2025-05-29 11:39:35,149 - ForkPoolWorker-1 - INFO - Tokenizing context file: 243507-v2.0.0-mixed
2025-05-29 11:39:35,149 - ForkPoolWorker-10 - INFO - Finished tokenizing 238917-v2.0.0-mixed: 2 centers, 7 frags.
2025-05-29 11:39:35,150 - ForkPoolWorker-3 - INFO - Tokenizing context file: 243367-v2.0.0-mixed
2025-05-29 11:39:35,150 - ForkPoolWorker-11 - INFO - Tokenizing context file: 243096-v2.0.0-mixed
2025-05-29 11:39:35,150 - ForkPoolWorker-2 - INFO - Tokenizing context file: 245205-v2.0.0-mixed
2025-05-29 11:39:35,150 - ForkPoolWorker-1 - INFO - Finished tokenizing 243507-v2.0.0-mixed: 1 centers, 2 frags.
2025-05-29 11:39:35,150 - ForkPoolWorker-5 - INFO - Finished tokenizing 242272-v2.0.0-mixed: 6 centers, 35 frags.
2025-05-29 11:39:35,150 - ForkPoolWorker-7 - INFO - Finished tokenizing 247989-v2.0.0-mixed: 5 centers, 16 frags.
2025-05-29 11:39:35,151 - ForkPoolWorker-11 - INFO - Finished tokenizing 243096-v2.0.0-mixed: 2 centers, 6 frags.
2025-05-29 11:39:35,151 - ForkPoolWorker-8 - INFO - Finished tokenizing 243035-v2.0.0-mixed: 6 centers, 22 frags.
2025-05-29 11:39:35,151 - ForkPoolWorker-2 - INFO - Finished tokenizing 245205-v2.0.0-mixed: 5 centers, 13 frags.
2025-05-29 11:39:35,151 - ForkPoolWorker-4 - INFO - Tokenizing context file: 242588-v2.0.0-mixed
2025-05-29 11:39:35,151 - ForkPoolWorker-9 - INFO - Tokenizing context file: 247580-v2.0.0-mixed
2025-05-29 11:39:35,151 - ForkPoolWorker-12 - INFO - Tokenizing context file: 242732-v2.0.0-mixed
2025-05-29 11:39:35,151 - ForkPoolWorker-3 - INFO - Finished tokenizing 243367-v2.0.0-mixed: 7 centers, 22 frags.
2025-05-29 11:39:35,152 - ForkPoolWorker-9 - INFO - Finished tokenizing 247580-v2.0.0-mixed: 2 centers, 8 frags.
2025-05-29 11:39:35,153 - ForkPoolWorker-10 - INFO - Tokenizing context file: 240613-v2.0.0-mixed
2025-05-29 11:39:35,153 - ForkPoolWorker-1 - INFO - Tokenizing context file: 245175-v2.0.0-mixed
2025-05-29 11:39:35,153 - ForkPoolWorker-5 - INFO - Tokenizing context file: 1979-v1.0.0-bad
2025-05-29 11:39:35,153 - ForkPoolWorker-4 - INFO - Finished tokenizing 242588-v2.0.0-mixed: 6 centers, 24 frags.
2025-05-29 11:39:35,153 - ForkPoolWorker-12 - INFO - Finished tokenizing 242732-v2.0.0-mixed: 7 centers, 27 frags.
2025-05-29 11:39:35,153 - ForkPoolWorker-6 - INFO - Finished tokenizing 148821-v1.0.0-bad: 137 centers, 345 frags.
2025-05-29 11:39:35,153 - ForkPoolWorker-1 - INFO - Finished tokenizing 245175-v2.0.0-mixed: 1 centers, 5 frags.
2025-05-29 11:39:35,154 - ForkPoolWorker-5 - INFO - Finished tokenizing 1979-v1.0.0-bad: 1 centers, 4 frags.
2025-05-29 11:39:35,155 - ForkPoolWorker-10 - INFO - Finished tokenizing 240613-v2.0.0-mixed: 6 centers, 28 frags.
2025-05-29 11:39:35,155 - ForkPoolWorker-7 - INFO - Tokenizing context file: 148819-v1.0.0-bad
2025-05-29 11:39:35,155 - ForkPoolWorker-11 - INFO - Tokenizing context file: 500985-v1.0.0-bad
2025-05-29 11:39:35,155 - ForkPoolWorker-8 - INFO - Tokenizing context file: 242875-v2.0.0-mixed
2025-05-29 11:39:35,155 - ForkPoolWorker-2 - INFO - Tokenizing context file: 242961-v2.0.0-mixed
2025-05-29 11:39:35,155 - ForkPoolWorker-3 - INFO - Tokenizing context file: 235685-v2.0.0-mixed
2025-05-29 11:39:35,155 - ForkPoolWorker-9 - INFO - Tokenizing context file: 246544-v2.0.0-mixed
2025-05-29 11:39:35,155 - ForkPoolWorker-12 - INFO - Tokenizing context file: 244564-v2.0.0-mixed
2025-05-29 11:39:35,156 - ForkPoolWorker-4 - INFO - Tokenizing context file: 241825-v2.0.0-mixed
2025-05-29 11:39:35,156 - ForkPoolWorker-1 - INFO - Tokenizing context file: 243462-v2.0.0-mixed
2025-05-29 11:39:35,156 - ForkPoolWorker-11 - INFO - Finished tokenizing 500985-v1.0.0-bad: 2 centers, 4 frags.
2025-05-29 11:39:35,156 - ForkPoolWorker-5 - INFO - Tokenizing context file: 248181-v2.0.0-mixed
2025-05-29 11:39:35,156 - ForkPoolWorker-2 - INFO - Finished tokenizing 242961-v2.0.0-mixed: 1 centers, 2 frags.
2025-05-29 11:39:35,156 - ForkPoolWorker-9 - INFO - Finished tokenizing 246544-v2.0.0-mixed: 2 centers, 8 frags.
2025-05-29 11:39:35,156 - ForkPoolWorker-12 - INFO - Finished tokenizing 244564-v2.0.0-mixed: 2 centers, 10 frags.
2025-05-29 11:39:35,156 - ForkPoolWorker-8 - INFO - Finished tokenizing 242875-v2.0.0-mixed: 6 centers, 24 frags.
2025-05-29 11:39:35,157 - ForkPoolWorker-3 - INFO - Finished tokenizing 235685-v2.0.0-mixed: 6 centers, 15 frags.
2025-05-29 11:39:35,157 - ForkPoolWorker-5 - INFO - Finished tokenizing 248181-v2.0.0-mixed: 5 centers, 17 frags.
2025-05-29 11:39:35,157 - ForkPoolWorker-1 - INFO - Finished tokenizing 243462-v2.0.0-mixed: 6 centers, 23 frags.
2025-05-29 11:39:35,158 - ForkPoolWorker-4 - INFO - Finished tokenizing 241825-v2.0.0-mixed: 26 centers, 40 frags.
2025-05-29 11:39:35,161 - ForkPoolWorker-6 - INFO - Tokenizing context file: 2196-v1.0.0-bad
2025-05-29 11:39:35,161 - ForkPoolWorker-7 - INFO - Finished tokenizing 148819-v1.0.0-bad: 46 centers, 122 frags.
2025-05-29 11:39:35,162 - ForkPoolWorker-10 - INFO - Tokenizing context file: 242010-v2.0.0-mixed
2025-05-29 11:39:35,162 - ForkPoolWorker-11 - INFO - Tokenizing context file: 241846-v2.0.0-mixed
2025-05-29 11:39:35,162 - ForkPoolWorker-2 - INFO - Tokenizing context file: 500839-v1.0.0-bad
2025-05-29 11:39:35,162 - ForkPoolWorker-9 - INFO - Tokenizing context file: 241997-v2.0.0-mixed
2025-05-29 11:39:35,162 - ForkPoolWorker-6 - INFO - Finished tokenizing 2196-v1.0.0-bad: 2 centers, 11 frags.
2025-05-29 11:39:35,162 - ForkPoolWorker-12 - INFO - Tokenizing context file: 241800-v2.0.0-mixed
2025-05-29 11:39:35,162 - ForkPoolWorker-8 - INFO - Tokenizing context file: 242615-v2.0.0-mixed
2025-05-29 11:39:35,162 - ForkPoolWorker-3 - INFO - Tokenizing context file: 240600-v2.0.0-mixed
2025-05-29 11:39:35,163 - ForkPoolWorker-2 - INFO - Finished tokenizing 500839-v1.0.0-bad: 1 centers, 2 frags.
2025-05-29 11:39:35,163 - ForkPoolWorker-11 - INFO - Finished tokenizing 241846-v2.0.0-mixed: 2 centers, 9 frags.
2025-05-29 11:39:35,163 - ForkPoolWorker-9 - INFO - Finished tokenizing 241997-v2.0.0-mixed: 7 centers, 19 frags.
2025-05-29 11:39:35,163 - ForkPoolWorker-8 - INFO - Finished tokenizing 242615-v2.0.0-mixed: 2 centers, 9 frags.
2025-05-29 11:39:35,163 - ForkPoolWorker-9 - INFO - Tokenizing context file: 500908-v1.0.0-bad
2025-05-29 11:39:35,163 - ForkPoolWorker-3 - INFO - Finished tokenizing 240600-v2.0.0-mixed: 4 centers, 14 frags.
2025-05-29 11:39:35,163 - ForkPoolWorker-5 - INFO - Tokenizing context file: 242188-v2.0.0-mixed
2025-05-29 11:39:35,164 - ForkPoolWorker-12 - INFO - Finished tokenizing 241800-v2.0.0-mixed: 4 centers, 14 frags.
2025-05-29 11:39:35,164 - ForkPoolWorker-10 - INFO - Finished tokenizing 242010-v2.0.0-mixed: 6 centers, 28 frags.
2025-05-29 11:39:35,164 - ForkPoolWorker-1 - INFO - Tokenizing context file: 235403-v2.0.0-mixed
2025-05-29 11:39:35,164 - ForkPoolWorker-9 - INFO - Finished tokenizing 500908-v1.0.0-bad: 1 centers, 3 frags.
2025-05-29 11:39:35,165 - ForkPoolWorker-1 - INFO - Finished tokenizing 235403-v2.0.0-mixed: 1 centers, 3 frags.
2025-05-29 11:39:35,165 - ForkPoolWorker-5 - INFO - Finished tokenizing 242188-v2.0.0-mixed: 7 centers, 25 frags.
2025-05-29 11:39:35,166 - ForkPoolWorker-7 - INFO - Tokenizing context file: 241914-v2.0.0-mixed
2025-05-29 11:39:35,166 - ForkPoolWorker-6 - INFO - Tokenizing context file: 240708-v2.0.0-mixed
2025-05-29 11:39:35,166 - ForkPoolWorker-2 - INFO - Tokenizing context file: 240092-v2.0.0-mixed
2025-05-29 11:39:35,166 - ForkPoolWorker-11 - INFO - Tokenizing context file: 234402-v2.0.0-mixed
2025-05-29 11:39:35,166 - ForkPoolWorker-8 - INFO - Tokenizing context file: 500878-v1.0.0-bad
2025-05-29 11:39:35,167 - ForkPoolWorker-4 - INFO - Tokenizing context file: 248417-v2.0.0-mixed
2025-05-29 11:39:35,167 - ForkPoolWorker-8 - INFO - Finished tokenizing 500878-v1.0.0-bad: 1 centers, 4 frags.
2025-05-29 11:39:35,167 - ForkPoolWorker-7 - INFO - Finished tokenizing 241914-v2.0.0-mixed: 6 centers, 28 frags.
2025-05-29 11:39:35,167 - ForkPoolWorker-11 - INFO - Finished tokenizing 234402-v2.0.0-mixed: 3 centers, 10 frags.
2025-05-29 11:39:35,167 - ForkPoolWorker-2 - INFO - Finished tokenizing 240092-v2.0.0-mixed: 4 centers, 13 frags.
2025-05-29 11:39:35,167 - ForkPoolWorker-6 - INFO - Finished tokenizing 240708-v2.0.0-mixed: 8 centers, 19 frags.
2025-05-29 11:39:35,168 - ForkPoolWorker-4 - INFO - Finished tokenizing 248417-v2.0.0-mixed: 6 centers, 16 frags.
2025-05-29 11:39:35,168 - ForkPoolWorker-3 - INFO - Tokenizing context file: 247197-v2.0.0-mixed
2025-05-29 11:39:35,168 - ForkPoolWorker-12 - INFO - Tokenizing context file: 241723-v2.0.0-mixed
2025-05-29 11:39:35,169 - ForkPoolWorker-10 - INFO - Tokenizing context file: 243992-v2.0.0-mixed
2025-05-29 11:39:35,169 - ForkPoolWorker-9 - INFO - Tokenizing context file: 243070-v2.0.0-mixed
2025-05-29 11:39:35,169 - ForkPoolWorker-1 - INFO - Tokenizing context file: 242582-v2.0.0-mixed
2025-05-29 11:39:35,169 - ForkPoolWorker-5 - INFO - Tokenizing context file: 247437-v2.0.0-mixed
2025-05-29 11:39:35,169 - ForkPoolWorker-8 - INFO - Tokenizing context file: 242218-v2.0.0-mixed
2025-05-29 11:39:35,169 - ForkPoolWorker-7 - INFO - Tokenizing context file: 243388-v2.0.0-mixed
2025-05-29 11:39:35,169 - ForkPoolWorker-11 - INFO - Tokenizing context file: 242914-v2.0.0-mixed
2025-05-29 11:39:35,169 - ForkPoolWorker-2 - INFO - Tokenizing context file: 244614-v2.0.0-mixed
2025-05-29 11:39:35,169 - ForkPoolWorker-6 - INFO - Tokenizing context file: 242569-v2.0.0-mixed
2025-05-29 11:39:35,169 - ForkPoolWorker-4 - INFO - Tokenizing context file: 238835-v2.0.0-mixed
2025-05-29 11:39:35,169 - ForkPoolWorker-3 - INFO - Finished tokenizing 247197-v2.0.0-mixed: 3 centers, 8 frags.
2025-05-29 11:39:35,169 - ForkPoolWorker-3 - INFO - Tokenizing context file: 242389-v2.0.0-mixed
2025-05-29 11:39:35,169 - ForkPoolWorker-5 - INFO - Finished tokenizing 247437-v2.0.0-mixed: 3 centers, 9 frags.
2025-05-29 11:39:35,170 - ForkPoolWorker-10 - INFO - Finished tokenizing 243992-v2.0.0-mixed: 4 centers, 12 frags.
2025-05-29 11:39:35,170 - ForkPoolWorker-5 - INFO - Tokenizing context file: 500793-v1.0.0-bad
2025-05-29 11:39:35,170 - ForkPoolWorker-2 - INFO - Finished tokenizing 244614-v2.0.0-mixed: 2 centers, 8 frags.
2025-05-29 11:39:35,170 - ForkPoolWorker-10 - INFO - Tokenizing context file: 242855-v2.0.0-mixed
2025-05-29 11:39:35,170 - ForkPoolWorker-2 - INFO - Tokenizing context file: 234931-v2.0.0-mixed
2025-05-29 11:39:35,170 - ForkPoolWorker-4 - INFO - Finished tokenizing 238835-v2.0.0-mixed: 2 centers, 7 frags.
2025-05-29 11:39:35,170 - ForkPoolWorker-8 - INFO - Finished tokenizing 242218-v2.0.0-mixed: 7 centers, 19 frags.
2025-05-29 11:39:35,170 - ForkPoolWorker-11 - INFO - Finished tokenizing 242914-v2.0.0-mixed: 10 centers, 19 frags.
2025-05-29 11:39:35,170 - ForkPoolWorker-5 - INFO - Finished tokenizing 500793-v1.0.0-bad: 1 centers, 4 frags.
2025-05-29 11:39:35,170 - ForkPoolWorker-6 - INFO - Finished tokenizing 242569-v2.0.0-mixed: 4 centers, 16 frags.
2025-05-29 11:39:35,170 - ForkPoolWorker-12 - INFO - Finished tokenizing 241723-v2.0.0-mixed: 6 centers, 24 frags.
2025-05-29 11:39:35,170 - ForkPoolWorker-9 - INFO - Finished tokenizing 243070-v2.0.0-mixed: 6 centers, 27 frags.
2025-05-29 11:39:35,170 - ForkPoolWorker-4 - INFO - Tokenizing context file: 238904-v2.0.0-mixed
2025-05-29 11:39:35,170 - ForkPoolWorker-11 - INFO - Tokenizing context file: 243366-v2.0.0-mixed
2025-05-29 11:39:35,170 - ForkPoolWorker-6 - INFO - Tokenizing context file: 242357-v2.0.0-mixed
2025-05-29 11:39:35,170 - ForkPoolWorker-12 - INFO - Tokenizing context file: 247728-v2.0.0-mixed
2025-05-29 11:39:35,170 - ForkPoolWorker-5 - INFO - Tokenizing context file: 245647-v2.0.0-mixed
2025-05-29 11:39:35,170 - ForkPoolWorker-2 - INFO - Finished tokenizing 234931-v2.0.0-mixed: 1 centers, 3 frags.
2025-05-29 11:39:35,171 - ForkPoolWorker-7 - INFO - Finished tokenizing 243388-v2.0.0-mixed: 6 centers, 17 frags.
2025-05-29 11:39:35,171 - ForkPoolWorker-9 - INFO - Tokenizing context file: 239163-v2.0.0-mixed
2025-05-29 11:39:35,171 - ForkPoolWorker-2 - INFO - Tokenizing context file: 242655-v2.0.0-mixed
2025-05-29 11:39:35,171 - ForkPoolWorker-7 - INFO - Tokenizing context file: 1961-v1.0.0-bad
2025-05-29 11:39:35,171 - ForkPoolWorker-10 - INFO - Finished tokenizing 242855-v2.0.0-mixed: 4 centers, 16 frags.
2025-05-29 11:39:35,171 - ForkPoolWorker-10 - INFO - Tokenizing context file: 242676-v2.0.0-mixed
2025-05-29 11:39:35,171 - ForkPoolWorker-1 - INFO - Finished tokenizing 242582-v2.0.0-mixed: 2 centers, 9 frags.
2025-05-29 11:39:35,171 - ForkPoolWorker-1 - INFO - Tokenizing context file: 240602-v2.0.0-mixed
2025-05-29 11:39:35,171 - ForkPoolWorker-5 - INFO - Finished tokenizing 245647-v2.0.0-mixed: 1 centers, 5 frags.
2025-05-29 11:39:35,171 - ForkPoolWorker-5 - INFO - Tokenizing context file: 244570-v2.0.0-mixed
2025-05-29 11:39:35,171 - ForkPoolWorker-9 - INFO - Finished tokenizing 239163-v2.0.0-mixed: 2 centers, 7 frags.
2025-05-29 11:39:35,171 - ForkPoolWorker-7 - INFO - Finished tokenizing 1961-v1.0.0-bad: 2 centers, 5 frags.
2025-05-29 11:39:35,171 - ForkPoolWorker-9 - INFO - Tokenizing context file: 244789-v2.0.0-mixed
2025-05-29 11:39:35,172 - ForkPoolWorker-7 - INFO - Tokenizing context file: 242651-v2.0.0-mixed
2025-05-29 11:39:35,172 - ForkPoolWorker-3 - INFO - Finished tokenizing 242389-v2.0.0-mixed: 6 centers, 24 frags.
2025-05-29 11:39:35,172 - ForkPoolWorker-3 - INFO - Tokenizing context file: 242573-v2.0.0-mixed
2025-05-29 11:39:35,172 - ForkPoolWorker-11 - INFO - Finished tokenizing 243366-v2.0.0-mixed: 6 centers, 23 frags.
2025-05-29 11:39:35,172 - ForkPoolWorker-5 - INFO - Finished tokenizing 244570-v2.0.0-mixed: 2 centers, 10 frags.
2025-05-29 11:39:35,172 - ForkPoolWorker-4 - INFO - Finished tokenizing 238904-v2.0.0-mixed: 5 centers, 32 frags.
2025-05-29 11:39:35,172 - ForkPoolWorker-12 - INFO - Finished tokenizing 247728-v2.0.0-mixed: 1 centers, 5 frags.
2025-05-29 11:39:35,172 - ForkPoolWorker-10 - INFO - Finished tokenizing 242676-v2.0.0-mixed: 18 centers, 22 frags.
2025-05-29 11:39:35,172 - ForkPoolWorker-6 - INFO - Finished tokenizing 242357-v2.0.0-mixed: 6 centers, 32 frags.
2025-05-29 11:39:35,172 - ForkPoolWorker-9 - INFO - Finished tokenizing 244789-v2.0.0-mixed: 3 centers, 8 frags.
2025-05-29 11:39:35,173 - ForkPoolWorker-2 - INFO - Finished tokenizing 242655-v2.0.0-mixed: 6 centers, 35 frags.
2025-05-29 11:39:35,173 - ForkPoolWorker-1 - INFO - Finished tokenizing 240602-v2.0.0-mixed: 6 centers, 31 frags.
2025-05-29 11:39:35,173 - ForkPoolWorker-7 - INFO - Finished tokenizing 242651-v2.0.0-mixed: 6 centers, 22 frags.
2025-05-29 11:39:35,173 - ForkPoolWorker-11 - INFO - Tokenizing context file: 241967-v2.0.0-mixed
2025-05-29 11:39:35,173 - ForkPoolWorker-5 - INFO - Tokenizing context file: 242702-v2.0.0-mixed
2025-05-29 11:39:35,173 - ForkPoolWorker-12 - INFO - Tokenizing context file: 243088-v2.0.0-mixed
2025-05-29 11:39:35,173 - ForkPoolWorker-3 - INFO - Finished tokenizing 242573-v2.0.0-mixed: 7 centers, 19 frags.
2025-05-29 11:39:35,174 - ForkPoolWorker-4 - INFO - Tokenizing context file: 247960-v2.0.0-mixed
2025-05-29 11:39:35,174 - ForkPoolWorker-10 - INFO - Tokenizing context file: 243012-v2.0.0-mixed
2025-05-29 11:39:35,174 - ForkPoolWorker-9 - INFO - Tokenizing context file: 240592-v2.0.0-mixed
2025-05-29 11:39:35,174 - ForkPoolWorker-6 - INFO - Tokenizing context file: 242517-v2.0.0-mixed
2025-05-29 11:39:35,175 - ForkPoolWorker-11 - INFO - Finished tokenizing 241967-v2.0.0-mixed: 4 centers, 16 frags.
2025-05-29 11:39:35,175 - ForkPoolWorker-11 - INFO - Tokenizing context file: 235899-v2.0.0-mixed
2025-05-29 11:39:35,175 - ForkPoolWorker-4 - INFO - Finished tokenizing 247960-v2.0.0-mixed: 2 centers, 8 frags.
2025-05-29 11:39:35,175 - ForkPoolWorker-4 - INFO - Tokenizing context file: 242527-v2.0.0-mixed
2025-05-29 11:39:35,175 - ForkPoolWorker-10 - INFO - Finished tokenizing 243012-v2.0.0-mixed: 5 centers, 17 frags.
2025-05-29 11:39:35,175 - ForkPoolWorker-7 - INFO - Tokenizing context file: 500861-v1.0.0-bad
2025-05-29 11:39:35,175 - ForkPoolWorker-10 - INFO - Tokenizing context file: 243423-v2.0.0-mixed
2025-05-29 11:39:35,175 - ForkPoolWorker-8 - INFO - Tokenizing context file: 500826-v1.0.0-bad
2025-05-29 11:39:35,176 - ForkPoolWorker-3 - INFO - Tokenizing context file: 240590-v2.0.0-mixed
2025-05-29 11:39:35,176 - ForkPoolWorker-7 - INFO - Finished tokenizing 500861-v1.0.0-bad: 1 centers, 2 frags.
2025-05-29 11:39:35,176 - ForkPoolWorker-12 - INFO - Finished tokenizing 243088-v2.0.0-mixed: 7 centers, 24 frags.
2025-05-29 11:39:35,177 - ForkPoolWorker-11 - INFO - Finished tokenizing 235899-v2.0.0-mixed: 7 centers, 24 frags.
2025-05-29 11:39:35,177 - ForkPoolWorker-8 - INFO - Finished tokenizing 500826-v1.0.0-bad: 1 centers, 2 frags.
2025-05-29 11:39:35,177 - ForkPoolWorker-5 - INFO - Finished tokenizing 242702-v2.0.0-mixed: 7 centers, 27 frags.
2025-05-29 11:39:35,178 - ForkPoolWorker-4 - INFO - Finished tokenizing 242527-v2.0.0-mixed: 6 centers, 22 frags.
2025-05-29 11:39:35,178 - ForkPoolWorker-3 - INFO - Finished tokenizing 240590-v2.0.0-mixed: 6 centers, 26 frags.
2025-05-29 11:39:35,178 - ForkPoolWorker-9 - INFO - Finished tokenizing 240592-v2.0.0-mixed: 4 centers, 22 frags.
2025-05-29 11:39:35,178 - ForkPoolWorker-10 - INFO - Finished tokenizing 243423-v2.0.0-mixed: 6 centers, 17 frags.
2025-05-29 11:39:35,178 - ForkPoolWorker-6 - INFO - Finished tokenizing 242517-v2.0.0-mixed: 6 centers, 20 frags.
2025-05-29 11:39:35,178 - ForkPoolWorker-1 - INFO - Tokenizing context file: 237313-v2.0.0-mixed
2025-05-29 11:39:35,178 - ForkPoolWorker-7 - INFO - Tokenizing context file: 248480-v2.0.0-mixed
2025-05-29 11:39:35,178 - ForkPoolWorker-12 - INFO - Tokenizing context file: 247160-v2.0.0-mixed
2025-05-29 11:39:35,178 - ForkPoolWorker-11 - INFO - Tokenizing context file: 242718-v2.0.0-mixed
2025-05-29 11:39:35,179 - ForkPoolWorker-8 - INFO - Tokenizing context file: 1974-v1.0.0-good
2025-05-29 11:39:35,179 - ForkPoolWorker-5 - INFO - Tokenizing context file: 501011-v1.0.0-bad
2025-05-29 11:39:35,179 - ForkPoolWorker-2 - INFO - Tokenizing context file: 500724-v1.0.0-bad
2025-05-29 11:39:35,179 - ForkPoolWorker-4 - INFO - Tokenizing context file: 244233-v2.0.0-mixed
2025-05-29 11:39:35,179 - ForkPoolWorker-9 - INFO - Tokenizing context file: 245985-v2.0.0-mixed
2025-05-29 11:39:35,179 - ForkPoolWorker-5 - INFO - Finished tokenizing 501011-v1.0.0-bad: 1 centers, 2 frags.
2025-05-29 11:39:35,179 - ForkPoolWorker-1 - INFO - Finished tokenizing 237313-v2.0.0-mixed: 1 centers, 3 frags.
2025-05-29 11:39:35,180 - ForkPoolWorker-3 - INFO - Tokenizing context file: 245837-v2.0.0-mixed
2025-05-29 11:39:35,180 - ForkPoolWorker-10 - INFO - Tokenizing context file: 242255-v2.0.0-mixed
2025-05-29 11:39:35,180 - ForkPoolWorker-12 - INFO - Finished tokenizing 247160-v2.0.0-mixed: 1 centers, 7 frags.
2025-05-29 11:39:35,180 - ForkPoolWorker-2 - INFO - Finished tokenizing 500724-v1.0.0-bad: 1 centers, 5 frags.
2025-05-29 11:39:35,180 - ForkPoolWorker-7 - INFO - Finished tokenizing 248480-v2.0.0-mixed: 1 centers, 5 frags.
2025-05-29 11:39:35,180 - ForkPoolWorker-2 - INFO - Tokenizing context file: 248620-v2.0.0-mixed
2025-05-29 11:39:35,180 - ForkPoolWorker-7 - INFO - Tokenizing context file: 234328-v2.0.0-mixed
2025-05-29 11:39:35,180 - ForkPoolWorker-11 - INFO - Finished tokenizing 242718-v2.0.0-mixed: 4 centers, 13 frags.
2025-05-29 11:39:35,180 - ForkPoolWorker-12 - INFO - Tokenizing context file: 500955-v1.0.0-bad
2025-05-29 11:39:35,180 - ForkPoolWorker-5 - INFO - Tokenizing context file: 242163-v2.0.0-mixed
2025-05-29 11:39:35,180 - ForkPoolWorker-11 - INFO - Tokenizing context file: 242349-v2.0.0-mixed
2025-05-29 11:39:35,180 - ForkPoolWorker-8 - INFO - Finished tokenizing 1974-v1.0.0-good: 5 centers, 18 frags.
2025-05-29 11:39:35,180 - ForkPoolWorker-8 - INFO - Tokenizing context file: 242869-v2.0.0-mixed
2025-05-29 11:39:35,181 - ForkPoolWorker-3 - INFO - Finished tokenizing 245837-v2.0.0-mixed: 2 centers, 9 frags.
2025-05-29 11:39:35,181 - ForkPoolWorker-7 - INFO - Finished tokenizing 234328-v2.0.0-mixed: 3 centers, 6 frags.
2025-05-29 11:39:35,181 - ForkPoolWorker-3 - INFO - Tokenizing context file: 242459-v2.0.0-mixed
2025-05-29 11:39:35,181 - ForkPoolWorker-7 - INFO - Tokenizing context file: 247776-v2.0.0-mixed
2025-05-29 11:39:35,180 - ForkPoolWorker-1 - INFO - Tokenizing context file: 248697-v2.0.0-mixed
2025-05-29 11:39:35,181 - ForkPoolWorker-10 - INFO - Finished tokenizing 242255-v2.0.0-mixed: 4 centers, 16 frags.
2025-05-29 11:39:35,181 - ForkPoolWorker-2 - INFO - Finished tokenizing 248620-v2.0.0-mixed: 2 centers, 11 frags.
2025-05-29 11:39:35,181 - ForkPoolWorker-12 - INFO - Finished tokenizing 500955-v1.0.0-bad: 1 centers, 5 frags.
2025-05-29 11:39:35,181 - ForkPoolWorker-2 - INFO - Tokenizing context file: 243197-v2.0.0-mixed
2025-05-29 11:39:35,181 - ForkPoolWorker-12 - INFO - Tokenizing context file: 243044-v2.0.0-mixed
2025-05-29 11:39:35,181 - ForkPoolWorker-10 - INFO - Tokenizing context file: 242199-v2.0.0-mixed
2025-05-29 11:39:35,182 - ForkPoolWorker-4 - INFO - Finished tokenizing 244233-v2.0.0-mixed: 3 centers, 12 frags.
2025-05-29 11:39:35,182 - ForkPoolWorker-7 - INFO - Finished tokenizing 247776-v2.0.0-mixed: 1 centers, 7 frags.
2025-05-29 11:39:35,182 - ForkPoolWorker-7 - INFO - Tokenizing context file: 240712-v2.0.0-mixed
2025-05-29 11:39:35,182 - ForkPoolWorker-6 - INFO - Tokenizing context file: 245788-v2.0.0-mixed
2025-05-29 11:39:35,182 - ForkPoolWorker-8 - INFO - Finished tokenizing 242869-v2.0.0-mixed: 6 centers, 24 frags.
2025-05-29 11:39:35,182 - ForkPoolWorker-1 - INFO - Finished tokenizing 248697-v2.0.0-mixed: 4 centers, 10 frags.
2025-05-29 11:39:35,182 - ForkPoolWorker-8 - INFO - Tokenizing context file: 241757-v2.0.0-mixed
2025-05-29 11:39:35,182 - ForkPoolWorker-1 - INFO - Tokenizing context file: 242790-v2.0.0-mixed
2025-05-29 11:39:35,182 - ForkPoolWorker-5 - INFO - Finished tokenizing 242163-v2.0.0-mixed: 4 centers, 18 frags.
2025-05-29 11:39:35,182 - ForkPoolWorker-11 - INFO - Finished tokenizing 242349-v2.0.0-mixed: 7 centers, 19 frags.
2025-05-29 11:39:35,182 - ForkPoolWorker-9 - INFO - Finished tokenizing 245985-v2.0.0-mixed: 3 centers, 11 frags.
2025-05-29 11:39:35,183 - ForkPoolWorker-5 - INFO - Tokenizing context file: 500871-v1.0.0-bad
2025-05-29 11:39:35,183 - ForkPoolWorker-11 - INFO - Tokenizing context file: 242415-v2.0.0-mixed
2025-05-29 11:39:35,183 - ForkPoolWorker-4 - INFO - Tokenizing context file: 242288-v2.0.0-mixed
2025-05-29 11:39:35,183 - ForkPoolWorker-9 - INFO - Tokenizing context file: 242129-v2.0.0-mixed
2025-05-29 11:39:35,183 - ForkPoolWorker-3 - INFO - Finished tokenizing 242459-v2.0.0-mixed: 6 centers, 22 frags.
2025-05-29 11:39:35,183 - ForkPoolWorker-12 - INFO - Finished tokenizing 243044-v2.0.0-mixed: 5 centers, 17 frags.
2025-05-29 11:39:35,183 - ForkPoolWorker-10 - INFO - Finished tokenizing 242199-v2.0.0-mixed: 2 centers, 9 frags.
2025-05-29 11:39:35,183 - ForkPoolWorker-3 - INFO - Tokenizing context file: 244421-v2.0.0-mixed
2025-05-29 11:39:35,183 - ForkPoolWorker-7 - INFO - Finished tokenizing 240712-v2.0.0-mixed: 4 centers, 14 frags.
2025-05-29 11:39:35,183 - ForkPoolWorker-12 - INFO - Tokenizing context file: 1959-v1.0.0-good
2025-05-29 11:39:35,183 - ForkPoolWorker-10 - INFO - Tokenizing context file: 243301-v2.0.0-mixed
2025-05-29 11:39:35,183 - ForkPoolWorker-7 - INFO - Tokenizing context file: 1978-v1.0.0-good
2025-05-29 11:39:35,183 - ForkPoolWorker-5 - INFO - Finished tokenizing 500871-v1.0.0-bad: 2 centers, 5 frags.
2025-05-29 11:39:35,183 - ForkPoolWorker-5 - INFO - Tokenizing context file: 241815-v2.0.0-mixed
2025-05-29 11:39:35,184 - ForkPoolWorker-6 - INFO - Finished tokenizing 245788-v2.0.0-mixed: 2 centers, 11 frags.
2025-05-29 11:39:35,184 - ForkPoolWorker-12 - INFO - Finished tokenizing 1959-v1.0.0-good: 1 centers, 3 frags.
2025-05-29 11:39:35,184 - ForkPoolWorker-3 - INFO - Finished tokenizing 244421-v2.0.0-mixed: 2 centers, 9 frags.
2025-05-29 11:39:35,184 - ForkPoolWorker-6 - INFO - Tokenizing context file: 242430-v2.0.0-mixed
2025-05-29 11:39:35,184 - ForkPoolWorker-12 - INFO - Tokenizing context file: 247445-v2.0.0-mixed
2025-05-29 11:39:35,184 - ForkPoolWorker-3 - INFO - Tokenizing context file: 241786-v2.0.0-mixed
2025-05-29 11:39:35,184 - ForkPoolWorker-8 - INFO - Finished tokenizing 241757-v2.0.0-mixed: 6 centers, 21 frags.
2025-05-29 11:39:35,184 - ForkPoolWorker-1 - INFO - Finished tokenizing 242790-v2.0.0-mixed: 4 centers, 14 frags.
2025-05-29 11:39:35,184 - ForkPoolWorker-11 - INFO - Finished tokenizing 242415-v2.0.0-mixed: 4 centers, 16 frags.
2025-05-29 11:39:35,184 - ForkPoolWorker-8 - INFO - Tokenizing context file: 246972-v2.0.0-mixed
2025-05-29 11:39:35,184 - ForkPoolWorker-1 - INFO - Tokenizing context file: 241993-v2.0.0-mixed
2025-05-29 11:39:35,184 - ForkPoolWorker-11 - INFO - Tokenizing context file: 242287-v2.0.0-mixed
2025-05-29 11:39:35,184 - ForkPoolWorker-2 - INFO - Finished tokenizing 243197-v2.0.0-mixed: 6 centers, 27 frags.
2025-05-29 11:39:35,184 - ForkPoolWorker-10 - INFO - Finished tokenizing 243301-v2.0.0-mixed: 4 centers, 17 frags.
2025-05-29 11:39:35,184 - ForkPoolWorker-7 - INFO - Finished tokenizing 1978-v1.0.0-good: 1 centers, 3 frags.
2025-05-29 11:39:35,184 - ForkPoolWorker-2 - INFO - Tokenizing context file: 243476-v2.0.0-mixed
2025-05-29 11:39:35,184 - ForkPoolWorker-7 - INFO - Tokenizing context file: 235130-v2.0.0-mixed
2025-05-29 11:39:35,184 - ForkPoolWorker-5 - INFO - Finished tokenizing 241815-v2.0.0-mixed: 2 centers, 9 frags.
2025-05-29 11:39:35,184 - ForkPoolWorker-10 - INFO - Tokenizing context file: 242486-v2.0.0-mixed
2025-05-29 11:39:35,184 - ForkPoolWorker-9 - INFO - Finished tokenizing 242129-v2.0.0-mixed: 1 centers, 2 frags.
2025-05-29 11:39:35,184 - ForkPoolWorker-5 - INFO - Tokenizing context file: 240888-v2.0.0-mixed
2025-05-29 11:39:35,185 - ForkPoolWorker-9 - INFO - Tokenizing context file: 501048-v1.0.0-bad
2025-05-29 11:39:35,185 - ForkPoolWorker-8 - INFO - Finished tokenizing 246972-v2.0.0-mixed: 2 centers, 8 frags.
2025-05-29 11:39:35,185 - ForkPoolWorker-4 - INFO - Finished tokenizing 242288-v2.0.0-mixed: 4 centers, 14 frags.
2025-05-29 11:39:35,185 - ForkPoolWorker-8 - INFO - Tokenizing context file: 242691-v2.0.0-mixed
2025-05-29 11:39:35,185 - ForkPoolWorker-4 - INFO - Tokenizing context file: 234234-v2.0.0-mixed
2025-05-29 11:39:35,185 - ForkPoolWorker-6 - INFO - Finished tokenizing 242430-v2.0.0-mixed: 4 centers, 13 frags.
2025-05-29 11:39:35,185 - ForkPoolWorker-6 - INFO - Tokenizing context file: 239164-v2.0.0-mixed
2025-05-29 11:39:35,185 - ForkPoolWorker-11 - INFO - Finished tokenizing 242287-v2.0.0-mixed: 4 centers, 16 frags.
2025-05-29 11:39:35,185 - ForkPoolWorker-1 - INFO - Finished tokenizing 241993-v2.0.0-mixed: 4 centers, 16 frags.
2025-05-29 11:39:35,185 - ForkPoolWorker-11 - INFO - Tokenizing context file: 238836-v2.0.0-mixed
2025-05-29 11:39:35,185 - ForkPoolWorker-1 - INFO - Tokenizing context file: 242980-v2.0.0-mixed
2025-05-29 11:39:35,186 - ForkPoolWorker-2 - INFO - Finished tokenizing 243476-v2.0.0-mixed: 1 centers, 2 frags.
2025-05-29 11:39:35,185 - ForkPoolWorker-7 - INFO - Finished tokenizing 235130-v2.0.0-mixed: 1 centers, 3 frags.
2025-05-29 11:39:35,186 - ForkPoolWorker-12 - INFO - Finished tokenizing 247445-v2.0.0-mixed: 2 centers, 8 frags.
2025-05-29 11:39:35,186 - ForkPoolWorker-5 - INFO - Finished tokenizing 240888-v2.0.0-mixed: 2 centers, 7 frags.
2025-05-29 11:39:35,186 - ForkPoolWorker-2 - INFO - Tokenizing context file: 234658-v2.0.0-mixed
2025-05-29 11:39:35,186 - ForkPoolWorker-12 - INFO - Tokenizing context file: 500846-v1.0.0-bad
2025-05-29 11:39:35,186 - ForkPoolWorker-5 - INFO - Tokenizing context file: 248672-v2.0.0-mixed
2025-05-29 11:39:35,186 - ForkPoolWorker-8 - INFO - Finished tokenizing 242691-v2.0.0-mixed: 4 centers, 15 frags.
2025-05-29 11:39:35,186 - ForkPoolWorker-8 - INFO - Tokenizing context file: 1525-v1.0.0-bad
2025-05-29 11:39:35,186 - ForkPoolWorker-6 - INFO - Finished tokenizing 239164-v2.0.0-mixed: 2 centers, 7 frags.
2025-05-29 11:39:35,186 - ForkPoolWorker-4 - INFO - Finished tokenizing 234234-v2.0.0-mixed: 3 centers, 9 frags.
2025-05-29 11:39:35,186 - ForkPoolWorker-11 - INFO - Finished tokenizing 238836-v2.0.0-mixed: 2 centers, 7 frags.
2025-05-29 11:39:35,186 - ForkPoolWorker-6 - INFO - Tokenizing context file: 243065-v2.0.0-mixed
2025-05-29 11:39:35,187 - ForkPoolWorker-9 - INFO - Finished tokenizing 501048-v1.0.0-bad: 1 centers, 5 frags.
2025-05-29 11:39:35,187 - ForkPoolWorker-11 - INFO - Tokenizing context file: 244474-v2.0.0-mixed
2025-05-29 11:39:35,187 - ForkPoolWorker-4 - INFO - Tokenizing context file: 242622-v2.0.0-mixed
2025-05-29 11:39:35,187 - ForkPoolWorker-10 - INFO - Finished tokenizing 242486-v2.0.0-mixed: 2 centers, 9 frags.
2025-05-29 11:39:35,187 - ForkPoolWorker-9 - INFO - Tokenizing context file: 242358-v2.0.0-mixed
2025-05-29 11:39:35,187 - ForkPoolWorker-3 - INFO - Finished tokenizing 241786-v2.0.0-mixed: 6 centers, 36 frags.
2025-05-29 11:39:35,187 - ForkPoolWorker-12 - INFO - Finished tokenizing 500846-v1.0.0-bad: 1 centers, 6 frags.
2025-05-29 11:39:35,187 - ForkPoolWorker-10 - INFO - Tokenizing context file: 246456-v2.0.0-mixed
2025-05-29 11:39:35,188 - ForkPoolWorker-6 - INFO - Finished tokenizing 243065-v2.0.0-mixed: 2 centers, 6 frags.
2025-05-29 11:39:35,188 - ForkPoolWorker-3 - INFO - Tokenizing context file: 242326-v2.0.0-mixed
2025-05-29 11:39:35,187 - ForkPoolWorker-5 - INFO - Finished tokenizing 248672-v2.0.0-mixed: 1 centers, 5 frags.
2025-05-29 11:39:35,188 - ForkPoolWorker-1 - INFO - Finished tokenizing 242980-v2.0.0-mixed: 5 centers, 21 frags.
2025-05-29 11:39:35,187 - ForkPoolWorker-8 - INFO - Finished tokenizing 1525-v1.0.0-bad: 2 centers, 6 frags.
2025-05-29 11:39:35,188 - ForkPoolWorker-6 - INFO - Tokenizing context file: 242380-v2.0.0-mixed
2025-05-29 11:39:35,188 - ForkPoolWorker-1 - INFO - Tokenizing context file: 239610-v2.0.0-mixed
2025-05-29 11:39:35,188 - ForkPoolWorker-12 - INFO - Tokenizing context file: 241983-v2.0.0-mixed
2025-05-29 11:39:35,188 - ForkPoolWorker-8 - INFO - Tokenizing context file: 234893-v2.0.0-mixed
2025-05-29 11:39:35,188 - ForkPoolWorker-7 - INFO - Tokenizing context file: 246310-v2.0.0-mixed
2025-05-29 11:39:35,188 - ForkPoolWorker-3 - INFO - Finished tokenizing 242326-v2.0.0-mixed: 2 centers, 9 frags.
2025-05-29 11:39:35,189 - ForkPoolWorker-3 - INFO - Tokenizing context file: 243022-v2.0.0-mixed
2025-05-29 11:39:35,189 - ForkPoolWorker-1 - INFO - Finished tokenizing 239610-v2.0.0-mixed: 0 centers, 0 frags.
2025-05-29 11:39:35,189 - ForkPoolWorker-2 - INFO - Finished tokenizing 234658-v2.0.0-mixed: 3 centers, 7 frags.
2025-05-29 11:39:35,189 - ForkPoolWorker-4 - INFO - Finished tokenizing 242622-v2.0.0-mixed: 4 centers, 13 frags.
2025-05-29 11:39:35,189 - ForkPoolWorker-1 - INFO - Tokenizing context file: 244377-v2.0.0-mixed
2025-05-29 11:39:35,189 - ForkPoolWorker-2 - INFO - Tokenizing context file: 239632-v2.0.0-mixed
2025-05-29 11:39:35,189 - ForkPoolWorker-4 - INFO - Tokenizing context file: 242201-v2.0.0-mixed
2025-05-29 11:39:35,189 - ForkPoolWorker-8 - INFO - Finished tokenizing 234893-v2.0.0-mixed: 5 centers, 11 frags.
2025-05-29 11:39:35,189 - ForkPoolWorker-11 - INFO - Finished tokenizing 244474-v2.0.0-mixed: 3 centers, 15 frags.
2025-05-29 11:39:35,189 - ForkPoolWorker-10 - INFO - Finished tokenizing 246456-v2.0.0-mixed: 1 centers, 7 frags.
2025-05-29 11:39:35,189 - ForkPoolWorker-8 - INFO - Tokenizing context file: 243835-v2.0.0-mixed
2025-05-29 11:39:35,189 - ForkPoolWorker-11 - INFO - Tokenizing context file: 500992-v1.0.0-bad
2025-05-29 11:39:35,189 - ForkPoolWorker-5 - INFO - Tokenizing context file: 244330-v2.0.0-mixed
2025-05-29 11:39:35,190 - ForkPoolWorker-6 - INFO - Finished tokenizing 242380-v2.0.0-mixed: 7 centers, 25 frags.
2025-05-29 11:39:35,190 - ForkPoolWorker-1 - INFO - Finished tokenizing 244377-v2.0.0-mixed: 3 centers, 13 frags.
2025-05-29 11:39:35,190 - ForkPoolWorker-11 - INFO - Finished tokenizing 500992-v1.0.0-bad: 1 centers, 2 frags.
2025-05-29 11:39:35,190 - ForkPoolWorker-9 - INFO - Finished tokenizing 242358-v2.0.0-mixed: 2 centers, 20 frags.
2025-05-29 11:39:35,190 - ForkPoolWorker-2 - INFO - Finished tokenizing 239632-v2.0.0-mixed: 4 centers, 13 frags.
2025-05-29 11:39:35,190 - ForkPoolWorker-7 - INFO - Finished tokenizing 246310-v2.0.0-mixed: 2 centers, 9 frags.
2025-05-29 11:39:35,190 - ForkPoolWorker-10 - INFO - Tokenizing context file: 240594-v2.0.0-mixed
2025-05-29 11:39:35,190 - ForkPoolWorker-6 - INFO - Tokenizing context file: 239972-v2.0.0-mixed
2025-05-29 11:39:35,190 - ForkPoolWorker-1 - INFO - Tokenizing context file: 245418-v2.0.0-mixed
2025-05-29 11:39:35,190 - ForkPoolWorker-9 - INFO - Tokenizing context file: 242839-v2.0.0-mixed
2025-05-29 11:39:35,191 - ForkPoolWorker-2 - INFO - Tokenizing context file: 243483-v2.0.0-mixed
2025-05-29 11:39:35,191 - ForkPoolWorker-11 - INFO - Tokenizing context file: 244893-v2.0.0-mixed
2025-05-29 11:39:35,191 - ForkPoolWorker-3 - INFO - Finished tokenizing 243022-v2.0.0-mixed: 7 centers, 27 frags.
2025-05-29 11:39:35,191 - ForkPoolWorker-3 - INFO - Tokenizing context file: 500840-v1.0.0-bad
2025-05-29 11:39:35,191 - ForkPoolWorker-7 - INFO - Tokenizing context file: 1458-v1.0.0-good
2025-05-29 11:39:35,191 - ForkPoolWorker-7 - INFO - Finished tokenizing 1458-v1.0.0-good: 1 centers, 3 frags.
2025-05-29 11:39:35,191 - ForkPoolWorker-5 - INFO - Finished tokenizing 244330-v2.0.0-mixed: 3 centers, 15 frags.
2025-05-29 11:39:35,191 - ForkPoolWorker-12 - INFO - Finished tokenizing 241983-v2.0.0-mixed: 6 centers, 37 frags.
2025-05-29 11:39:35,191 - ForkPoolWorker-5 - INFO - Tokenizing context file: 243233-v2.0.0-mixed
2025-05-29 11:39:35,191 - ForkPoolWorker-2 - INFO - Finished tokenizing 243483-v2.0.0-mixed: 2 centers, 6 frags.
2025-05-29 11:39:35,191 - ForkPoolWorker-4 - INFO - Finished tokenizing 242201-v2.0.0-mixed: 2 centers, 9 frags.
2025-05-29 11:39:35,191 - ForkPoolWorker-11 - INFO - Finished tokenizing 244893-v2.0.0-mixed: 2 centers, 9 frags.
2025-05-29 11:39:35,192 - ForkPoolWorker-6 - INFO - Finished tokenizing 239972-v2.0.0-mixed: 4 centers, 14 frags.
2025-05-29 11:39:35,192 - ForkPoolWorker-7 - INFO - Tokenizing context file: 247114-v2.0.0-mixed
2025-05-29 11:39:35,192 - ForkPoolWorker-3 - INFO - Finished tokenizing 500840-v1.0.0-bad: 1 centers, 3 frags.
2025-05-29 11:39:35,192 - ForkPoolWorker-8 - INFO - Finished tokenizing 243835-v2.0.0-mixed: 7 centers, 38 frags.
2025-05-29 11:39:35,192 - ForkPoolWorker-9 - INFO - Finished tokenizing 242839-v2.0.0-mixed: 2 centers, 20 frags.
2025-05-29 11:39:35,192 - ForkPoolWorker-10 - INFO - Finished tokenizing 240594-v2.0.0-mixed: 6 centers, 28 frags.
2025-05-29 11:39:35,192 - ForkPoolWorker-7 - INFO - Finished tokenizing 247114-v2.0.0-mixed: 2 centers, 6 frags.
2025-05-29 11:39:35,192 - ForkPoolWorker-5 - INFO - Finished tokenizing 243233-v2.0.0-mixed: 6 centers, 22 frags.
2025-05-29 11:39:35,193 - ForkPoolWorker-1 - INFO - Finished tokenizing 245418-v2.0.0-mixed: 2 centers, 11 frags.
2025-05-29 11:39:35,193 - ForkPoolWorker-12 - INFO - Tokenizing context file: 247525-v2.0.0-mixed
2025-05-29 11:39:35,193 - ForkPoolWorker-2 - INFO - Tokenizing context file: 501032-v1.0.0-bad
2025-05-29 11:39:35,193 - ForkPoolWorker-4 - INFO - Tokenizing context file: 243449-v2.0.0-mixed
2025-05-29 11:39:35,193 - ForkPoolWorker-11 - INFO - Tokenizing context file: 235746-v2.0.0-mixed
2025-05-29 11:39:35,193 - ForkPoolWorker-6 - INFO - Tokenizing context file: 247584-v2.0.0-mixed
2025-05-29 11:39:35,193 - ForkPoolWorker-3 - INFO - Tokenizing context file: 500904-v1.0.0-bad
2025-05-29 11:39:35,193 - ForkPoolWorker-8 - INFO - Tokenizing context file: 239472-v2.0.0-mixed
2025-05-29 11:39:35,193 - ForkPoolWorker-2 - INFO - Finished tokenizing 501032-v1.0.0-bad: 0 centers, 0 frags.
2025-05-29 11:39:35,194 - ForkPoolWorker-12 - INFO - Finished tokenizing 247525-v2.0.0-mixed: 3 centers, 8 frags.
2025-05-29 11:39:35,194 - ForkPoolWorker-4 - INFO - Finished tokenizing 243449-v2.0.0-mixed: 2 centers, 6 frags.
2025-05-29 11:39:35,194 - ForkPoolWorker-3 - INFO - Finished tokenizing 500904-v1.0.0-bad: 1 centers, 3 frags.
2025-05-29 11:39:35,194 - ForkPoolWorker-6 - INFO - Finished tokenizing 247584-v2.0.0-mixed: 1 centers, 5 frags.
2025-05-29 11:39:35,194 - ForkPoolWorker-11 - INFO - Finished tokenizing 235746-v2.0.0-mixed: 3 centers, 15 frags.
2025-05-29 11:39:35,194 - ForkPoolWorker-9 - INFO - Tokenizing context file: 243895-v2.0.0-mixed
2025-05-29 11:39:35,194 - ForkPoolWorker-10 - INFO - Tokenizing context file: 246167-v2.0.0-mixed
2025-05-29 11:39:35,195 - ForkPoolWorker-8 - INFO - Finished tokenizing 239472-v2.0.0-mixed: 4 centers, 14 frags.
2025-05-29 11:39:35,195 - ForkPoolWorker-10 - INFO - Finished tokenizing 246167-v2.0.0-mixed: 1 centers, 5 frags.
2025-05-29 11:39:35,195 - ForkPoolWorker-9 - INFO - Finished tokenizing 243895-v2.0.0-mixed: 3 centers, 10 frags.
2025-05-29 11:39:35,195 - ForkPoolWorker-6 - INFO - Tokenizing context file: 1490-v1.0.0-bad
2025-05-29 11:39:35,196 - ForkPoolWorker-5 - INFO - Tokenizing context file: 238822-v2.0.0-mixed
2025-05-29 11:39:35,196 - ForkPoolWorker-1 - INFO - Tokenizing context file: 241852-v2.0.0-mixed
2025-05-29 11:39:35,196 - ForkPoolWorker-2 - INFO - Tokenizing context file: 248055-v2.0.0-mixed
2025-05-29 11:39:35,196 - ForkPoolWorker-6 - INFO - Finished tokenizing 1490-v1.0.0-bad: 1 centers, 4 frags.
2025-05-29 11:39:35,196 - ForkPoolWorker-2 - INFO - Finished tokenizing 248055-v2.0.0-mixed: 1 centers, 5 frags.
2025-05-29 11:39:35,197 - ForkPoolWorker-12 - INFO - Tokenizing context file: 1533-v1.0.0-bad
2025-05-29 11:39:35,197 - ForkPoolWorker-3 - INFO - Tokenizing context file: 2038-v1.0.0-bad
2025-05-29 11:39:35,197 - ForkPoolWorker-4 - INFO - Tokenizing context file: 246909-v2.0.0-mixed
2025-05-29 11:39:35,197 - ForkPoolWorker-7 - INFO - Tokenizing context file: 244278-v2.0.0-mixed
2025-05-29 11:39:35,197 - ForkPoolWorker-11 - INFO - Tokenizing context file: 241785-v2.0.0-mixed
2025-05-29 11:39:35,197 - ForkPoolWorker-1 - INFO - Finished tokenizing 241852-v2.0.0-mixed: 6 centers, 20 frags.
2025-05-29 11:39:35,198 - ForkPoolWorker-5 - INFO - Finished tokenizing 238822-v2.0.0-mixed: 5 centers, 32 frags.
2025-05-29 11:39:35,198 - ForkPoolWorker-11 - INFO - Finished tokenizing 241785-v2.0.0-mixed: 2 centers, 7 frags.
2025-05-29 11:39:35,198 - ForkPoolWorker-8 - INFO - Tokenizing context file: 235366-v2.0.0-mixed
2025-05-29 11:39:35,198 - ForkPoolWorker-10 - INFO - Tokenizing context file: 241868-v2.0.0-mixed
2025-05-29 11:39:35,198 - ForkPoolWorker-9 - INFO - Tokenizing context file: 243196-v2.0.0-mixed
2025-05-29 11:39:35,198 - ForkPoolWorker-6 - INFO - Tokenizing context file: 242062-v2.0.0-mixed
2025-05-29 11:39:35,198 - ForkPoolWorker-2 - INFO - Tokenizing context file: 245648-v2.0.0-mixed
2025-05-29 11:39:35,198 - ForkPoolWorker-1 - INFO - Tokenizing context file: 246358-v2.0.0-mixed
2025-05-29 11:39:35,199 - ForkPoolWorker-2 - INFO - Finished tokenizing 245648-v2.0.0-mixed: 1 centers, 5 frags.
2025-05-29 11:39:35,199 - ForkPoolWorker-2 - INFO - Tokenizing context file: 241970-v2.0.0-mixed
2025-05-29 11:39:35,199 - ForkPoolWorker-5 - INFO - Tokenizing context file: 243999-v2.0.0-mixed
2025-05-29 11:39:35,199 - ForkPoolWorker-11 - INFO - Tokenizing context file: 500909-v1.0.0-bad
2025-05-29 11:39:35,199 - ForkPoolWorker-1 - INFO - Finished tokenizing 246358-v2.0.0-mixed: 2 centers, 9 frags.
2025-05-29 11:39:35,199 - ForkPoolWorker-1 - INFO - Tokenizing context file: 500947-v1.0.0-bad
2025-05-29 11:39:35,204 - ForkPoolWorker-3 - INFO - Finished tokenizing 2038-v1.0.0-bad: 1 centers, 5 frags.
2025-05-29 11:39:35,204 - ForkPoolWorker-1 - INFO - Finished tokenizing 500947-v1.0.0-bad: 1 centers, 2 frags.
2025-05-29 11:39:35,204 - ForkPoolWorker-2 - INFO - Finished tokenizing 241970-v2.0.0-mixed: 1 centers, 2 frags.
2025-05-29 11:39:35,205 - ForkPoolWorker-3 - INFO - Tokenizing context file: 2197-v1.0.0-good
2025-05-29 11:39:35,205 - ForkPoolWorker-12 - INFO - Finished tokenizing 1533-v1.0.0-bad: 3 centers, 9 frags.
2025-05-29 11:39:35,205 - ForkPoolWorker-1 - INFO - Tokenizing context file: 240198-v2.0.0-mixed
2025-05-29 11:39:35,205 - ForkPoolWorker-7 - INFO - Finished tokenizing 244278-v2.0.0-mixed: 2 centers, 8 frags.
2025-05-29 11:39:35,205 - ForkPoolWorker-12 - INFO - Tokenizing context file: 240498-v2.0.0-mixed
2025-05-29 11:39:35,205 - ForkPoolWorker-2 - INFO - Tokenizing context file: 500892-v1.0.0-bad
2025-05-29 11:39:35,205 - ForkPoolWorker-8 - INFO - Finished tokenizing 235366-v2.0.0-mixed: 5 centers, 16 frags.
2025-05-29 11:39:35,205 - ForkPoolWorker-7 - INFO - Tokenizing context file: 243446-v2.0.0-mixed
2025-05-29 11:39:35,205 - ForkPoolWorker-8 - INFO - Tokenizing context file: 242303-v2.0.0-mixed
2025-05-29 11:39:35,205 - ForkPoolWorker-9 - INFO - Finished tokenizing 243196-v2.0.0-mixed: 6 centers, 17 frags.
2025-05-29 11:39:35,205 - ForkPoolWorker-11 - INFO - Finished tokenizing 500909-v1.0.0-bad: 2 centers, 4 frags.
2025-05-29 11:39:35,205 - ForkPoolWorker-9 - INFO - Tokenizing context file: 243004-v2.0.0-mixed
2025-05-29 11:39:35,205 - ForkPoolWorker-11 - INFO - Tokenizing context file: 241941-v2.0.0-mixed
2025-05-29 11:39:35,205 - ForkPoolWorker-1 - INFO - Finished tokenizing 240198-v2.0.0-mixed: 1 centers, 2 frags.
2025-05-29 11:39:35,205 - ForkPoolWorker-5 - INFO - Finished tokenizing 243999-v2.0.0-mixed: 4 centers, 25 frags.
2025-05-29 11:39:35,206 - ForkPoolWorker-10 - INFO - Finished tokenizing 241868-v2.0.0-mixed: 7 centers, 27 frags.
2025-05-29 11:39:35,206 - ForkPoolWorker-1 - INFO - Tokenizing context file: 243505-v2.0.0-mixed
2025-05-29 11:39:35,206 - ForkPoolWorker-4 - INFO - Finished tokenizing 246909-v2.0.0-mixed: 5 centers, 30 frags.
2025-05-29 11:39:35,206 - ForkPoolWorker-5 - INFO - Tokenizing context file: 242502-v2.0.0-mixed
2025-05-29 11:39:35,206 - ForkPoolWorker-10 - INFO - Tokenizing context file: 242182-v2.0.0-mixed
2025-05-29 11:39:35,206 - ForkPoolWorker-4 - INFO - Tokenizing context file: 242598-v2.0.0-mixed
2025-05-29 11:39:35,206 - ForkPoolWorker-3 - INFO - Finished tokenizing 2197-v1.0.0-good: 2 centers, 11 frags.
2025-05-29 11:39:35,206 - ForkPoolWorker-3 - INFO - Tokenizing context file: 500860-v1.0.0-bad
2025-05-29 11:39:35,206 - ForkPoolWorker-2 - INFO - Finished tokenizing 500892-v1.0.0-bad: 1 centers, 2 frags.
2025-05-29 11:39:35,206 - ForkPoolWorker-2 - INFO - Tokenizing context file: 248005-v2.0.0-mixed
2025-05-29 11:39:35,206 - ForkPoolWorker-6 - INFO - Finished tokenizing 242062-v2.0.0-mixed: 7 centers, 27 frags.
2025-05-29 11:39:35,207 - ForkPoolWorker-6 - INFO - Tokenizing context file: 242248-v2.0.0-mixed
2025-05-29 11:39:35,207 - ForkPoolWorker-1 - INFO - Finished tokenizing 243505-v2.0.0-mixed: 4 centers, 16 frags.
2025-05-29 11:39:35,207 - ForkPoolWorker-3 - INFO - Finished tokenizing 500860-v1.0.0-bad: 1 centers, 2 frags.
2025-05-29 11:39:35,207 - ForkPoolWorker-5 - INFO - Finished tokenizing 242502-v2.0.0-mixed: 4 centers, 14 frags.
2025-05-29 11:39:35,207 - ForkPoolWorker-7 - INFO - Finished tokenizing 243446-v2.0.0-mixed: 18 centers, 25 frags.
2025-05-29 11:39:35,207 - ForkPoolWorker-11 - INFO - Finished tokenizing 241941-v2.0.0-mixed: 6 centers, 20 frags.
2025-05-29 11:39:35,207 - ForkPoolWorker-12 - INFO - Finished tokenizing 240498-v2.0.0-mixed: 7 centers, 23 frags.
2025-05-29 11:39:35,207 - ForkPoolWorker-9 - INFO - Finished tokenizing 243004-v2.0.0-mixed: 6 centers, 20 frags.
2025-05-29 11:39:35,207 - ForkPoolWorker-10 - INFO - Finished tokenizing 242182-v2.0.0-mixed: 4 centers, 16 frags.
2025-05-29 11:39:35,207 - ForkPoolWorker-8 - INFO - Finished tokenizing 242303-v2.0.0-mixed: 6 centers, 26 frags.
2025-05-29 11:39:35,208 - ForkPoolWorker-2 - INFO - Finished tokenizing 248005-v2.0.0-mixed: 2 centers, 8 frags.
2025-05-29 11:39:35,208 - ForkPoolWorker-6 - INFO - Finished tokenizing 242248-v2.0.0-mixed: 4 centers, 10 frags.
2025-05-29 11:39:35,208 - ForkPoolWorker-3 - INFO - Tokenizing context file: 245157-v2.0.0-mixed
2025-05-29 11:39:35,208 - ForkPoolWorker-1 - INFO - Tokenizing context file: 242479-v2.0.0-mixed
2025-05-29 11:39:35,208 - ForkPoolWorker-4 - INFO - Finished tokenizing 242598-v2.0.0-mixed: 4 centers, 14 frags.
2025-05-29 11:39:35,208 - ForkPoolWorker-11 - INFO - Tokenizing context file: 243332-v2.0.0-mixed
2025-05-29 11:39:35,208 - ForkPoolWorker-7 - INFO - Tokenizing context file: 243509-v2.0.0-mixed
2025-05-29 11:39:35,208 - ForkPoolWorker-5 - INFO - Tokenizing context file: 246735-v2.0.0-mixed
2025-05-29 11:39:35,208 - ForkPoolWorker-9 - INFO - Tokenizing context file: 16-v1.0.0-bad
2025-05-29 11:39:35,208 - ForkPoolWorker-12 - INFO - Tokenizing context file: 242606-v2.0.0-mixed
2025-05-29 11:39:35,208 - ForkPoolWorker-10 - INFO - Tokenizing context file: 240717-v2.0.0-mixed
2025-05-29 11:39:35,208 - ForkPoolWorker-8 - INFO - Tokenizing context file: 247629-v2.0.0-mixed
2025-05-29 11:39:35,208 - ForkPoolWorker-4 - INFO - Tokenizing context file: 240614-v2.0.0-mixed
2025-05-29 11:39:35,208 - ForkPoolWorker-6 - INFO - Tokenizing context file: 242309-v2.0.0-mixed
2025-05-29 11:39:35,208 - ForkPoolWorker-2 - INFO - Tokenizing context file: 248141-v2.0.0-mixed
2025-05-29 11:39:35,209 - ForkPoolWorker-9 - INFO - Finished tokenizing 16-v1.0.0-bad: 1 centers, 4 frags.
2025-05-29 11:39:35,209 - ForkPoolWorker-5 - INFO - Finished tokenizing 246735-v2.0.0-mixed: 1 centers, 5 frags.
2025-05-29 11:39:35,209 - ForkPoolWorker-9 - INFO - Tokenizing context file: 242813-v2.0.0-mixed
2025-05-29 11:39:35,209 - ForkPoolWorker-10 - INFO - Finished tokenizing 240717-v2.0.0-mixed: 1 centers, 2 frags.
2025-05-29 11:39:35,209 - ForkPoolWorker-3 - INFO - Finished tokenizing 245157-v2.0.0-mixed: 5 centers, 13 frags.
2025-05-29 11:39:35,209 - ForkPoolWorker-5 - INFO - Tokenizing context file: 242435-v2.0.0-mixed
2025-05-29 11:39:35,209 - ForkPoolWorker-10 - INFO - Tokenizing context file: 248527-v2.0.0-mixed
2025-05-29 11:39:35,209 - ForkPoolWorker-7 - INFO - Finished tokenizing 243509-v2.0.0-mixed: 6 centers, 9 frags.
2025-05-29 11:39:35,209 - ForkPoolWorker-1 - INFO - Finished tokenizing 242479-v2.0.0-mixed: 4 centers, 16 frags.
2025-05-29 11:39:35,209 - ForkPoolWorker-3 - INFO - Tokenizing context file: 500889-v1.0.0-bad
2025-05-29 11:39:35,209 - ForkPoolWorker-7 - INFO - Tokenizing context file: 242916-v2.0.0-mixed
2025-05-29 11:39:35,209 - ForkPoolWorker-1 - INFO - Tokenizing context file: 242662-v2.0.0-mixed
2025-05-29 11:39:35,209 - ForkPoolWorker-8 - INFO - Finished tokenizing 247629-v2.0.0-mixed: 2 centers, 11 frags.
2025-05-29 11:39:35,209 - ForkPoolWorker-2 - INFO - Finished tokenizing 248141-v2.0.0-mixed: 3 centers, 8 frags.
2025-05-29 11:39:35,209 - ForkPoolWorker-2 - INFO - Tokenizing context file: 242876-v2.0.0-mixed
2025-05-29 11:39:35,209 - ForkPoolWorker-8 - INFO - Tokenizing context file: 241674-v2.0.0-mixed
2025-05-29 11:39:35,209 - ForkPoolWorker-3 - INFO - Finished tokenizing 500889-v1.0.0-bad: 1 centers, 4 frags.
2025-05-29 11:39:35,210 - ForkPoolWorker-3 - INFO - Tokenizing context file: 246927-v2.0.0-mixed
2025-05-29 11:39:35,210 - ForkPoolWorker-11 - INFO - Finished tokenizing 243332-v2.0.0-mixed: 10 centers, 22 frags.
2025-05-29 11:39:35,210 - ForkPoolWorker-11 - INFO - Tokenizing context file: 240993-v2.0.0-mixed
2025-05-29 11:39:35,210 - ForkPoolWorker-12 - INFO - Finished tokenizing 242606-v2.0.0-mixed: 7 centers, 27 frags.
2025-05-29 11:39:35,210 - ForkPoolWorker-12 - INFO - Tokenizing context file: 246458-v2.0.0-mixed
2025-05-29 11:39:35,210 - ForkPoolWorker-5 - INFO - Finished tokenizing 242435-v2.0.0-mixed: 4 centers, 15 frags.
2025-05-29 11:39:35,210 - ForkPoolWorker-6 - INFO - Finished tokenizing 242309-v2.0.0-mixed: 7 centers, 23 frags.
2025-05-29 11:39:35,210 - ForkPoolWorker-5 - INFO - Tokenizing context file: 500918-v1.0.0-bad
2025-05-29 11:39:35,210 - ForkPoolWorker-6 - INFO - Tokenizing context file: 241949-v2.0.0-mixed
2025-05-29 11:39:35,210 - ForkPoolWorker-1 - INFO - Finished tokenizing 242662-v2.0.0-mixed: 4 centers, 16 frags.
2025-05-29 11:39:35,210 - ForkPoolWorker-7 - INFO - Finished tokenizing 242916-v2.0.0-mixed: 5 centers, 17 frags.
2025-05-29 11:39:35,210 - ForkPoolWorker-1 - INFO - Tokenizing context file: 244213-v2.0.0-mixed
2025-05-29 11:39:35,210 - ForkPoolWorker-3 - INFO - Finished tokenizing 246927-v2.0.0-mixed: 1 centers, 7 frags.
2025-05-29 11:39:35,210 - ForkPoolWorker-10 - INFO - Finished tokenizing 248527-v2.0.0-mixed: 1 centers, 7 frags.
2025-05-29 11:39:35,210 - ForkPoolWorker-7 - INFO - Tokenizing context file: 242987-v2.0.0-mixed
2025-05-29 11:39:35,210 - ForkPoolWorker-3 - INFO - Tokenizing context file: 243363-v2.0.0-mixed
2025-05-29 11:39:35,210 - ForkPoolWorker-9 - INFO - Finished tokenizing 242813-v2.0.0-mixed: 6 centers, 21 frags.
2025-05-29 11:39:35,211 - ForkPoolWorker-10 - INFO - Tokenizing context file: 245629-v2.0.0-mixed
2025-05-29 11:39:35,211 - ForkPoolWorker-9 - INFO - Tokenizing context file: 241842-v2.0.0-mixed
2025-05-29 11:39:35,211 - ForkPoolWorker-11 - INFO - Finished tokenizing 240993-v2.0.0-mixed: 3 centers, 11 frags.
2025-05-29 11:39:35,211 - ForkPoolWorker-5 - INFO - Finished tokenizing 500918-v1.0.0-bad: 1 centers, 4 frags.
2025-05-29 11:39:35,211 - ForkPoolWorker-8 - INFO - Finished tokenizing 241674-v2.0.0-mixed: 5 centers, 14 frags.
2025-05-29 11:39:35,211 - ForkPoolWorker-11 - INFO - Tokenizing context file: 242951-v2.0.0-mixed
2025-05-29 11:39:35,211 - ForkPoolWorker-5 - INFO - Tokenizing context file: 243202-v2.0.0-mixed
2025-05-29 11:39:35,211 - ForkPoolWorker-8 - INFO - Tokenizing context file: 242205-v2.0.0-mixed
2025-05-29 11:39:35,211 - ForkPoolWorker-2 - INFO - Finished tokenizing 242876-v2.0.0-mixed: 6 centers, 24 frags.
2025-05-29 11:39:35,211 - ForkPoolWorker-2 - INFO - Tokenizing context file: 246169-v2.0.0-mixed
2025-05-29 11:39:35,211 - ForkPoolWorker-9 - INFO - Finished tokenizing 241842-v2.0.0-mixed: 1 centers, 2 frags.
2025-05-29 11:39:35,211 - ForkPoolWorker-9 - INFO - Tokenizing context file: 1528-v1.0.0-bad
2025-05-29 11:39:35,212 - ForkPoolWorker-12 - INFO - Finished tokenizing 246458-v2.0.0-mixed: 3 centers, 15 frags.
2025-05-29 11:39:35,212 - ForkPoolWorker-12 - INFO - Tokenizing context file: 244276-v2.0.0-mixed
2025-05-29 11:39:35,212 - ForkPoolWorker-11 - INFO - Finished tokenizing 242951-v2.0.0-mixed: 4 centers, 16 frags.
2025-05-29 11:39:35,212 - ForkPoolWorker-6 - INFO - Finished tokenizing 241949-v2.0.0-mixed: 6 centers, 21 frags.
2025-05-29 11:39:35,212 - ForkPoolWorker-5 - INFO - Finished tokenizing 243202-v2.0.0-mixed: 6 centers, 23 frags.
2025-05-29 11:39:35,212 - ForkPoolWorker-9 - INFO - Finished tokenizing 1528-v1.0.0-bad: 2 centers, 4 frags.
2025-05-29 11:39:35,212 - ForkPoolWorker-1 - INFO - Finished tokenizing 244213-v2.0.0-mixed: 6 centers, 19 frags.
2025-05-29 11:39:35,212 - ForkPoolWorker-9 - INFO - Tokenizing context file: 237304-v2.0.0-mixed
2025-05-29 11:39:35,212 - ForkPoolWorker-6 - INFO - Tokenizing context file: 243138-v2.0.0-mixed
2025-05-29 11:39:35,212 - ForkPoolWorker-11 - INFO - Tokenizing context file: 235427-v2.0.0-mixed
2025-05-29 11:39:35,212 - ForkPoolWorker-7 - INFO - Finished tokenizing 242987-v2.0.0-mixed: 7 centers, 25 frags.
2025-05-29 11:39:35,212 - ForkPoolWorker-1 - INFO - Tokenizing context file: 243212-v2.0.0-mixed
2025-05-29 11:39:35,212 - ForkPoolWorker-7 - INFO - Tokenizing context file: 242003-v2.0.0-mixed
2025-05-29 11:39:35,212 - ForkPoolWorker-2 - INFO - Finished tokenizing 246169-v2.0.0-mixed: 3 centers, 8 frags.
2025-05-29 11:39:35,213 - ForkPoolWorker-2 - INFO - Tokenizing context file: 240160-v2.0.0-mixed
2025-05-29 11:39:35,213 - ForkPoolWorker-4 - INFO - Finished tokenizing 240614-v2.0.0-mixed: 26 centers, 57 frags.
2025-05-29 11:39:35,213 - ForkPoolWorker-12 - INFO - Finished tokenizing 244276-v2.0.0-mixed: 2 centers, 8 frags.
2025-05-29 11:39:35,213 - ForkPoolWorker-5 - INFO - Tokenizing context file: 242132-v2.0.0-mixed
2025-05-29 11:39:35,213 - ForkPoolWorker-4 - INFO - Tokenizing context file: 242144-v2.0.0-mixed
2025-05-29 11:39:35,213 - ForkPoolWorker-8 - INFO - Finished tokenizing 242205-v2.0.0-mixed: 6 centers, 28 frags.
2025-05-29 11:39:35,213 - ForkPoolWorker-12 - INFO - Tokenizing context file: 242998-v2.0.0-mixed
2025-05-29 11:39:35,213 - ForkPoolWorker-8 - INFO - Tokenizing context file: 234403-v2.0.0-mixed
2025-05-29 11:39:35,213 - ForkPoolWorker-9 - INFO - Finished tokenizing 237304-v2.0.0-mixed: 4 centers, 13 frags.
2025-05-29 11:39:35,213 - ForkPoolWorker-3 - INFO - Finished tokenizing 243363-v2.0.0-mixed: 26 centers, 42 frags.
2025-05-29 11:39:35,213 - ForkPoolWorker-9 - INFO - Tokenizing context file: 241787-v2.0.0-mixed
2025-05-29 11:39:35,213 - ForkPoolWorker-10 - INFO - Finished tokenizing 245629-v2.0.0-mixed: 5 centers, 16 frags.
2025-05-29 11:39:35,213 - ForkPoolWorker-3 - INFO - Tokenizing context file: 243303-v2.0.0-mixed
2025-05-29 11:39:35,213 - ForkPoolWorker-11 - INFO - Finished tokenizing 235427-v2.0.0-mixed: 4 centers, 14 frags.
2025-05-29 11:39:35,214 - ForkPoolWorker-7 - INFO - Finished tokenizing 242003-v2.0.0-mixed: 4 centers, 14 frags.
2025-05-29 11:39:35,214 - ForkPoolWorker-6 - INFO - Finished tokenizing 243138-v2.0.0-mixed: 6 centers, 22 frags.
2025-05-29 11:39:35,214 - ForkPoolWorker-8 - INFO - Finished tokenizing 234403-v2.0.0-mixed: 1 centers, 3 frags.
2025-05-29 11:39:35,214 - ForkPoolWorker-12 - INFO - Finished tokenizing 242998-v2.0.0-mixed: 2 centers, 9 frags.
2025-05-29 11:39:35,214 - ForkPoolWorker-1 - INFO - Finished tokenizing 243212-v2.0.0-mixed: 7 centers, 19 frags.
2025-05-29 11:39:35,214 - ForkPoolWorker-2 - INFO - Finished tokenizing 240160-v2.0.0-mixed: 7 centers, 25 frags.
2025-05-29 11:39:35,214 - ForkPoolWorker-4 - INFO - Finished tokenizing 242144-v2.0.0-mixed: 6 centers, 22 frags.
2025-05-29 11:39:35,215 - ForkPoolWorker-9 - INFO - Finished tokenizing 241787-v2.0.0-mixed: 6 centers, 22 frags.
2025-05-29 11:39:35,215 - ForkPoolWorker-5 - INFO - Finished tokenizing 242132-v2.0.0-mixed: 18 centers, 23 frags.
2025-05-29 11:39:35,215 - ForkPoolWorker-11 - INFO - Tokenizing context file: 242534-v2.0.0-mixed
2025-05-29 11:39:35,215 - ForkPoolWorker-10 - INFO - Tokenizing context file: 242570-v2.0.0-mixed
2025-05-29 11:39:35,215 - ForkPoolWorker-7 - INFO - Tokenizing context file: 244095-v2.0.0-mixed
2025-05-29 11:39:35,216 - ForkPoolWorker-3 - INFO - Finished tokenizing 243303-v2.0.0-mixed: 7 centers, 22 frags.
2025-05-29 11:39:35,216 - ForkPoolWorker-7 - INFO - Finished tokenizing 244095-v2.0.0-mixed: 1 centers, 7 frags.
2025-05-29 11:39:35,216 - ForkPoolWorker-11 - INFO - Finished tokenizing 242534-v2.0.0-mixed: 4 centers, 11 frags.
2025-05-29 11:39:35,216 - ForkPoolWorker-6 - INFO - Tokenizing context file: 148828-v1.0.0-bad
2025-05-29 11:39:35,216 - ForkPoolWorker-8 - INFO - Tokenizing context file: 242887-v2.0.0-mixed
2025-05-29 11:39:35,216 - ForkPoolWorker-12 - INFO - Tokenizing context file: 500879-v1.0.0-bad
2025-05-29 11:39:35,216 - ForkPoolWorker-10 - INFO - Finished tokenizing 242570-v2.0.0-mixed: 7 centers, 21 frags.
2025-05-29 11:39:35,217 - ForkPoolWorker-1 - INFO - Tokenizing context file: 234470-v2.0.0-mixed
2025-05-29 11:39:35,217 - ForkPoolWorker-2 - INFO - Tokenizing context file: 243061-v2.0.0-mixed
2025-05-29 11:39:35,217 - ForkPoolWorker-12 - INFO - Finished tokenizing 500879-v1.0.0-bad: 1 centers, 4 frags.
2025-05-29 11:39:35,217 - ForkPoolWorker-8 - INFO - Finished tokenizing 242887-v2.0.0-mixed: 4 centers, 12 frags.
2025-05-29 11:39:35,218 - ForkPoolWorker-4 - INFO - Tokenizing context file: 235618-v2.0.0-mixed
2025-05-29 11:39:35,218 - ForkPoolWorker-9 - INFO - Tokenizing context file: 1965-v1.0.0-bad
2025-05-29 11:39:35,218 - ForkPoolWorker-1 - INFO - Finished tokenizing 234470-v2.0.0-mixed: 1 centers, 4 frags.
2025-05-29 11:39:35,218 - ForkPoolWorker-2 - INFO - Finished tokenizing 243061-v2.0.0-mixed: 4 centers, 13 frags.
2025-05-29 11:39:35,218 - ForkPoolWorker-9 - INFO - Finished tokenizing 1965-v1.0.0-bad: 2 centers, 6 frags.
2025-05-29 11:39:35,219 - ForkPoolWorker-4 - INFO - Finished tokenizing 235618-v2.0.0-mixed: 3 centers, 15 frags.
2025-05-29 11:39:35,219 - ForkPoolWorker-5 - INFO - Tokenizing context file: 241969-v2.0.0-mixed
2025-05-29 11:39:35,219 - ForkPoolWorker-3 - INFO - Tokenizing context file: 500802-v1.0.0-bad
2025-05-29 11:39:35,219 - ForkPoolWorker-3 - INFO - Finished tokenizing 500802-v1.0.0-bad: 1 centers, 4 frags.
2025-05-29 11:39:35,219 - ForkPoolWorker-7 - INFO - Tokenizing context file: 241854-v2.0.0-mixed
2025-05-29 11:39:35,219 - ForkPoolWorker-5 - INFO - Finished tokenizing 241969-v2.0.0-mixed: 1 centers, 2 frags.
2025-05-29 11:39:35,219 - ForkPoolWorker-3 - INFO - Tokenizing context file: 235402-v2.0.0-mixed
2025-05-29 11:39:35,219 - ForkPoolWorker-11 - INFO - Tokenizing context file: 243764-v2.0.0-mixed
2025-05-29 11:39:35,220 - ForkPoolWorker-10 - INFO - Tokenizing context file: 242724-v2.0.0-mixed
2025-05-29 11:39:35,220 - ForkPoolWorker-8 - INFO - Tokenizing context file: 244800-v2.0.0-mixed
2025-05-29 11:39:35,220 - ForkPoolWorker-1 - INFO - Tokenizing context file: 235124-v2.0.0-mixed
2025-05-29 11:39:35,221 - ForkPoolWorker-3 - INFO - Finished tokenizing 235402-v2.0.0-mixed: 4 centers, 16 frags.
2025-05-29 11:39:35,221 - ForkPoolWorker-11 - INFO - Finished tokenizing 243764-v2.0.0-mixed: 3 centers, 10 frags.
2025-05-29 11:39:35,221 - ForkPoolWorker-7 - INFO - Finished tokenizing 241854-v2.0.0-mixed: 4 centers, 13 frags.
2025-05-29 11:39:35,221 - ForkPoolWorker-8 - INFO - Finished tokenizing 244800-v2.0.0-mixed: 1 centers, 7 frags.
2025-05-29 11:39:35,221 - ForkPoolWorker-10 - INFO - Finished tokenizing 242724-v2.0.0-mixed: 5 centers, 17 frags.
2025-05-29 11:39:35,221 - ForkPoolWorker-2 - INFO - Tokenizing context file: 241804-v2.0.0-mixed
2025-05-29 11:39:35,221 - ForkPoolWorker-9 - INFO - Tokenizing context file: 247825-v2.0.0-mixed
2025-05-29 11:39:35,221 - ForkPoolWorker-4 - INFO - Tokenizing context file: 243344-v2.0.0-mixed
2025-05-29 11:39:35,221 - ForkPoolWorker-12 - INFO - Tokenizing context file: 246264-v2.0.0-mixed
2025-05-29 11:39:35,221 - ForkPoolWorker-5 - INFO - Tokenizing context file: 238740-v2.0.0-mixed
2025-05-29 11:39:35,221 - ForkPoolWorker-3 - INFO - Tokenizing context file: 243370-v2.0.0-mixed
2025-05-29 11:39:35,221 - ForkPoolWorker-11 - INFO - Tokenizing context file: 245415-v2.0.0-mixed
2025-05-29 11:39:35,221 - ForkPoolWorker-10 - INFO - Tokenizing context file: 238754-v2.0.0-mixed
2025-05-29 11:39:35,222 - ForkPoolWorker-7 - INFO - Tokenizing context file: 247162-v2.0.0-mixed
2025-05-29 11:39:35,222 - ForkPoolWorker-1 - INFO - Finished tokenizing 235124-v2.0.0-mixed: 5 centers, 16 frags.
2025-05-29 11:39:35,222 - ForkPoolWorker-12 - INFO - Finished tokenizing 246264-v2.0.0-mixed: 1 centers, 7 frags.
2025-05-29 11:39:35,222 - ForkPoolWorker-1 - INFO - Tokenizing context file: 501007-v1.0.0-bad
2025-05-29 11:39:35,222 - ForkPoolWorker-11 - INFO - Finished tokenizing 245415-v2.0.0-mixed: 1 centers, 7 frags.
2025-05-29 11:39:35,222 - ForkPoolWorker-9 - INFO - Finished tokenizing 247825-v2.0.0-mixed: 2 centers, 10 frags.
2025-05-29 11:39:35,222 - ForkPoolWorker-12 - INFO - Tokenizing context file: 234700-v2.0.0-mixed
2025-05-29 11:39:35,222 - ForkPoolWorker-9 - INFO - Tokenizing context file: 246197-v2.0.0-mixed
2025-05-29 11:39:35,222 - ForkPoolWorker-11 - INFO - Tokenizing context file: 243186-v2.0.0-mixed
2025-05-29 11:39:35,222 - ForkPoolWorker-8 - INFO - Tokenizing context file: 1485-v1.0.0-bad
2025-05-29 11:39:35,222 - ForkPoolWorker-3 - INFO - Finished tokenizing 243370-v2.0.0-mixed: 4 centers, 14 frags.
2025-05-29 11:39:35,222 - ForkPoolWorker-3 - INFO - Tokenizing context file: 245733-v2.0.0-mixed
2025-05-29 11:39:35,223 - ForkPoolWorker-7 - INFO - Finished tokenizing 247162-v2.0.0-mixed: 2 centers, 10 frags.
2025-05-29 11:39:35,223 - ForkPoolWorker-1 - INFO - Finished tokenizing 501007-v1.0.0-bad: 1 centers, 4 frags.
2025-05-29 11:39:35,223 - ForkPoolWorker-4 - INFO - Finished tokenizing 243344-v2.0.0-mixed: 7 centers, 24 frags.
2025-05-29 11:39:35,223 - ForkPoolWorker-8 - INFO - Finished tokenizing 1485-v1.0.0-bad: 1 centers, 4 frags.
2025-05-29 11:39:35,223 - ForkPoolWorker-12 - INFO - Finished tokenizing 234700-v2.0.0-mixed: 1 centers, 3 frags.
2025-05-29 11:39:35,223 - ForkPoolWorker-5 - INFO - Finished tokenizing 238740-v2.0.0-mixed: 6 centers, 23 frags.
2025-05-29 11:39:35,223 - ForkPoolWorker-2 - INFO - Finished tokenizing 241804-v2.0.0-mixed: 7 centers, 25 frags.
2025-05-29 11:39:35,223 - ForkPoolWorker-3 - INFO - Finished tokenizing 245733-v2.0.0-mixed: 3 centers, 8 frags.
2025-05-29 11:39:35,223 - ForkPoolWorker-10 - INFO - Finished tokenizing 238754-v2.0.0-mixed: 2 centers, 7 frags.
2025-05-29 11:39:35,223 - ForkPoolWorker-9 - INFO - Finished tokenizing 246197-v2.0.0-mixed: 6 centers, 15 frags.
2025-05-29 11:39:35,223 - ForkPoolWorker-11 - INFO - Finished tokenizing 243186-v2.0.0-mixed: 4 centers, 14 frags.
2025-05-29 11:39:35,224 - ForkPoolWorker-7 - INFO - Tokenizing context file: 235493-v2.0.0-mixed
2025-05-29 11:39:35,224 - ForkPoolWorker-1 - INFO - Tokenizing context file: 242157-v2.0.0-mixed
2025-05-29 11:39:35,225 - ForkPoolWorker-8 - INFO - Tokenizing context file: 242213-v2.0.0-mixed
2025-05-29 11:39:35,225 - ForkPoolWorker-4 - INFO - Tokenizing context file: 242353-v2.0.0-mixed
2025-05-29 11:39:35,225 - ForkPoolWorker-12 - INFO - Tokenizing context file: 241354-v2.0.0-mixed
2025-05-29 11:39:35,225 - ForkPoolWorker-5 - INFO - Tokenizing context file: 246828-v2.0.0-mixed
2025-05-29 11:39:35,225 - ForkPoolWorker-2 - INFO - Tokenizing context file: 234831-v2.0.0-mixed
2025-05-29 11:39:35,225 - ForkPoolWorker-3 - INFO - Tokenizing context file: 247350-v2.0.0-mixed
2025-05-29 11:39:35,225 - ForkPoolWorker-10 - INFO - Tokenizing context file: 244050-v2.0.0-mixed
2025-05-29 11:39:35,225 - ForkPoolWorker-11 - INFO - Tokenizing context file: 239908-v2.0.0-mixed
2025-05-29 11:39:35,225 - ForkPoolWorker-9 - INFO - Tokenizing context file: 246781-v2.0.0-mixed
2025-05-29 11:39:35,225 - ForkPoolWorker-4 - INFO - Finished tokenizing 242353-v2.0.0-mixed: 1 centers, 2 frags.
2025-05-29 11:39:35,225 - ForkPoolWorker-4 - INFO - Tokenizing context file: 242505-v2.0.0-mixed
2025-05-29 11:39:35,226 - ForkPoolWorker-5 - INFO - Finished tokenizing 246828-v2.0.0-mixed: 2 centers, 11 frags.
2025-05-29 11:39:35,226 - ForkPoolWorker-3 - INFO - Finished tokenizing 247350-v2.0.0-mixed: 2 centers, 10 frags.
2025-05-29 11:39:35,226 - ForkPoolWorker-5 - INFO - Tokenizing context file: 242047-v2.0.0-mixed
2025-05-29 11:39:35,226 - ForkPoolWorker-1 - INFO - Finished tokenizing 242157-v2.0.0-mixed: 7 centers, 19 frags.
2025-05-29 11:39:35,226 - ForkPoolWorker-3 - INFO - Tokenizing context file: 243200-v2.0.0-mixed
2025-05-29 11:39:35,226 - ForkPoolWorker-11 - INFO - Finished tokenizing 239908-v2.0.0-mixed: 4 centers, 14 frags.
2025-05-29 11:39:35,226 - ForkPoolWorker-2 - INFO - Finished tokenizing 234831-v2.0.0-mixed: 3 centers, 7 frags.
2025-05-29 11:39:35,226 - ForkPoolWorker-1 - INFO - Tokenizing context file: 248052-v2.0.0-mixed
2025-05-29 11:39:35,226 - ForkPoolWorker-10 - INFO - Finished tokenizing 244050-v2.0.0-mixed: 3 centers, 15 frags.
2025-05-29 11:39:35,226 - ForkPoolWorker-7 - INFO - Finished tokenizing 235493-v2.0.0-mixed: 3 centers, 13 frags.
2025-05-29 11:39:35,226 - ForkPoolWorker-11 - INFO - Tokenizing context file: 241932-v2.0.0-mixed
2025-05-29 11:39:35,226 - ForkPoolWorker-7 - INFO - Tokenizing context file: 243228-v2.0.0-mixed
2025-05-29 11:39:35,226 - ForkPoolWorker-10 - INFO - Tokenizing context file: 246030-v2.0.0-mixed
2025-05-29 11:39:35,226 - ForkPoolWorker-2 - INFO - Tokenizing context file: 248295-v2.0.0-mixed
2025-05-29 11:39:35,226 - ForkPoolWorker-4 - INFO - Finished tokenizing 242505-v2.0.0-mixed: 4 centers, 13 frags.
2025-05-29 11:39:35,227 - ForkPoolWorker-4 - INFO - Tokenizing context file: 242220-v2.0.0-mixed
2025-05-29 11:39:35,227 - ForkPoolWorker-9 - INFO - Finished tokenizing 246781-v2.0.0-mixed: 2 centers, 9 frags.
2025-05-29 11:39:35,227 - ForkPoolWorker-8 - INFO - Finished tokenizing 242213-v2.0.0-mixed: 7 centers, 23 frags.
2025-05-29 11:39:35,227 - ForkPoolWorker-9 - INFO - Tokenizing context file: 246965-v2.0.0-mixed
2025-05-29 11:39:35,227 - ForkPoolWorker-1 - INFO - Finished tokenizing 248052-v2.0.0-mixed: 2 centers, 8 frags.
2025-05-29 11:39:35,227 - ForkPoolWorker-1 - INFO - Tokenizing context file: 243031-v2.0.0-mixed
2025-05-29 11:39:35,227 - ForkPoolWorker-10 - INFO - Finished tokenizing 246030-v2.0.0-mixed: 2 centers, 8 frags.
2025-05-29 11:39:35,227 - ForkPoolWorker-2 - INFO - Finished tokenizing 248295-v2.0.0-mixed: 1 centers, 7 frags.
2025-05-29 11:39:35,227 - ForkPoolWorker-12 - INFO - Finished tokenizing 241354-v2.0.0-mixed: 7 centers, 33 frags.
2025-05-29 11:39:35,227 - ForkPoolWorker-5 - INFO - Finished tokenizing 242047-v2.0.0-mixed: 6 centers, 22 frags.
2025-05-29 11:39:35,228 - ForkPoolWorker-9 - INFO - Finished tokenizing 246965-v2.0.0-mixed: 3 centers, 9 frags.
2025-05-29 11:39:35,228 - ForkPoolWorker-7 - INFO - Finished tokenizing 243228-v2.0.0-mixed: 6 centers, 17 frags.
2025-05-29 11:39:35,228 - ForkPoolWorker-4 - INFO - Finished tokenizing 242220-v2.0.0-mixed: 7 centers, 27 frags.
2025-05-29 11:39:35,228 - ForkPoolWorker-11 - INFO - Finished tokenizing 241932-v2.0.0-mixed: 7 centers, 27 frags.
2025-05-29 11:39:35,228 - ForkPoolWorker-3 - INFO - Finished tokenizing 243200-v2.0.0-mixed: 4 centers, 18 frags.
2025-05-29 11:39:35,228 - ForkPoolWorker-1 - INFO - Finished tokenizing 243031-v2.0.0-mixed: 2 centers, 20 frags.
2025-05-29 11:39:35,231 - ForkPoolWorker-6 - INFO - Finished tokenizing 148828-v1.0.0-bad: 121 centers, 383 frags.
2025-05-29 11:39:35,235 - ForkPoolWorker-8 - INFO - Tokenizing context file: 242388-v2.0.0-mixed
2025-05-29 11:39:35,235 - ForkPoolWorker-10 - INFO - Tokenizing context file: 246245-v2.0.0-mixed
2025-05-29 11:39:35,235 - ForkPoolWorker-2 - INFO - Tokenizing context file: 243315-v2.0.0-mixed
2025-05-29 11:39:35,235 - ForkPoolWorker-12 - INFO - Tokenizing context file: 247285-v2.0.0-mixed
2025-05-29 11:39:35,236 - ForkPoolWorker-5 - INFO - Tokenizing context file: 500911-v1.0.0-bad
2025-05-29 11:39:35,236 - ForkPoolWorker-9 - INFO - Tokenizing context file: 241724-v2.0.0-mixed
2025-05-29 11:39:35,236 - ForkPoolWorker-7 - INFO - Tokenizing context file: 242270-v2.0.0-mixed
2025-05-29 11:39:35,236 - ForkPoolWorker-4 - INFO - Tokenizing context file: 2032-v1.0.0-bad
2025-05-29 11:39:35,236 - ForkPoolWorker-2 - INFO - Finished tokenizing 243315-v2.0.0-mixed: 1 centers, 2 frags.
2025-05-29 11:39:35,237 - ForkPoolWorker-5 - INFO - Finished tokenizing 500911-v1.0.0-bad: 1 centers, 3 frags.
2025-05-29 11:39:35,237 - ForkPoolWorker-4 - INFO - Finished tokenizing 2032-v1.0.0-bad: 1 centers, 5 frags.
2025-05-29 11:39:35,237 - ForkPoolWorker-10 - INFO - Finished tokenizing 246245-v2.0.0-mixed: 6 centers, 15 frags.
2025-05-29 11:39:35,237 - ForkPoolWorker-8 - INFO - Finished tokenizing 242388-v2.0.0-mixed: 18 centers, 22 frags.
2025-05-29 11:39:35,237 - ForkPoolWorker-9 - INFO - Finished tokenizing 241724-v2.0.0-mixed: 6 centers, 24 frags.
2025-05-29 11:39:35,237 - ForkPoolWorker-12 - INFO - Finished tokenizing 247285-v2.0.0-mixed: 5 centers, 34 frags.
2025-05-29 11:39:35,237 - ForkPoolWorker-7 - INFO - Finished tokenizing 242270-v2.0.0-mixed: 4 centers, 19 frags.
2025-05-29 11:39:35,237 - ForkPoolWorker-11 - INFO - Tokenizing context file: 245109-v2.0.0-mixed
2025-05-29 11:39:35,238 - ForkPoolWorker-7 - INFO - Tokenizing context file: 235913-v2.0.0-mixed
2025-05-29 11:39:35,238 - ForkPoolWorker-11 - INFO - Finished tokenizing 245109-v2.0.0-mixed: 3 centers, 8 frags.
2025-05-29 11:39:35,238 - ForkPoolWorker-1 - INFO - Tokenizing context file: 245320-v2.0.0-mixed
2025-05-29 11:39:35,239 - ForkPoolWorker-1 - INFO - Finished tokenizing 245320-v2.0.0-mixed: 1 centers, 5 frags.
2025-05-29 11:39:35,239 - ForkPoolWorker-7 - INFO - Finished tokenizing 235913-v2.0.0-mixed: 3 centers, 13 frags.
2025-05-29 11:39:35,247 - ForkPoolWorker-2 - INFO - Tokenizing context file: 246930-v2.0.0-mixed
2025-05-29 11:39:35,247 - ForkPoolWorker-6 - INFO - Tokenizing context file: 243271-v2.0.0-mixed
2025-05-29 11:39:35,247 - ForkPoolWorker-5 - INFO - Tokenizing context file: 242027-v2.0.0-mixed
2025-05-29 11:39:35,247 - ForkPoolWorker-4 - INFO - Tokenizing context file: 242458-v2.0.0-mixed
2025-05-29 11:39:35,247 - ForkPoolWorker-10 - INFO - Tokenizing context file: 242920-v2.0.0-mixed
2025-05-29 11:39:35,247 - ForkPoolWorker-8 - INFO - Tokenizing context file: 248661-v2.0.0-mixed
2025-05-29 11:39:35,248 - ForkPoolWorker-2 - INFO - Finished tokenizing 246930-v2.0.0-mixed: 2 centers, 10 frags.
2025-05-29 11:39:35,248 - ForkPoolWorker-6 - INFO - Finished tokenizing 243271-v2.0.0-mixed: 7 centers, 22 frags.
2025-05-29 11:39:35,248 - ForkPoolWorker-5 - INFO - Finished tokenizing 242027-v2.0.0-mixed: 7 centers, 25 frags.
2025-05-29 11:39:35,248 - ForkPoolWorker-9 - INFO - Tokenizing context file: 243495-v2.0.0-mixed
2025-05-29 11:39:35,248 - ForkPoolWorker-10 - INFO - Finished tokenizing 242920-v2.0.0-mixed: 4 centers, 10 frags.
2025-05-29 11:39:35,248 - ForkPoolWorker-8 - INFO - Finished tokenizing 248661-v2.0.0-mixed: 3 centers, 8 frags.
2025-05-29 11:39:35,248 - ForkPoolWorker-4 - INFO - Finished tokenizing 242458-v2.0.0-mixed: 6 centers, 36 frags.
2025-05-29 11:39:35,249 - ForkPoolWorker-12 - INFO - Tokenizing context file: 242440-v2.0.0-mixed
2025-05-29 11:39:35,249 - ForkPoolWorker-3 - INFO - Tokenizing context file: 242721-v2.0.0-mixed
2025-05-29 11:39:35,249 - ForkPoolWorker-11 - INFO - Tokenizing context file: 500747-v1.0.0-bad
2025-05-29 11:39:35,249 - ForkPoolWorker-1 - INFO - Tokenizing context file: 243808-v2.0.0-mixed
2025-05-29 11:39:35,249 - ForkPoolWorker-7 - INFO - Tokenizing context file: 240382-v2.0.0-mixed
2025-05-29 11:39:35,249 - ForkPoolWorker-9 - INFO - Finished tokenizing 243495-v2.0.0-mixed: 7 centers, 22 frags.
2025-05-29 11:39:35,250 - ForkPoolWorker-12 - INFO - Finished tokenizing 242440-v2.0.0-mixed: 4 centers, 10 frags.
2025-05-29 11:39:35,250 - ForkPoolWorker-11 - INFO - Finished tokenizing 500747-v1.0.0-bad: 1 centers, 5 frags.
2025-05-29 11:39:35,250 - ForkPoolWorker-7 - INFO - Finished tokenizing 240382-v2.0.0-mixed: 4 centers, 13 frags.
2025-05-29 11:39:35,250 - ForkPoolWorker-1 - INFO - Finished tokenizing 243808-v2.0.0-mixed: 3 centers, 10 frags.
2025-05-29 11:39:35,250 - ForkPoolWorker-2 - INFO - Tokenizing context file: 243434-v2.0.0-mixed
2025-05-29 11:39:35,250 - ForkPoolWorker-6 - INFO - Tokenizing context file: 246685-v2.0.0-mixed
2025-05-29 11:39:35,250 - ForkPoolWorker-5 - INFO - Tokenizing context file: 243339-v2.0.0-mixed
2025-05-29 11:39:35,250 - ForkPoolWorker-10 - INFO - Tokenizing context file: 241359-v2.0.0-mixed
2025-05-29 11:39:35,251 - ForkPoolWorker-1 - INFO - Tokenizing context file: 243056-v2.0.0-mixed
2025-05-29 11:39:35,251 - ForkPoolWorker-4 - INFO - Tokenizing context file: 242377-v2.0.0-mixed
2025-05-29 11:39:35,251 - ForkPoolWorker-12 - INFO - Tokenizing context file: 243986-v2.0.0-mixed
2025-05-29 11:39:35,251 - ForkPoolWorker-9 - INFO - Tokenizing context file: 241999-v2.0.0-mixed
2025-05-29 11:39:35,251 - ForkPoolWorker-11 - INFO - Tokenizing context file: 500782-v1.0.0-bad
2025-05-29 11:39:35,251 - ForkPoolWorker-7 - INFO - Tokenizing context file: 239440-v2.0.0-mixed
2025-05-29 11:39:35,251 - ForkPoolWorker-8 - INFO - Tokenizing context file: 247018-v2.0.0-mixed
2025-05-29 11:39:35,251 - ForkPoolWorker-5 - INFO - Finished tokenizing 243339-v2.0.0-mixed: 4 centers, 17 frags.
2025-05-29 11:39:35,252 - ForkPoolWorker-11 - INFO - Finished tokenizing 500782-v1.0.0-bad: 1 centers, 4 frags.
2025-05-29 11:39:35,252 - ForkPoolWorker-2 - INFO - Finished tokenizing 243434-v2.0.0-mixed: 4 centers, 14 frags.
2025-05-29 11:39:35,252 - ForkPoolWorker-5 - INFO - Tokenizing context file: 242811-v2.0.0-mixed
2025-05-29 11:39:35,252 - ForkPoolWorker-3 - INFO - Finished tokenizing 242721-v2.0.0-mixed: 26 centers, 40 frags.
2025-05-29 11:39:35,252 - ForkPoolWorker-11 - INFO - Tokenizing context file: 1513-v1.0.0-bad
2025-05-29 11:39:35,252 - ForkPoolWorker-6 - INFO - Finished tokenizing 246685-v2.0.0-mixed: 2 centers, 11 frags.
2025-05-29 11:39:35,252 - ForkPoolWorker-2 - INFO - Tokenizing context file: 234136-v2.0.0-mixed
2025-05-29 11:39:35,252 - ForkPoolWorker-10 - INFO - Finished tokenizing 241359-v2.0.0-mixed: 3 centers, 18 frags.
2025-05-29 11:39:35,252 - ForkPoolWorker-3 - INFO - Tokenizing context file: 243948-v2.0.0-mixed
2025-05-29 11:39:35,252 - ForkPoolWorker-6 - INFO - Tokenizing context file: 243145-v2.0.0-mixed
2025-05-29 11:39:35,252 - ForkPoolWorker-10 - INFO - Tokenizing context file: 500869-v1.0.0-bad
2025-05-29 11:39:35,252 - ForkPoolWorker-4 - INFO - Finished tokenizing 242377-v2.0.0-mixed: 4 centers, 16 frags.
2025-05-29 11:39:35,252 - ForkPoolWorker-4 - INFO - Tokenizing context file: 243326-v2.0.0-mixed
2025-05-29 11:39:35,252 - ForkPoolWorker-9 - INFO - Finished tokenizing 241999-v2.0.0-mixed: 4 centers, 16 frags.
2025-05-29 11:39:35,252 - ForkPoolWorker-7 - INFO - Finished tokenizing 239440-v2.0.0-mixed: 4 centers, 13 frags.
2025-05-29 11:39:35,252 - ForkPoolWorker-9 - INFO - Tokenizing context file: 242112-v2.0.0-mixed
2025-05-29 11:39:35,252 - ForkPoolWorker-7 - INFO - Tokenizing context file: 246687-v2.0.0-mixed
2025-05-29 11:39:35,252 - ForkPoolWorker-2 - INFO - Finished tokenizing 234136-v2.0.0-mixed: 1 centers, 7 frags.
2025-05-29 11:39:35,253 - ForkPoolWorker-11 - INFO - Finished tokenizing 1513-v1.0.0-bad: 2 centers, 11 frags.
2025-05-29 11:39:35,252 - ForkPoolWorker-12 - INFO - Finished tokenizing 243986-v2.0.0-mixed: 13 centers, 22 frags.
2025-05-29 11:39:35,253 - ForkPoolWorker-2 - INFO - Tokenizing context file: 500917-v1.0.0-bad
2025-05-29 11:39:35,253 - ForkPoolWorker-10 - INFO - Finished tokenizing 500869-v1.0.0-bad: 1 centers, 4 frags.
2025-05-29 11:39:35,253 - ForkPoolWorker-11 - INFO - Tokenizing context file: 240692-v2.0.0-mixed
2025-05-29 11:39:35,253 - ForkPoolWorker-12 - INFO - Tokenizing context file: 240064-v2.0.0-mixed
2025-05-29 11:39:35,253 - ForkPoolWorker-10 - INFO - Tokenizing context file: 244517-v2.0.0-mixed
2025-05-29 11:39:35,253 - ForkPoolWorker-1 - INFO - Finished tokenizing 243056-v2.0.0-mixed: 4 centers, 14 frags.
2025-05-29 11:39:35,253 - ForkPoolWorker-6 - INFO - Finished tokenizing 243145-v2.0.0-mixed: 4 centers, 14 frags.
2025-05-29 11:39:35,253 - ForkPoolWorker-1 - INFO - Tokenizing context file: 1503-v1.0.0-good
2025-05-29 11:39:35,253 - ForkPoolWorker-8 - INFO - Finished tokenizing 247018-v2.0.0-mixed: 2 centers, 8 frags.
2025-05-29 11:39:35,253 - ForkPoolWorker-6 - INFO - Tokenizing context file: 234695-v2.0.0-mixed
2025-05-29 11:39:35,253 - ForkPoolWorker-8 - INFO - Tokenizing context file: 242239-v2.0.0-mixed
2025-05-29 11:39:35,253 - ForkPoolWorker-5 - INFO - Finished tokenizing 242811-v2.0.0-mixed: 6 centers, 20 frags.
2025-05-29 11:39:35,253 - ForkPoolWorker-2 - INFO - Finished tokenizing 500917-v1.0.0-bad: 1 centers, 4 frags.
2025-05-29 11:39:35,253 - ForkPoolWorker-5 - INFO - Tokenizing context file: 246500-v2.0.0-mixed
2025-05-29 11:39:35,253 - ForkPoolWorker-2 - INFO - Tokenizing context file: 500738-v1.0.0-bad
2025-05-29 11:39:35,254 - ForkPoolWorker-7 - INFO - Finished tokenizing 246687-v2.0.0-mixed: 1 centers, 7 frags.
2025-05-29 11:39:35,254 - ForkPoolWorker-7 - INFO - Tokenizing context file: 247352-v2.0.0-mixed
2025-05-29 11:39:35,254 - ForkPoolWorker-10 - INFO - Finished tokenizing 244517-v2.0.0-mixed: 2 centers, 10 frags.
2025-05-29 11:39:35,254 - ForkPoolWorker-1 - INFO - Finished tokenizing 1503-v1.0.0-good: 5 centers, 17 frags.
2025-05-29 11:39:35,254 - ForkPoolWorker-4 - INFO - Finished tokenizing 243326-v2.0.0-mixed: 6 centers, 27 frags.
2025-05-29 11:39:35,254 - ForkPoolWorker-10 - INFO - Tokenizing context file: 242741-v2.0.0-mixed
2025-05-29 11:39:35,254 - ForkPoolWorker-1 - INFO - Tokenizing context file: 243042-v2.0.0-mixed
2025-05-29 11:39:35,254 - ForkPoolWorker-3 - INFO - Finished tokenizing 243948-v2.0.0-mixed: 6 centers, 27 frags.
2025-05-29 11:39:35,254 - ForkPoolWorker-6 - INFO - Finished tokenizing 234695-v2.0.0-mixed: 5 centers, 12 frags.
2025-05-29 11:39:35,254 - ForkPoolWorker-9 - INFO - Finished tokenizing 242112-v2.0.0-mixed: 6 centers, 26 frags.
2025-05-29 11:39:35,254 - ForkPoolWorker-4 - INFO - Tokenizing context file: 241917-v2.0.0-mixed
2025-05-29 11:39:35,254 - ForkPoolWorker-5 - INFO - Finished tokenizing 246500-v2.0.0-mixed: 2 centers, 8 frags.
2025-05-29 11:39:35,254 - ForkPoolWorker-6 - INFO - Tokenizing context file: 246877-v2.0.0-mixed
2025-05-29 11:39:35,254 - ForkPoolWorker-5 - INFO - Tokenizing context file: 247535-v2.0.0-mixed
2025-05-29 11:39:35,254 - ForkPoolWorker-3 - INFO - Tokenizing context file: 246406-v2.0.0-mixed
2025-05-29 11:39:35,254 - ForkPoolWorker-12 - INFO - Finished tokenizing 240064-v2.0.0-mixed: 7 centers, 21 frags.
2025-05-29 11:39:35,254 - ForkPoolWorker-2 - INFO - Finished tokenizing 500738-v1.0.0-bad: 1 centers, 4 frags.
2025-05-29 11:39:35,255 - ForkPoolWorker-6 - INFO - Finished tokenizing 246877-v2.0.0-mixed: 2 centers, 10 frags.
2025-05-29 11:39:35,255 - ForkPoolWorker-8 - INFO - Finished tokenizing 242239-v2.0.0-mixed: 6 centers, 22 frags.
2025-05-29 11:39:35,255 - ForkPoolWorker-5 - INFO - Finished tokenizing 247535-v2.0.0-mixed: 1 centers, 5 frags.
2025-05-29 11:39:35,255 - ForkPoolWorker-3 - INFO - Finished tokenizing 246406-v2.0.0-mixed: 2 centers, 10 frags.
2025-05-29 11:39:35,255 - ForkPoolWorker-1 - INFO - Finished tokenizing 243042-v2.0.0-mixed: 10 centers, 19 frags.
2025-05-29 11:39:35,255 - ForkPoolWorker-7 - INFO - Finished tokenizing 247352-v2.0.0-mixed: 1 centers, 7 frags.
2025-05-29 11:39:35,255 - ForkPoolWorker-9 - INFO - Tokenizing context file: 235577-v2.0.0-mixed
2025-05-29 11:39:35,256 - ForkPoolWorker-10 - INFO - Finished tokenizing 242741-v2.0.0-mixed: 6 centers, 32 frags.
2025-05-29 11:39:35,256 - ForkPoolWorker-1 - INFO - Tokenizing context file: 243207-v2.0.0-mixed
2025-05-29 11:39:35,256 - ForkPoolWorker-11 - INFO - Finished tokenizing 240692-v2.0.0-mixed: 18 centers, 31 frags.
2025-05-29 11:39:35,256 - ForkPoolWorker-2 - INFO - Tokenizing context file: 247400-v2.0.0-mixed
2025-05-29 11:39:35,256 - ForkPoolWorker-6 - INFO - Tokenizing context file: 243482-v2.0.0-mixed
2025-05-29 11:39:35,256 - ForkPoolWorker-5 - INFO - Tokenizing context file: 242456-v2.0.0-mixed
2025-05-29 11:39:35,256 - ForkPoolWorker-4 - INFO - Finished tokenizing 241917-v2.0.0-mixed: 6 centers, 28 frags.
2025-05-29 11:39:35,256 - ForkPoolWorker-9 - INFO - Finished tokenizing 235577-v2.0.0-mixed: 3 centers, 15 frags.
2025-05-29 11:39:35,256 - ForkPoolWorker-5 - INFO - Finished tokenizing 242456-v2.0.0-mixed: 2 centers, 7 frags.
2025-05-29 11:39:35,256 - ForkPoolWorker-2 - INFO - Finished tokenizing 247400-v2.0.0-mixed: 1 centers, 7 frags.
2025-05-29 11:39:35,257 - ForkPoolWorker-6 - INFO - Finished tokenizing 243482-v2.0.0-mixed: 2 centers, 6 frags.
2025-05-29 11:39:35,257 - ForkPoolWorker-1 - INFO - Finished tokenizing 243207-v2.0.0-mixed: 7 centers, 22 frags.
2025-05-29 11:39:35,257 - ForkPoolWorker-11 - INFO - Tokenizing context file: 242434-v2.0.0-mixed
2025-05-29 11:39:35,257 - ForkPoolWorker-3 - INFO - Tokenizing context file: 242033-v2.0.0-mixed
2025-05-29 11:39:35,257 - ForkPoolWorker-12 - INFO - Tokenizing context file: 245272-v2.0.0-mixed
2025-05-29 11:39:35,257 - ForkPoolWorker-7 - INFO - Tokenizing context file: 242339-v2.0.0-mixed
2025-05-29 11:39:35,258 - ForkPoolWorker-3 - INFO - Finished tokenizing 242033-v2.0.0-mixed: 1 centers, 2 frags.
2025-05-29 11:39:35,258 - ForkPoolWorker-11 - INFO - Finished tokenizing 242434-v2.0.0-mixed: 10 centers, 19 frags.
2025-05-29 11:39:35,258 - ForkPoolWorker-12 - INFO - Finished tokenizing 245272-v2.0.0-mixed: 1 centers, 7 frags.
2025-05-29 11:39:35,258 - ForkPoolWorker-10 - INFO - Tokenizing context file: 242870-v2.0.0-mixed
2025-05-29 11:39:35,258 - ForkPoolWorker-7 - INFO - Finished tokenizing 242339-v2.0.0-mixed: 4 centers, 15 frags.
2025-05-29 11:39:35,259 - ForkPoolWorker-8 - INFO - Tokenizing context file: 242964-v2.0.0-mixed
2025-05-29 11:39:35,259 - ForkPoolWorker-10 - INFO - Finished tokenizing 242870-v2.0.0-mixed: 2 centers, 9 frags.
2025-05-29 11:39:35,260 - ForkPoolWorker-4 - INFO - Tokenizing context file: 248197-v2.0.0-mixed
2025-05-29 11:39:35,260 - ForkPoolWorker-9 - INFO - Tokenizing context file: 242578-v2.0.0-mixed
2025-05-29 11:39:35,260 - ForkPoolWorker-8 - INFO - Finished tokenizing 242964-v2.0.0-mixed: 18 centers, 22 frags.
2025-05-29 11:39:35,260 - ForkPoolWorker-9 - INFO - Finished tokenizing 242578-v2.0.0-mixed: 1 centers, 2 frags.
2025-05-29 11:39:35,260 - ForkPoolWorker-2 - INFO - Tokenizing context file: 241446-v2.0.0-mixed
2025-05-29 11:39:35,260 - ForkPoolWorker-9 - INFO - Tokenizing context file: 2025-v1.0.0-good
2025-05-29 11:39:35,260 - ForkPoolWorker-5 - INFO - Tokenizing context file: 243465-v2.0.0-mixed
2025-05-29 11:39:35,260 - ForkPoolWorker-6 - INFO - Tokenizing context file: 239846-v2.0.0-mixed
2025-05-29 11:39:35,260 - ForkPoolWorker-1 - INFO - Tokenizing context file: 237312-v2.0.0-mixed
2025-05-29 11:39:35,260 - ForkPoolWorker-3 - INFO - Tokenizing context file: 247536-v2.0.0-mixed
2025-05-29 11:39:35,260 - ForkPoolWorker-11 - INFO - Tokenizing context file: 244657-v2.0.0-mixed
2025-05-29 11:39:35,260 - ForkPoolWorker-12 - INFO - Tokenizing context file: 241791-v2.0.0-mixed
2025-05-29 11:39:35,261 - ForkPoolWorker-4 - INFO - Finished tokenizing 248197-v2.0.0-mixed: 2 centers, 9 frags.
2025-05-29 11:39:35,261 - ForkPoolWorker-10 - INFO - Tokenizing context file: 242888-v2.0.0-mixed
2025-05-29 11:39:35,261 - ForkPoolWorker-6 - INFO - Finished tokenizing 239846-v2.0.0-mixed: 0 centers, 0 frags.
2025-05-29 11:39:35,261 - ForkPoolWorker-3 - INFO - Finished tokenizing 247536-v2.0.0-mixed: 1 centers, 5 frags.
2025-05-29 11:39:35,261 - ForkPoolWorker-11 - INFO - Finished tokenizing 244657-v2.0.0-mixed: 2 centers, 8 frags.
2025-05-29 11:39:35,262 - ForkPoolWorker-10 - INFO - Finished tokenizing 242888-v2.0.0-mixed: 4 centers, 12 frags.
2025-05-29 11:39:35,262 - ForkPoolWorker-5 - INFO - Finished tokenizing 243465-v2.0.0-mixed: 4 centers, 14 frags.
2025-05-29 11:39:35,262 - ForkPoolWorker-7 - INFO - Tokenizing context file: 248247-v2.0.0-mixed
2025-05-29 11:39:35,262 - ForkPoolWorker-8 - INFO - Tokenizing context file: 242723-v2.0.0-mixed
2025-05-29 11:39:35,262 - ForkPoolWorker-1 - INFO - Finished tokenizing 237312-v2.0.0-mixed: 4 centers, 16 frags.
2025-05-29 11:39:35,262 - ForkPoolWorker-2 - INFO - Finished tokenizing 241446-v2.0.0-mixed: 3 centers, 14 frags.
2025-05-29 11:39:35,262 - ForkPoolWorker-9 - INFO - Finished tokenizing 2025-v1.0.0-good: 2 centers, 18 frags.
2025-05-29 11:39:35,262 - ForkPoolWorker-7 - INFO - Finished tokenizing 248247-v2.0.0-mixed: 1 centers, 7 frags.
2025-05-29 11:39:35,262 - ForkPoolWorker-12 - INFO - Finished tokenizing 241791-v2.0.0-mixed: 6 centers, 35 frags.
2025-05-29 11:39:35,263 - ForkPoolWorker-8 - INFO - Finished tokenizing 242723-v2.0.0-mixed: 4 centers, 15 frags.
2025-05-29 11:39:35,266 - ForkPoolWorker-4 - INFO - Tokenizing context file: 243951-v2.0.0-mixed
2025-05-29 11:39:35,266 - ForkPoolWorker-6 - INFO - Tokenizing context file: 246882-v2.0.0-mixed
2025-05-29 11:39:35,266 - ForkPoolWorker-3 - INFO - Tokenizing context file: 243029-v2.0.0-mixed
2025-05-29 11:39:35,266 - ForkPoolWorker-11 - INFO - Tokenizing context file: 244991-v2.0.0-mixed
2025-05-29 11:39:35,266 - ForkPoolWorker-10 - INFO - Tokenizing context file: 234889-v2.0.0-mixed
2025-05-29 11:39:35,267 - ForkPoolWorker-5 - INFO - Tokenizing context file: 242536-v2.0.0-mixed
2025-05-29 11:39:35,267 - ForkPoolWorker-1 - INFO - Tokenizing context file: 245173-v2.0.0-mixed
2025-05-29 11:39:35,267 - ForkPoolWorker-6 - INFO - Finished tokenizing 246882-v2.0.0-mixed: 2 centers, 10 frags.
2025-05-29 11:39:35,267 - ForkPoolWorker-2 - INFO - Tokenizing context file: 243008-v2.0.0-mixed
2025-05-29 11:39:35,267 - ForkPoolWorker-11 - INFO - Finished tokenizing 244991-v2.0.0-mixed: 1 centers, 7 frags.
2025-05-29 11:39:35,267 - ForkPoolWorker-10 - INFO - Finished tokenizing 234889-v2.0.0-mixed: 3 centers, 7 frags.
2025-05-29 11:39:35,267 - ForkPoolWorker-10 - INFO - Tokenizing context file: 241808-v2.0.0-mixed
2025-05-29 11:39:35,267 - ForkPoolWorker-9 - INFO - Tokenizing context file: 242563-v2.0.0-mixed
2025-05-29 11:39:35,267 - ForkPoolWorker-7 - INFO - Tokenizing context file: 239476-v2.0.0-mixed
2025-05-29 11:39:35,268 - ForkPoolWorker-1 - INFO - Finished tokenizing 245173-v2.0.0-mixed: 2 centers, 8 frags.
2025-05-29 11:39:35,268 - ForkPoolWorker-5 - INFO - Finished tokenizing 242536-v2.0.0-mixed: 4 centers, 10 frags.
2025-05-29 11:39:35,268 - ForkPoolWorker-4 - INFO - Finished tokenizing 243951-v2.0.0-mixed: 6 centers, 28 frags.
2025-05-29 11:39:35,268 - ForkPoolWorker-3 - INFO - Finished tokenizing 243029-v2.0.0-mixed: 6 centers, 32 frags.
2025-05-29 11:39:35,268 - ForkPoolWorker-2 - INFO - Finished tokenizing 243008-v2.0.0-mixed: 6 centers, 22 frags.
2025-05-29 11:39:35,268 - ForkPoolWorker-10 - INFO - Finished tokenizing 241808-v2.0.0-mixed: 4 centers, 14 frags.
2025-05-29 11:39:35,268 - ForkPoolWorker-6 - INFO - Tokenizing context file: 500807-v1.0.0-bad
2025-05-29 11:39:35,268 - ForkPoolWorker-8 - INFO - Tokenizing context file: 241886-v2.0.0-mixed
2025-05-29 11:39:35,268 - ForkPoolWorker-11 - INFO - Tokenizing context file: 238777-v2.0.0-mixed
2025-05-29 11:39:35,268 - ForkPoolWorker-9 - INFO - Finished tokenizing 242563-v2.0.0-mixed: 4 centers, 14 frags.
2025-05-29 11:39:35,269 - ForkPoolWorker-7 - INFO - Finished tokenizing 239476-v2.0.0-mixed: 7 centers, 21 frags.
2025-05-29 11:39:35,269 - ForkPoolWorker-12 - INFO - Tokenizing context file: 245694-v2.0.0-mixed
2025-05-29 11:39:35,269 - ForkPoolWorker-1 - INFO - Tokenizing context file: 242149-v2.0.0-mixed
2025-05-29 11:39:35,269 - ForkPoolWorker-11 - INFO - Finished tokenizing 238777-v2.0.0-mixed: 3 centers, 8 frags.
2025-05-29 11:39:35,269 - ForkPoolWorker-6 - INFO - Finished tokenizing 500807-v1.0.0-bad: 1 centers, 3 frags.
2025-05-29 11:39:35,269 - ForkPoolWorker-5 - INFO - Tokenizing context file: 242986-v2.0.0-mixed
2025-05-29 11:39:35,269 - ForkPoolWorker-3 - INFO - Tokenizing context file: 242338-v2.0.0-mixed
2025-05-29 11:39:35,270 - ForkPoolWorker-4 - INFO - Tokenizing context file: 245646-v2.0.0-mixed
2025-05-29 11:39:35,270 - ForkPoolWorker-12 - INFO - Finished tokenizing 245694-v2.0.0-mixed: 2 centers, 11 frags.
2025-05-29 11:39:35,270 - ForkPoolWorker-1 - INFO - Finished tokenizing 242149-v2.0.0-mixed: 7 centers, 21 frags.
2025-05-29 11:39:35,270 - ForkPoolWorker-8 - INFO - Finished tokenizing 241886-v2.0.0-mixed: 4 centers, 19 frags.
2025-05-29 11:39:35,270 - ForkPoolWorker-4 - INFO - Finished tokenizing 245646-v2.0.0-mixed: 2 centers, 8 frags.
2025-05-29 11:39:35,271 - ForkPoolWorker-5 - INFO - Finished tokenizing 242986-v2.0.0-mixed: 7 centers, 19 frags.
2025-05-29 11:39:35,271 - ForkPoolWorker-2 - INFO - Tokenizing context file: 242402-v2.0.0-mixed
2025-05-29 11:39:35,271 - ForkPoolWorker-10 - INFO - Tokenizing context file: 242040-v2.0.0-mixed
2025-05-29 11:39:35,271 - ForkPoolWorker-3 - INFO - Finished tokenizing 242338-v2.0.0-mixed: 10 centers, 19 frags.
2025-05-29 11:39:35,271 - ForkPoolWorker-9 - INFO - Tokenizing context file: 241863-v2.0.0-mixed
2025-05-29 11:39:35,271 - ForkPoolWorker-7 - INFO - Tokenizing context file: 234337-v2.0.0-mixed
2025-05-29 11:39:35,271 - ForkPoolWorker-11 - INFO - Tokenizing context file: 242683-v2.0.0-mixed
2025-05-29 11:39:35,271 - ForkPoolWorker-6 - INFO - Tokenizing context file: 242751-v2.0.0-mixed
2025-05-29 11:39:35,272 - ForkPoolWorker-10 - INFO - Finished tokenizing 242040-v2.0.0-mixed: 2 centers, 9 frags.
2025-05-29 11:39:35,272 - ForkPoolWorker-7 - INFO - Finished tokenizing 234337-v2.0.0-mixed: 1 centers, 3 frags.
2025-05-29 11:39:35,272 - ForkPoolWorker-2 - INFO - Finished tokenizing 242402-v2.0.0-mixed: 10 centers, 21 frags.
2025-05-29 11:39:35,272 - ForkPoolWorker-12 - INFO - Tokenizing context file: 235872-v2.0.0-mixed
2025-05-29 11:39:35,272 - ForkPoolWorker-2 - INFO - Tokenizing context file: 248478-v2.0.0-mixed
2025-05-29 11:39:35,272 - ForkPoolWorker-1 - INFO - Tokenizing context file: 241546-v2.0.0-mixed
2025-05-29 11:39:35,272 - ForkPoolWorker-9 - INFO - Finished tokenizing 241863-v2.0.0-mixed: 4 centers, 13 frags.
2025-05-29 11:39:35,272 - ForkPoolWorker-4 - INFO - Tokenizing context file: 242191-v2.0.0-mixed
2025-05-29 11:39:35,272 - ForkPoolWorker-5 - INFO - Tokenizing context file: 242093-v2.0.0-mixed
2025-05-29 11:39:35,273 - ForkPoolWorker-11 - INFO - Finished tokenizing 242683-v2.0.0-mixed: 6 centers, 24 frags.
2025-05-29 11:39:35,273 - ForkPoolWorker-12 - INFO - Finished tokenizing 235872-v2.0.0-mixed: 3 centers, 13 frags.
2025-05-29 11:39:35,273 - ForkPoolWorker-6 - INFO - Finished tokenizing 242751-v2.0.0-mixed: 6 centers, 35 frags.
2025-05-29 11:39:35,273 - ForkPoolWorker-2 - INFO - Finished tokenizing 248478-v2.0.0-mixed: 2 centers, 8 frags.
2025-05-29 11:39:35,273 - ForkPoolWorker-4 - INFO - Finished tokenizing 242191-v2.0.0-mixed: 4 centers, 16 frags.
2025-05-29 11:39:35,274 - ForkPoolWorker-3 - INFO - Tokenizing context file: 246529-v2.0.0-mixed
2025-05-29 11:39:35,274 - ForkPoolWorker-10 - INFO - Tokenizing context file: 245349-v2.0.0-mixed
2025-05-29 11:39:35,274 - ForkPoolWorker-7 - INFO - Tokenizing context file: 241360-v2.0.0-mixed
2025-05-29 11:39:35,274 - ForkPoolWorker-5 - INFO - Finished tokenizing 242093-v2.0.0-mixed: 7 centers, 19 frags.
2025-05-29 11:39:35,274 - ForkPoolWorker-1 - INFO - Finished tokenizing 241546-v2.0.0-mixed: 7 centers, 33 frags.
2025-05-29 11:39:35,274 - ForkPoolWorker-8 - INFO - Tokenizing context file: 240704-v2.0.0-mixed
2025-05-29 11:39:35,274 - ForkPoolWorker-9 - INFO - Tokenizing context file: 243124-v2.0.0-mixed
2025-05-29 11:39:35,274 - ForkPoolWorker-10 - INFO - Finished tokenizing 245349-v2.0.0-mixed: 5 centers, 13 frags.
2025-05-29 11:39:35,275 - ForkPoolWorker-3 - INFO - Finished tokenizing 246529-v2.0.0-mixed: 6 centers, 18 frags.
2025-05-29 11:39:35,275 - ForkPoolWorker-7 - INFO - Finished tokenizing 241360-v2.0.0-mixed: 3 centers, 18 frags.
2025-05-29 11:39:35,275 - ForkPoolWorker-9 - INFO - Finished tokenizing 243124-v2.0.0-mixed: 1 centers, 2 frags.
2025-05-29 11:39:35,275 - ForkPoolWorker-8 - INFO - Finished tokenizing 240704-v2.0.0-mixed: 6 centers, 21 frags.
2025-05-29 11:39:35,275 - ForkPoolWorker-11 - INFO - Tokenizing context file: 500884-v1.0.0-bad
2025-05-29 11:39:35,276 - ForkPoolWorker-8 - INFO - Tokenizing context file: 247870-v2.0.0-mixed
2025-05-29 11:39:35,276 - ForkPoolWorker-11 - INFO - Finished tokenizing 500884-v1.0.0-bad: 1 centers, 2 frags.
2025-05-29 11:39:35,276 - ForkPoolWorker-8 - INFO - Finished tokenizing 247870-v2.0.0-mixed: 2 centers, 10 frags.
2025-05-29 11:39:35,277 - ForkPoolWorker-12 - INFO - Tokenizing context file: 243000-v2.0.0-mixed
2025-05-29 11:39:35,277 - ForkPoolWorker-2 - INFO - Tokenizing context file: 501055-v1.0.0-bad
2025-05-29 11:39:35,277 - ForkPoolWorker-4 - INFO - Tokenizing context file: 235773-v2.0.0-mixed
2025-05-29 11:39:35,277 - ForkPoolWorker-2 - INFO - Finished tokenizing 501055-v1.0.0-bad: 0 centers, 0 frags.
2025-05-29 11:39:35,277 - ForkPoolWorker-5 - INFO - Tokenizing context file: 1970-v1.0.0-good
2025-05-29 11:39:35,278 - ForkPoolWorker-12 - INFO - Finished tokenizing 243000-v2.0.0-mixed: 2 centers, 9 frags.
2025-05-29 11:39:35,278 - ForkPoolWorker-5 - INFO - Finished tokenizing 1970-v1.0.0-good: 2 centers, 5 frags.
2025-05-29 11:39:35,278 - ForkPoolWorker-4 - INFO - Finished tokenizing 235773-v2.0.0-mixed: 7 centers, 27 frags.
2025-05-29 11:39:35,279 - ForkPoolWorker-1 - INFO - Tokenizing context file: 500764-v1.0.0-bad
2025-05-29 11:39:35,279 - ForkPoolWorker-10 - INFO - Tokenizing context file: 242713-v2.0.0-mixed
2025-05-29 11:39:35,280 - ForkPoolWorker-10 - INFO - Finished tokenizing 242713-v2.0.0-mixed: 2 centers, 9 frags.
2025-05-29 11:39:35,280 - ForkPoolWorker-1 - INFO - Finished tokenizing 500764-v1.0.0-bad: 1 centers, 11 frags.
2025-05-29 11:39:35,280 - ForkPoolWorker-3 - INFO - Tokenizing context file: 241795-v2.0.0-mixed
2025-05-29 11:39:35,280 - ForkPoolWorker-7 - INFO - Tokenizing context file: 242421-v2.0.0-mixed
2025-05-29 11:39:35,280 - ForkPoolWorker-9 - INFO - Tokenizing context file: 500722-v1.0.0-bad
2025-05-29 11:39:35,281 - ForkPoolWorker-6 - INFO - Tokenizing context file: 244749-v2.0.0-mixed
2025-05-29 11:39:35,281 - ForkPoolWorker-11 - INFO - Tokenizing context file: 242847-v2.0.0-mixed
2025-05-29 11:39:35,281 - ForkPoolWorker-8 - INFO - Tokenizing context file: 243010-v2.0.0-mixed
2025-05-29 11:39:35,281 - ForkPoolWorker-2 - INFO - Tokenizing context file: 245213-v2.0.0-mixed
2025-05-29 11:39:35,281 - ForkPoolWorker-9 - INFO - Finished tokenizing 500722-v1.0.0-bad: 1 centers, 5 frags.
2025-05-29 11:39:35,281 - ForkPoolWorker-3 - INFO - Finished tokenizing 241795-v2.0.0-mixed: 4 centers, 14 frags.
2025-05-29 11:39:35,282 - ForkPoolWorker-2 - INFO - Finished tokenizing 245213-v2.0.0-mixed: 3 centers, 8 frags.
2025-05-29 11:39:35,282 - ForkPoolWorker-7 - INFO - Finished tokenizing 242421-v2.0.0-mixed: 6 centers, 20 frags.
2025-05-29 11:39:35,282 - ForkPoolWorker-2 - INFO - Tokenizing context file: 242151-v2.0.0-mixed
2025-05-29 11:39:35,282 - ForkPoolWorker-12 - INFO - Tokenizing context file: 242116-v2.0.0-mixed
2025-05-29 11:39:35,282 - ForkPoolWorker-6 - INFO - Finished tokenizing 244749-v2.0.0-mixed: 2 centers, 8 frags.
2025-05-29 11:39:35,282 - ForkPoolWorker-4 - INFO - Tokenizing context file: 244892-v2.0.0-mixed
2025-05-29 11:39:35,282 - ForkPoolWorker-8 - INFO - Finished tokenizing 243010-v2.0.0-mixed: 10 centers, 19 frags.
2025-05-29 11:39:35,283 - ForkPoolWorker-4 - INFO - Finished tokenizing 244892-v2.0.0-mixed: 2 centers, 9 frags.
2025-05-29 11:39:35,283 - ForkPoolWorker-2 - INFO - Finished tokenizing 242151-v2.0.0-mixed: 4 centers, 13 frags.
2025-05-29 11:39:35,283 - ForkPoolWorker-11 - INFO - Finished tokenizing 242847-v2.0.0-mixed: 6 centers, 37 frags.
2025-05-29 11:39:35,283 - ForkPoolWorker-2 - INFO - Tokenizing context file: 242089-v2.0.0-mixed
2025-05-29 11:39:35,283 - ForkPoolWorker-7 - INFO - Tokenizing context file: 234134-v2.0.0-mixed
2025-05-29 11:39:35,283 - ForkPoolWorker-1 - INFO - Tokenizing context file: 240539-v2.0.0-mixed
2025-05-29 11:39:35,283 - ForkPoolWorker-12 - INFO - Finished tokenizing 242116-v2.0.0-mixed: 5 centers, 21 frags.
2025-05-29 11:39:35,284 - ForkPoolWorker-3 - INFO - Tokenizing context file: 239668-v2.0.0-mixed
2025-05-29 11:39:35,284 - ForkPoolWorker-5 - INFO - Tokenizing context file: 234860-v2.0.0-mixed
2025-05-29 11:39:35,284 - ForkPoolWorker-6 - INFO - Tokenizing context file: 242153-v2.0.0-mixed
2025-05-29 11:39:35,284 - ForkPoolWorker-10 - INFO - Tokenizing context file: 501000-v1.0.0-bad
2025-05-29 11:39:35,284 - ForkPoolWorker-2 - INFO - Finished tokenizing 242089-v2.0.0-mixed: 4 centers, 16 frags.
2025-05-29 11:39:35,284 - ForkPoolWorker-8 - INFO - Tokenizing context file: 242616-v2.0.0-mixed
2025-05-29 11:39:35,284 - ForkPoolWorker-4 - INFO - Tokenizing context file: 500994-v1.0.0-bad
2025-05-29 11:39:35,284 - ForkPoolWorker-9 - INFO - Tokenizing context file: 242840-v2.0.0-mixed
2025-05-29 11:39:35,284 - ForkPoolWorker-10 - INFO - Finished tokenizing 501000-v1.0.0-bad: 0 centers, 0 frags.
2025-05-29 11:39:35,284 - ForkPoolWorker-1 - INFO - Finished tokenizing 240539-v2.0.0-mixed: 5 centers, 19 frags.
2025-05-29 11:39:35,284 - ForkPoolWorker-7 - INFO - Finished tokenizing 234134-v2.0.0-mixed: 7 centers, 24 frags.
2025-05-29 11:39:35,285 - ForkPoolWorker-4 - INFO - Finished tokenizing 500994-v1.0.0-bad: 1 centers, 5 frags.
2025-05-29 11:39:35,285 - ForkPoolWorker-9 - INFO - Finished tokenizing 242840-v2.0.0-mixed: 2 centers, 7 frags.
2025-05-29 11:39:35,285 - ForkPoolWorker-8 - INFO - Finished tokenizing 242616-v2.0.0-mixed: 2 centers, 9 frags.
2025-05-29 11:39:35,285 - ForkPoolWorker-3 - INFO - Finished tokenizing 239668-v2.0.0-mixed: 7 centers, 22 frags.
2025-05-29 11:39:35,285 - ForkPoolWorker-11 - INFO - Tokenizing context file: 242547-v2.0.0-mixed
2025-05-29 11:39:35,285 - ForkPoolWorker-5 - INFO - Finished tokenizing 234860-v2.0.0-mixed: 5 centers, 20 frags.
2025-05-29 11:39:35,286 - ForkPoolWorker-6 - INFO - Finished tokenizing 242153-v2.0.0-mixed: 4 centers, 13 frags.
2025-05-29 11:39:35,286 - ForkPoolWorker-11 - INFO - Finished tokenizing 242547-v2.0.0-mixed: 4 centers, 18 frags.
2025-05-29 11:39:35,286 - ForkPoolWorker-3 - INFO - Tokenizing context file: 501014-v1.0.0-bad
2025-05-29 11:39:35,286 - ForkPoolWorker-2 - INFO - Tokenizing context file: 243192-v2.0.0-mixed
2025-05-29 11:39:35,286 - ForkPoolWorker-10 - INFO - Tokenizing context file: 234963-v2.0.0-mixed
2025-05-29 11:39:35,287 - ForkPoolWorker-1 - INFO - Tokenizing context file: 246525-v2.0.0-mixed
2025-05-29 11:39:35,287 - ForkPoolWorker-7 - INFO - Tokenizing context file: 234534-v2.0.0-mixed
2025-05-29 11:39:35,287 - ForkPoolWorker-3 - INFO - Finished tokenizing 501014-v1.0.0-bad: 1 centers, 4 frags.
2025-05-29 11:39:35,287 - ForkPoolWorker-2 - INFO - Finished tokenizing 243192-v2.0.0-mixed: 2 centers, 6 frags.
2025-05-29 11:39:35,287 - ForkPoolWorker-10 - INFO - Finished tokenizing 234963-v2.0.0-mixed: 3 centers, 7 frags.
2025-05-29 11:39:35,287 - ForkPoolWorker-4 - INFO - Tokenizing context file: 239608-v2.0.0-mixed
2025-05-29 11:39:35,287 - ForkPoolWorker-9 - INFO - Tokenizing context file: 241034-v2.0.0-mixed
2025-05-29 11:39:35,287 - ForkPoolWorker-1 - INFO - Finished tokenizing 246525-v2.0.0-mixed: 4 centers, 6 frags.
2025-05-29 11:39:35,287 - ForkPoolWorker-8 - INFO - Tokenizing context file: 246876-v2.0.0-mixed
2025-05-29 11:39:35,288 - ForkPoolWorker-7 - INFO - Finished tokenizing 234534-v2.0.0-mixed: 3 centers, 10 frags.
2025-05-29 11:39:35,288 - ForkPoolWorker-12 - INFO - Tokenizing context file: 234116-v2.0.0-mixed
2025-05-29 11:39:35,288 - ForkPoolWorker-5 - INFO - Tokenizing context file: 242936-v2.0.0-mixed
2025-05-29 11:39:35,288 - ForkPoolWorker-12 - INFO - Finished tokenizing 234116-v2.0.0-mixed: 2 centers, 4 frags.
2025-05-29 11:39:35,288 - ForkPoolWorker-6 - INFO - Tokenizing context file: 242117-v2.0.0-mixed
2025-05-29 11:39:35,288 - ForkPoolWorker-9 - INFO - Finished tokenizing 241034-v2.0.0-mixed: 4 centers, 8 frags.
2025-05-29 11:39:35,288 - ForkPoolWorker-4 - INFO - Finished tokenizing 239608-v2.0.0-mixed: 4 centers, 14 frags.
2025-05-29 11:39:35,288 - ForkPoolWorker-8 - INFO - Finished tokenizing 246876-v2.0.0-mixed: 2 centers, 10 frags.
2025-05-29 11:39:35,289 - ForkPoolWorker-5 - INFO - Finished tokenizing 242936-v2.0.0-mixed: 2 centers, 7 frags.
2025-05-29 11:39:35,289 - ForkPoolWorker-11 - INFO - Tokenizing context file: 500829-v1.0.0-bad
2025-05-29 11:39:35,289 - ForkPoolWorker-2 - INFO - Tokenizing context file: 246594-v2.0.0-mixed
2025-05-29 11:39:35,289 - ForkPoolWorker-10 - INFO - Tokenizing context file: 243425-v2.0.0-mixed
2025-05-29 11:39:35,289 - ForkPoolWorker-1 - INFO - Tokenizing context file: 243489-v2.0.0-mixed
2025-05-29 11:39:35,289 - ForkPoolWorker-3 - INFO - Tokenizing context file: 239636-v2.0.0-mixed
2025-05-29 11:39:35,289 - ForkPoolWorker-7 - INFO - Tokenizing context file: 243073-v2.0.0-mixed
2025-05-29 11:39:35,289 - ForkPoolWorker-12 - INFO - Tokenizing context file: 243470-v2.0.0-mixed
2025-05-29 11:39:35,289 - ForkPoolWorker-9 - INFO - Tokenizing context file: 500941-v1.0.0-bad
2025-05-29 11:39:35,289 - ForkPoolWorker-4 - INFO - Tokenizing context file: 242726-v2.0.0-mixed
2025-05-29 11:39:35,289 - ForkPoolWorker-8 - INFO - Tokenizing context file: 240586-v2.0.0-mixed
2025-05-29 11:39:35,290 - ForkPoolWorker-6 - INFO - Finished tokenizing 242117-v2.0.0-mixed: 7 centers, 23 frags.
2025-05-29 11:39:35,290 - ForkPoolWorker-11 - INFO - Finished tokenizing 500829-v1.0.0-bad: 1 centers, 2 frags.
2025-05-29 11:39:35,290 - ForkPoolWorker-2 - INFO - Finished tokenizing 246594-v2.0.0-mixed: 3 centers, 12 frags.
2025-05-29 11:39:35,290 - ForkPoolWorker-8 - INFO - Finished tokenizing 240586-v2.0.0-mixed: 2 centers, 9 frags.
2025-05-29 11:39:35,290 - ForkPoolWorker-4 - INFO - Finished tokenizing 242726-v2.0.0-mixed: 4 centers, 11 frags.
2025-05-29 11:39:35,290 - ForkPoolWorker-5 - INFO - Tokenizing context file: 245365-v2.0.0-mixed
2025-05-29 11:39:35,290 - ForkPoolWorker-6 - INFO - Tokenizing context file: 240381-v2.0.0-mixed
2025-05-29 11:39:35,291 - ForkPoolWorker-11 - INFO - Tokenizing context file: 244519-v2.0.0-mixed
2025-05-29 11:39:35,291 - ForkPoolWorker-9 - INFO - Finished tokenizing 500941-v1.0.0-bad: 1 centers, 4 frags.
2025-05-29 11:39:35,291 - ForkPoolWorker-4 - INFO - Tokenizing context file: 242392-v2.0.0-mixed
2025-05-29 11:39:35,291 - ForkPoolWorker-3 - INFO - Finished tokenizing 239636-v2.0.0-mixed: 7 centers, 21 frags.
2025-05-29 11:39:35,291 - ForkPoolWorker-1 - INFO - Finished tokenizing 243489-v2.0.0-mixed: 6 centers, 23 frags.
2025-05-29 11:39:35,291 - ForkPoolWorker-8 - INFO - Tokenizing context file: 235745-v2.0.0-mixed
2025-05-29 11:39:35,291 - ForkPoolWorker-7 - INFO - Finished tokenizing 243073-v2.0.0-mixed: 6 centers, 23 frags.
2025-05-29 11:39:35,291 - ForkPoolWorker-12 - INFO - Finished tokenizing 243470-v2.0.0-mixed: 7 centers, 26 frags.
2025-05-29 11:39:35,291 - ForkPoolWorker-9 - INFO - Tokenizing context file: 242620-v2.0.0-mixed
2025-05-29 11:39:35,291 - ForkPoolWorker-3 - INFO - Tokenizing context file: 500937-v1.0.0-bad
2025-05-29 11:39:35,291 - ForkPoolWorker-10 - INFO - Finished tokenizing 243425-v2.0.0-mixed: 6 centers, 23 frags.
2025-05-29 11:39:35,291 - ForkPoolWorker-5 - INFO - Finished tokenizing 245365-v2.0.0-mixed: 2 centers, 9 frags.
2025-05-29 11:39:35,291 - ForkPoolWorker-4 - INFO - Finished tokenizing 242392-v2.0.0-mixed: 2 centers, 9 frags.
2025-05-29 11:39:35,291 - ForkPoolWorker-3 - INFO - Finished tokenizing 500937-v1.0.0-bad: 1 centers, 2 frags.
2025-05-29 11:39:35,291 - ForkPoolWorker-11 - INFO - Finished tokenizing 244519-v2.0.0-mixed: 1 centers, 7 frags.
2025-05-29 11:39:35,292 - ForkPoolWorker-6 - INFO - Finished tokenizing 240381-v2.0.0-mixed: 7 centers, 21 frags.
2025-05-29 11:39:35,292 - ForkPoolWorker-8 - INFO - Finished tokenizing 235745-v2.0.0-mixed: 3 centers, 15 frags.
2025-05-29 11:39:35,292 - ForkPoolWorker-9 - INFO - Finished tokenizing 242620-v2.0.0-mixed: 6 centers, 20 frags.
2025-05-29 11:39:35,292 - ForkPoolWorker-1 - INFO - Tokenizing context file: 242036-v2.0.0-mixed
2025-05-29 11:39:35,293 - ForkPoolWorker-12 - INFO - Tokenizing context file: 243334-v2.0.0-mixed
2025-05-29 11:39:35,294 - ForkPoolWorker-12 - INFO - Finished tokenizing 243334-v2.0.0-mixed: 6 centers, 23 frags.
2025-05-29 11:39:35,294 - ForkPoolWorker-1 - INFO - Finished tokenizing 242036-v2.0.0-mixed: 18 centers, 23 frags.
2025-05-29 11:39:35,295 - ForkPoolWorker-7 - INFO - Tokenizing context file: 242067-v2.0.0-mixed
2025-05-29 11:39:35,295 - ForkPoolWorker-10 - INFO - Tokenizing context file: 246588-v2.0.0-mixed
2025-05-29 11:39:35,296 - ForkPoolWorker-10 - INFO - Finished tokenizing 246588-v2.0.0-mixed: 2 centers, 8 frags.
2025-05-29 11:39:35,296 - ForkPoolWorker-5 - INFO - Tokenizing context file: 240342-v2.0.0-mixed
2025-05-29 11:39:35,296 - ForkPoolWorker-4 - INFO - Tokenizing context file: 242497-v2.0.0-mixed
2025-05-29 11:39:35,296 - ForkPoolWorker-3 - INFO - Tokenizing context file: 244423-v2.0.0-mixed
2025-05-29 11:39:35,296 - ForkPoolWorker-7 - INFO - Finished tokenizing 242067-v2.0.0-mixed: 4 centers, 18 frags.
2025-05-29 11:39:35,296 - ForkPoolWorker-11 - INFO - Tokenizing context file: 242900-v2.0.0-mixed
2025-05-29 11:39:35,296 - ForkPoolWorker-6 - INFO - Tokenizing context file: 243204-v2.0.0-mixed
2025-05-29 11:39:35,296 - ForkPoolWorker-2 - INFO - Tokenizing context file: 242038-v2.0.0-mixed
2025-05-29 11:39:35,296 - ForkPoolWorker-8 - INFO - Tokenizing context file: 1534-v1.0.0-bad
2025-05-29 11:39:35,296 - ForkPoolWorker-9 - INFO - Tokenizing context file: 243485-v2.0.0-mixed
2025-05-29 11:39:35,296 - ForkPoolWorker-12 - INFO - Tokenizing context file: 243939-v2.0.0-mixed
2025-05-29 11:39:35,297 - ForkPoolWorker-3 - INFO - Finished tokenizing 244423-v2.0.0-mixed: 1 centers, 5 frags.
2025-05-29 11:39:35,297 - ForkPoolWorker-5 - INFO - Finished tokenizing 240342-v2.0.0-mixed: 4 centers, 14 frags.
2025-05-29 11:39:35,297 - ForkPoolWorker-2 - INFO - Finished tokenizing 242038-v2.0.0-mixed: 2 centers, 9 frags.
2025-05-29 11:39:35,297 - ForkPoolWorker-8 - INFO - Finished tokenizing 1534-v1.0.0-bad: 3 centers, 10 frags.
2025-05-29 11:39:35,298 - ForkPoolWorker-6 - INFO - Finished tokenizing 243204-v2.0.0-mixed: 10 centers, 22 frags.
2025-05-29 11:39:35,298 - ForkPoolWorker-12 - INFO - Finished tokenizing 243939-v2.0.0-mixed: 4 centers, 15 frags.
2025-05-29 11:39:35,298 - ForkPoolWorker-9 - INFO - Finished tokenizing 243485-v2.0.0-mixed: 6 centers, 27 frags.
2025-05-29 11:39:35,298 - ForkPoolWorker-11 - INFO - Finished tokenizing 242900-v2.0.0-mixed: 18 centers, 23 frags.
2025-05-29 11:39:35,299 - ForkPoolWorker-4 - INFO - Finished tokenizing 242497-v2.0.0-mixed: 26 centers, 40 frags.
2025-05-29 11:39:35,307 - ForkPoolWorker-1 - INFO - Tokenizing context file: 242146-v2.0.0-mixed
2025-05-29 11:39:35,307 - ForkPoolWorker-10 - INFO - Tokenizing context file: 242719-v2.0.0-mixed
2025-05-29 11:39:35,308 - ForkPoolWorker-7 - INFO - Tokenizing context file: 242346-v2.0.0-mixed
2025-05-29 11:39:35,308 - ForkPoolWorker-3 - INFO - Tokenizing context file: 234107-v2.0.0-mixed
2025-05-29 11:39:35,308 - ForkPoolWorker-5 - INFO - Tokenizing context file: 243082-v2.0.0-mixed
2025-05-29 11:39:35,308 - ForkPoolWorker-2 - INFO - Tokenizing context file: 242072-v2.0.0-mixed
2025-05-29 11:39:35,308 - ForkPoolWorker-8 - INFO - Tokenizing context file: 245741-v2.0.0-mixed
2025-05-29 11:39:35,308 - ForkPoolWorker-6 - INFO - Tokenizing context file: 242177-v2.0.0-mixed
2025-05-29 11:39:35,308 - ForkPoolWorker-12 - INFO - Tokenizing context file: 243429-v2.0.0-mixed
2025-05-29 11:39:35,308 - ForkPoolWorker-3 - INFO - Finished tokenizing 234107-v2.0.0-mixed: 1 centers, 3 frags.
2025-05-29 11:39:35,309 - ForkPoolWorker-2 - INFO - Finished tokenizing 242072-v2.0.0-mixed: 2 centers, 7 frags.
2025-05-29 11:39:35,309 - ForkPoolWorker-1 - INFO - Finished tokenizing 242146-v2.0.0-mixed: 10 centers, 19 frags.
2025-05-29 11:39:35,309 - ForkPoolWorker-8 - INFO - Finished tokenizing 245741-v2.0.0-mixed: 2 centers, 8 frags.
2025-05-29 11:39:35,309 - ForkPoolWorker-10 - INFO - Finished tokenizing 242719-v2.0.0-mixed: 6 centers, 22 frags.
2025-05-29 11:39:35,309 - ForkPoolWorker-5 - INFO - Finished tokenizing 243082-v2.0.0-mixed: 4 centers, 14 frags.
2025-05-29 11:39:35,309 - ForkPoolWorker-9 - INFO - Tokenizing context file: 243396-v2.0.0-mixed
2025-05-29 11:39:35,309 - ForkPoolWorker-5 - INFO - Tokenizing context file: 242195-v2.0.0-mixed
2025-05-29 11:39:35,309 - ForkPoolWorker-7 - INFO - Finished tokenizing 242346-v2.0.0-mixed: 7 centers, 19 frags.
2025-05-29 11:39:35,309 - ForkPoolWorker-12 - INFO - Finished tokenizing 243429-v2.0.0-mixed: 4 centers, 17 frags.
2025-05-29 11:39:35,309 - ForkPoolWorker-4 - INFO - Tokenizing context file: 244230-v2.0.0-mixed
2025-05-29 11:39:35,310 - ForkPoolWorker-4 - INFO - Finished tokenizing 244230-v2.0.0-mixed: 2 centers, 8 frags.
2025-05-29 11:39:35,310 - ForkPoolWorker-9 - INFO - Finished tokenizing 243396-v2.0.0-mixed: 10 centers, 22 frags.
2025-05-29 11:39:35,310 - ForkPoolWorker-5 - INFO - Finished tokenizing 242195-v2.0.0-mixed: 4 centers, 14 frags.
2025-05-29 11:39:35,310 - ForkPoolWorker-6 - INFO - Finished tokenizing 242177-v2.0.0-mixed: 26 centers, 40 frags.
2025-05-29 11:39:35,310 - ForkPoolWorker-2 - INFO - Tokenizing context file: 241918-v2.0.0-mixed
2025-05-29 11:39:35,310 - ForkPoolWorker-3 - INFO - Tokenizing context file: 246260-v2.0.0-mixed
2025-05-29 11:39:35,310 - ForkPoolWorker-8 - INFO - Tokenizing context file: 244047-v2.0.0-mixed
2025-05-29 11:39:35,310 - ForkPoolWorker-1 - INFO - Tokenizing context file: 241946-v2.0.0-mixed
2025-05-29 11:39:35,311 - ForkPoolWorker-10 - INFO - Tokenizing context file: 245249-v2.0.0-mixed
2025-05-29 11:39:35,311 - ForkPoolWorker-11 - INFO - Tokenizing context file: 234699-v2.0.0-mixed
2025-05-29 11:39:35,311 - ForkPoolWorker-3 - INFO - Finished tokenizing 246260-v2.0.0-mixed: 2 centers, 11 frags.
2025-05-29 11:39:35,311 - ForkPoolWorker-8 - INFO - Finished tokenizing 244047-v2.0.0-mixed: 1 centers, 7 frags.
2025-05-29 11:39:35,311 - ForkPoolWorker-2 - INFO - Finished tokenizing 241918-v2.0.0-mixed: 4 centers, 13 frags.
2025-05-29 11:39:35,311 - ForkPoolWorker-10 - INFO - Finished tokenizing 245249-v2.0.0-mixed: 3 centers, 8 frags.
2025-05-29 11:39:35,312 - ForkPoolWorker-11 - INFO - Finished tokenizing 234699-v2.0.0-mixed: 3 centers, 10 frags.
2025-05-29 11:39:35,312 - ForkPoolWorker-1 - INFO - Finished tokenizing 241946-v2.0.0-mixed: 6 centers, 21 frags.
2025-05-29 11:39:35,312 - ForkPoolWorker-12 - INFO - Tokenizing context file: 242596-v2.0.0-mixed
2025-05-29 11:39:35,312 - ForkPoolWorker-7 - INFO - Tokenizing context file: 235283-v2.0.0-mixed
2025-05-29 11:39:35,312 - ForkPoolWorker-4 - INFO - Tokenizing context file: 242859-v2.0.0-mixed
2025-05-29 11:39:35,313 - ForkPoolWorker-4 - INFO - Finished tokenizing 242859-v2.0.0-mixed: 7 centers, 25 frags.
2025-05-29 11:39:35,313 - ForkPoolWorker-12 - INFO - Finished tokenizing 242596-v2.0.0-mixed: 5 centers, 21 frags.
2025-05-29 11:39:35,313 - ForkPoolWorker-7 - INFO - Finished tokenizing 235283-v2.0.0-mixed: 7 centers, 26 frags.
2025-05-29 11:39:35,313 - ForkPoolWorker-9 - INFO - Tokenizing context file: 500950-v1.0.0-bad
2025-05-29 11:39:35,313 - ForkPoolWorker-5 - INFO - Tokenizing context file: 243994-v2.0.0-mixed
2025-05-29 11:39:35,314 - ForkPoolWorker-9 - INFO - Finished tokenizing 500950-v1.0.0-bad: 1 centers, 2 frags.
2025-05-29 11:39:35,315 - ForkPoolWorker-5 - INFO - Finished tokenizing 243994-v2.0.0-mixed: 7 centers, 25 frags.
2025-05-29 11:39:35,315 - ForkPoolWorker-12 - INFO - Tokenizing context file: 243365-v2.0.0-mixed
2025-05-29 11:39:35,315 - ForkPoolWorker-3 - INFO - Tokenizing context file: 241894-v2.0.0-mixed
2025-05-29 11:39:35,315 - ForkPoolWorker-8 - INFO - Tokenizing context file: 247110-v2.0.0-mixed
2025-05-29 11:39:35,316 - ForkPoolWorker-8 - INFO - Finished tokenizing 247110-v2.0.0-mixed: 2 centers, 8 frags.
2025-05-29 11:39:35,316 - ForkPoolWorker-2 - INFO - Tokenizing context file: 241386-v2.0.0-mixed
2025-05-29 11:39:35,316 - ForkPoolWorker-8 - INFO - Tokenizing context file: 241638-v2.0.0-mixed
2025-05-29 11:39:35,316 - ForkPoolWorker-10 - INFO - Tokenizing context file: 242516-v2.0.0-mixed
2025-05-29 11:39:35,316 - ForkPoolWorker-12 - INFO - Finished tokenizing 243365-v2.0.0-mixed: 4 centers, 17 frags.
2025-05-29 11:39:35,316 - ForkPoolWorker-3 - INFO - Finished tokenizing 241894-v2.0.0-mixed: 4 centers, 16 frags.
2025-05-29 11:39:35,316 - ForkPoolWorker-1 - INFO - Tokenizing context file: 242436-v2.0.0-mixed
2025-05-29 11:39:35,316 - ForkPoolWorker-4 - INFO - Tokenizing context file: 239812-v2.0.0-mixed
2025-05-29 11:39:35,316 - ForkPoolWorker-6 - INFO - Tokenizing context file: 501001-v1.0.0-bad
2025-05-29 11:39:35,317 - ForkPoolWorker-8 - INFO - Finished tokenizing 241638-v2.0.0-mixed: 3 centers, 14 frags.
2025-05-29 11:39:35,317 - ForkPoolWorker-4 - INFO - Finished tokenizing 239812-v2.0.0-mixed: 4 centers, 14 frags.
2025-05-29 11:39:35,317 - ForkPoolWorker-6 - INFO - Finished tokenizing 501001-v1.0.0-bad: 1 centers, 3 frags.
2025-05-29 11:39:35,317 - ForkPoolWorker-7 - INFO - Tokenizing context file: 242586-v2.0.0-mixed
2025-05-29 11:39:35,317 - ForkPoolWorker-2 - INFO - Finished tokenizing 241386-v2.0.0-mixed: 5 centers, 27 frags.
2025-05-29 11:39:35,317 - ForkPoolWorker-9 - INFO - Tokenizing context file: 241844-v2.0.0-mixed
2025-05-29 11:39:35,317 - ForkPoolWorker-1 - INFO - Finished tokenizing 242436-v2.0.0-mixed: 5 centers, 17 frags.
2025-05-29 11:39:35,318 - ForkPoolWorker-10 - INFO - Finished tokenizing 242516-v2.0.0-mixed: 18 centers, 23 frags.
2025-05-29 11:39:35,318 - ForkPoolWorker-5 - INFO - Tokenizing context file: 243253-v2.0.0-mixed
2025-05-29 11:39:35,318 - ForkPoolWorker-11 - INFO - Tokenizing context file: 234398-v2.0.0-mixed
2025-05-29 11:39:35,319 - ForkPoolWorker-9 - INFO - Finished tokenizing 241844-v2.0.0-mixed: 18 centers, 23 frags.
2025-05-29 11:39:35,319 - ForkPoolWorker-12 - INFO - Tokenizing context file: 241418-v2.0.0-mixed
2025-05-29 11:39:35,319 - ForkPoolWorker-3 - INFO - Tokenizing context file: 246241-v2.0.0-mixed
2025-05-29 11:39:35,319 - ForkPoolWorker-8 - INFO - Tokenizing context file: 242623-v2.0.0-mixed
2025-05-29 11:39:35,319 - ForkPoolWorker-7 - INFO - Finished tokenizing 242586-v2.0.0-mixed: 6 centers, 28 frags.
2025-05-29 11:39:35,319 - ForkPoolWorker-11 - INFO - Finished tokenizing 234398-v2.0.0-mixed: 5 centers, 11 frags.
2025-05-29 11:39:35,319 - ForkPoolWorker-5 - INFO - Finished tokenizing 243253-v2.0.0-mixed: 4 centers, 13 frags.
2025-05-29 11:39:35,320 - ForkPoolWorker-3 - INFO - Finished tokenizing 246241-v2.0.0-mixed: 4 centers, 10 frags.
2025-05-29 11:39:35,320 - ForkPoolWorker-12 - INFO - Finished tokenizing 241418-v2.0.0-mixed: 5 centers, 21 frags.
2025-05-29 11:39:35,320 - ForkPoolWorker-4 - INFO - Tokenizing context file: 243318-v2.0.0-mixed
2025-05-29 11:39:35,320 - ForkPoolWorker-6 - INFO - Tokenizing context file: 2061-v1.0.0-good
2025-05-29 11:39:35,320 - ForkPoolWorker-2 - INFO - Tokenizing context file: 500773-v1.0.0-bad
2025-05-29 11:39:35,320 - ForkPoolWorker-8 - INFO - Finished tokenizing 242623-v2.0.0-mixed: 6 centers, 22 frags.
2025-05-29 11:39:35,321 - ForkPoolWorker-6 - INFO - Finished tokenizing 2061-v1.0.0-good: 1 centers, 3 frags.
2025-05-29 11:39:35,321 - ForkPoolWorker-2 - INFO - Finished tokenizing 500773-v1.0.0-bad: 1 centers, 5 frags.
2025-05-29 11:39:35,321 - ForkPoolWorker-1 - INFO - Tokenizing context file: 500749-v1.0.0-bad
2025-05-29 11:39:35,321 - ForkPoolWorker-10 - INFO - Tokenizing context file: 234536-v2.0.0-mixed
2025-05-29 11:39:35,322 - ForkPoolWorker-4 - INFO - Finished tokenizing 243318-v2.0.0-mixed: 18 centers, 25 frags.
2025-05-29 11:39:35,322 - ForkPoolWorker-10 - INFO - Finished tokenizing 234536-v2.0.0-mixed: 1 centers, 3 frags.
2025-05-29 11:39:35,322 - ForkPoolWorker-1 - INFO - Finished tokenizing 500749-v1.0.0-bad: 1 centers, 4 frags.
2025-05-29 11:39:35,322 - ForkPoolWorker-1 - INFO - Tokenizing context file: 234115-v2.0.0-mixed
2025-05-29 11:39:35,322 - ForkPoolWorker-9 - INFO - Tokenizing context file: 1997-v1.0.0-bad
2025-05-29 11:39:35,322 - ForkPoolWorker-5 - INFO - Tokenizing context file: 242416-v2.0.0-mixed
2025-05-29 11:39:35,323 - ForkPoolWorker-1 - INFO - Finished tokenizing 234115-v2.0.0-mixed: 2 centers, 4 frags.
2025-05-29 11:39:35,323 - ForkPoolWorker-9 - INFO - Finished tokenizing 1997-v1.0.0-bad: 1 centers, 3 frags.
2025-05-29 11:39:35,323 - ForkPoolWorker-11 - INFO - Tokenizing context file: 243251-v2.0.0-mixed
2025-05-29 11:39:35,323 - ForkPoolWorker-3 - INFO - Tokenizing context file: 242198-v2.0.0-mixed
2025-05-29 11:39:35,323 - ForkPoolWorker-12 - INFO - Tokenizing context file: 243229-v2.0.0-mixed
2025-05-29 11:39:35,323 - ForkPoolWorker-5 - INFO - Finished tokenizing 242416-v2.0.0-mixed: 4 centers, 14 frags.
2025-05-29 11:39:35,323 - ForkPoolWorker-8 - INFO - Tokenizing context file: 241909-v2.0.0-mixed
2025-05-29 11:39:35,323 - ForkPoolWorker-6 - INFO - Tokenizing context file: 234130-v2.0.0-mixed
2025-05-29 11:39:35,324 - ForkPoolWorker-2 - INFO - Tokenizing context file: 243724-v2.0.0-mixed
2025-05-29 11:39:35,324 - ForkPoolWorker-5 - INFO - Tokenizing context file: 242121-v2.0.0-mixed
2025-05-29 11:39:35,324 - ForkPoolWorker-11 - INFO - Finished tokenizing 243251-v2.0.0-mixed: 1 centers, 2 frags.
2025-05-29 11:39:35,324 - ForkPoolWorker-3 - INFO - Finished tokenizing 242198-v2.0.0-mixed: 2 centers, 9 frags.
2025-05-29 11:39:35,324 - ForkPoolWorker-4 - INFO - Tokenizing context file: 239578-v2.0.0-mixed
2025-05-29 11:39:35,324 - ForkPoolWorker-5 - INFO - Finished tokenizing 242121-v2.0.0-mixed: 4 centers, 13 frags.
2025-05-29 11:39:35,325 - ForkPoolWorker-6 - INFO - Finished tokenizing 234130-v2.0.0-mixed: 4 centers, 9 frags.
2025-05-29 11:39:35,325 - ForkPoolWorker-9 - INFO - Tokenizing context file: 241010-v2.0.0-mixed
2025-05-29 11:39:35,325 - ForkPoolWorker-4 - INFO - Finished tokenizing 239578-v2.0.0-mixed: 0 centers, 0 frags.
2025-05-29 11:39:35,325 - ForkPoolWorker-7 - INFO - Tokenizing context file: 240801-v2.0.0-mixed
2025-05-29 11:39:35,325 - ForkPoolWorker-6 - INFO - Tokenizing context file: 500795-v1.0.0-bad
2025-05-29 11:39:35,325 - ForkPoolWorker-10 - INFO - Tokenizing context file: 235394-v2.0.0-mixed
2025-05-29 11:39:35,325 - ForkPoolWorker-2 - INFO - Finished tokenizing 243724-v2.0.0-mixed: 3 centers, 10 frags.
2025-05-29 11:39:35,325 - ForkPoolWorker-8 - INFO - Finished tokenizing 241909-v2.0.0-mixed: 6 centers, 24 frags.
2025-05-29 11:39:35,325 - ForkPoolWorker-12 - INFO - Finished tokenizing 243229-v2.0.0-mixed: 6 centers, 27 frags.
2025-05-29 11:39:35,325 - ForkPoolWorker-7 - INFO - Finished tokenizing 240801-v2.0.0-mixed: 1 centers, 2 frags.
2025-05-29 11:39:35,325 - ForkPoolWorker-6 - INFO - Finished tokenizing 500795-v1.0.0-bad: 1 centers, 4 frags.
2025-05-29 11:39:35,326 - ForkPoolWorker-9 - INFO - Finished tokenizing 241010-v2.0.0-mixed: 2 centers, 7 frags.
2025-05-29 11:39:35,326 - ForkPoolWorker-10 - INFO - Finished tokenizing 235394-v2.0.0-mixed: 4 centers, 11 frags.
2025-05-29 11:39:35,326 - ForkPoolWorker-11 - INFO - Tokenizing context file: 243043-v2.0.0-mixed
2025-05-29 11:39:35,326 - ForkPoolWorker-10 - INFO - Tokenizing context file: 248250-v2.0.0-mixed
2025-05-29 11:39:35,326 - ForkPoolWorker-3 - INFO - Tokenizing context file: 235830-v2.0.0-mixed
2025-05-29 11:39:35,326 - ForkPoolWorker-1 - INFO - Tokenizing context file: 242568-v2.0.0-mixed
2025-05-29 11:39:35,326 - ForkPoolWorker-4 - INFO - Tokenizing context file: 242954-v2.0.0-mixed
2025-05-29 11:39:35,326 - ForkPoolWorker-2 - INFO - Tokenizing context file: 242509-v2.0.0-mixed
2025-05-29 11:39:35,327 - ForkPoolWorker-8 - INFO - Tokenizing context file: 242172-v2.0.0-mixed
2025-05-29 11:39:35,327 - ForkPoolWorker-10 - INFO - Finished tokenizing 248250-v2.0.0-mixed: 2 centers, 10 frags.
2025-05-29 11:39:35,327 - ForkPoolWorker-3 - INFO - Finished tokenizing 235830-v2.0.0-mixed: 3 centers, 13 frags.
2025-05-29 11:39:35,327 - ForkPoolWorker-11 - INFO - Finished tokenizing 243043-v2.0.0-mixed: 4 centers, 14 frags.
2025-05-29 11:39:35,328 - ForkPoolWorker-1 - INFO - Finished tokenizing 242568-v2.0.0-mixed: 4 centers, 14 frags.
2025-05-29 11:39:35,328 - ForkPoolWorker-2 - INFO - Finished tokenizing 242509-v2.0.0-mixed: 7 centers, 21 frags.
2025-05-29 11:39:35,328 - ForkPoolWorker-12 - INFO - Tokenizing context file: 246116-v2.0.0-mixed
2025-05-29 11:39:35,328 - ForkPoolWorker-7 - INFO - Tokenizing context file: 240060-v2.0.0-mixed
2025-05-29 11:39:35,328 - ForkPoolWorker-6 - INFO - Tokenizing context file: 242305-v2.0.0-mixed
2025-05-29 11:39:35,328 - ForkPoolWorker-9 - INFO - Tokenizing context file: 500922-v1.0.0-bad
2025-05-29 11:39:35,328 - ForkPoolWorker-4 - INFO - Finished tokenizing 242954-v2.0.0-mixed: 7 centers, 21 frags.
2025-05-29 11:39:35,328 - ForkPoolWorker-8 - INFO - Finished tokenizing 242172-v2.0.0-mixed: 6 centers, 22 frags.
2025-05-29 11:39:35,328 - ForkPoolWorker-9 - INFO - Finished tokenizing 500922-v1.0.0-bad: 1 centers, 5 frags.
2025-05-29 11:39:35,328 - ForkPoolWorker-12 - INFO - Finished tokenizing 246116-v2.0.0-mixed: 2 centers, 8 frags.
2025-05-29 11:39:35,329 - ForkPoolWorker-5 - INFO - Tokenizing context file: 241713-v2.0.0-mixed
2025-05-29 11:39:35,329 - ForkPoolWorker-10 - INFO - Tokenizing context file: 500828-v1.0.0-bad
2025-05-29 11:39:35,329 - ForkPoolWorker-3 - INFO - Tokenizing context file: 242071-v2.0.0-mixed
2025-05-29 11:39:35,329 - ForkPoolWorker-7 - INFO - Finished tokenizing 240060-v2.0.0-mixed: 4 centers, 14 frags.
2025-05-29 11:39:35,329 - ForkPoolWorker-11 - INFO - Tokenizing context file: 242063-v2.0.0-mixed
2025-05-29 11:39:35,329 - ForkPoolWorker-1 - INFO - Tokenizing context file: 242057-v2.0.0-mixed
2025-05-29 11:39:35,329 - ForkPoolWorker-10 - INFO - Finished tokenizing 500828-v1.0.0-bad: 1 centers, 2 frags.
2025-05-29 11:39:35,330 - ForkPoolWorker-2 - INFO - Tokenizing context file: 501057-v1.0.0-bad
2025-05-29 11:39:35,330 - ForkPoolWorker-4 - INFO - Tokenizing context file: 243681-v2.0.0-mixed
2025-05-29 11:39:35,330 - ForkPoolWorker-5 - INFO - Finished tokenizing 241713-v2.0.0-mixed: 6 centers, 15 frags.
2025-05-29 11:39:35,330 - ForkPoolWorker-2 - INFO - Finished tokenizing 501057-v1.0.0-bad: 0 centers, 0 frags.
2025-05-29 11:39:35,330 - ForkPoolWorker-3 - INFO - Finished tokenizing 242071-v2.0.0-mixed: 2 centers, 20 frags.
2025-05-29 11:39:35,330 - ForkPoolWorker-1 - INFO - Finished tokenizing 242057-v2.0.0-mixed: 4 centers, 13 frags.
2025-05-29 11:39:35,330 - ForkPoolWorker-11 - INFO - Finished tokenizing 242063-v2.0.0-mixed: 4 centers, 16 frags.
2025-05-29 11:39:35,330 - ForkPoolWorker-6 - INFO - Finished tokenizing 242305-v2.0.0-mixed: 26 centers, 40 frags.
2025-05-29 11:39:35,330 - ForkPoolWorker-9 - INFO - Tokenizing context file: 241979-v2.0.0-mixed
2025-05-29 11:39:35,330 - ForkPoolWorker-8 - INFO - Tokenizing context file: 500735-v1.0.0-bad
2025-05-29 11:39:35,331 - ForkPoolWorker-4 - INFO - Finished tokenizing 243681-v2.0.0-mixed: 3 centers, 10 frags.
2025-05-29 11:39:35,331 - ForkPoolWorker-8 - INFO - Finished tokenizing 500735-v1.0.0-bad: 2 centers, 3 frags.
2025-05-29 11:39:35,331 - ForkPoolWorker-6 - INFO - Tokenizing context file: 235153-v2.0.0-mixed
2025-05-29 11:39:35,332 - ForkPoolWorker-9 - INFO - Finished tokenizing 241979-v2.0.0-mixed: 6 centers, 22 frags.
2025-05-29 11:39:35,332 - ForkPoolWorker-7 - INFO - Tokenizing context file: 240929-v2.0.0-mixed
2025-05-29 11:39:35,332 - ForkPoolWorker-10 - INFO - Tokenizing context file: 247581-v2.0.0-mixed
2025-05-29 11:39:35,332 - ForkPoolWorker-5 - INFO - Tokenizing context file: 239640-v2.0.0-mixed
2025-05-29 11:39:35,332 - ForkPoolWorker-2 - INFO - Tokenizing context file: 242250-v2.0.0-mixed
2025-05-29 11:39:35,332 - ForkPoolWorker-6 - INFO - Finished tokenizing 235153-v2.0.0-mixed: 6 centers, 14 frags.
2025-05-29 11:39:35,333 - ForkPoolWorker-10 - INFO - Finished tokenizing 247581-v2.0.0-mixed: 2 centers, 8 frags.
2025-05-29 11:39:35,333 - ForkPoolWorker-7 - INFO - Finished tokenizing 240929-v2.0.0-mixed: 2 centers, 7 frags.
2025-05-29 11:39:35,333 - ForkPoolWorker-5 - INFO - Finished tokenizing 239640-v2.0.0-mixed: 4 centers, 14 frags.
2025-05-29 11:39:35,333 - ForkPoolWorker-2 - INFO - Finished tokenizing 242250-v2.0.0-mixed: 7 centers, 19 frags.
2025-05-29 11:39:35,333 - ForkPoolWorker-3 - INFO - Tokenizing context file: 240608-v2.0.0-mixed
2025-05-29 11:39:35,333 - ForkPoolWorker-1 - INFO - Tokenizing context file: 243024-v2.0.0-mixed
2025-05-29 11:39:35,333 - ForkPoolWorker-11 - INFO - Tokenizing context file: 241903-v2.0.0-mixed
2025-05-29 11:39:35,334 - ForkPoolWorker-12 - INFO - Tokenizing context file: 241777-v2.0.0-mixed
2025-05-29 11:39:35,334 - ForkPoolWorker-4 - INFO - Tokenizing context file: 240698-v2.0.0-mixed
2025-05-29 11:39:35,334 - ForkPoolWorker-8 - INFO - Tokenizing context file: 500736-v1.0.0-bad
2025-05-29 11:39:35,334 - ForkPoolWorker-9 - INFO - Tokenizing context file: 501044-v1.0.0-bad
2025-05-29 11:39:35,334 - ForkPoolWorker-12 - INFO - Finished tokenizing 241777-v2.0.0-mixed: 1 centers, 2 frags.
2025-05-29 11:39:35,334 - ForkPoolWorker-11 - INFO - Finished tokenizing 241903-v2.0.0-mixed: 4 centers, 16 frags.
2025-05-29 11:39:35,334 - ForkPoolWorker-1 - INFO - Finished tokenizing 243024-v2.0.0-mixed: 4 centers, 14 frags.
2025-05-29 11:39:35,334 - ForkPoolWorker-8 - INFO - Finished tokenizing 500736-v1.0.0-bad: 2 centers, 3 frags.
2025-05-29 11:39:35,334 - ForkPoolWorker-9 - INFO - Finished tokenizing 501044-v1.0.0-bad: 1 centers, 4 frags.
2025-05-29 11:39:35,334 - ForkPoolWorker-3 - INFO - Finished tokenizing 240608-v2.0.0-mixed: 6 centers, 26 frags.
2025-05-29 11:39:35,335 - ForkPoolWorker-6 - INFO - Tokenizing context file: 245645-v2.0.0-mixed
2025-05-29 11:39:35,335 - ForkPoolWorker-10 - INFO - Tokenizing context file: 241741-v2.0.0-mixed
2025-05-29 11:39:35,335 - ForkPoolWorker-4 - INFO - Finished tokenizing 240698-v2.0.0-mixed: 6 centers, 27 frags.
2025-05-29 11:39:35,335 - ForkPoolWorker-7 - INFO - Tokenizing context file: 1960-v1.0.0-good
2025-05-29 11:39:35,336 - ForkPoolWorker-5 - INFO - Tokenizing context file: 1536-v1.0.0-bad
2025-05-29 11:39:35,336 - ForkPoolWorker-2 - INFO - Tokenizing context file: 243427-v2.0.0-mixed
2025-05-29 11:39:35,336 - ForkPoolWorker-12 - INFO - Tokenizing context file: 242833-v2.0.0-mixed
2025-05-29 11:39:35,336 - ForkPoolWorker-11 - INFO - Tokenizing context file: 243181-v2.0.0-mixed
2025-05-29 11:39:35,336 - ForkPoolWorker-6 - INFO - Finished tokenizing 245645-v2.0.0-mixed: 2 centers, 8 frags.
2025-05-29 11:39:35,336 - ForkPoolWorker-5 - INFO - Finished tokenizing 1536-v1.0.0-bad: 2 centers, 7 frags.
2025-05-29 11:39:35,336 - ForkPoolWorker-7 - INFO - Finished tokenizing 1960-v1.0.0-good: 2 centers, 11 frags.
2025-05-29 11:39:35,337 - ForkPoolWorker-12 - INFO - Finished tokenizing 242833-v2.0.0-mixed: 1 centers, 2 frags.
2025-05-29 11:39:35,337 - ForkPoolWorker-10 - INFO - Finished tokenizing 241741-v2.0.0-mixed: 7 centers, 21 frags.
2025-05-29 11:39:35,337 - ForkPoolWorker-1 - INFO - Tokenizing context file: 243156-v2.0.0-mixed
2025-05-29 11:39:35,337 - ForkPoolWorker-8 - INFO - Tokenizing context file: 242953-v2.0.0-mixed
2025-05-29 11:39:35,337 - ForkPoolWorker-9 - INFO - Tokenizing context file: 241809-v2.0.0-mixed
2025-05-29 11:39:35,337 - ForkPoolWorker-3 - INFO - Tokenizing context file: 500873-v1.0.0-bad
2025-05-29 11:39:35,337 - ForkPoolWorker-11 - INFO - Finished tokenizing 243181-v2.0.0-mixed: 7 centers, 27 frags.
2025-05-29 11:39:35,338 - ForkPoolWorker-4 - INFO - Tokenizing context file: 246337-v2.0.0-mixed
2025-05-29 11:39:35,338 - ForkPoolWorker-6 - INFO - Tokenizing context file: 242950-v2.0.0-mixed
2025-05-29 11:39:35,338 - ForkPoolWorker-1 - INFO - Finished tokenizing 243156-v2.0.0-mixed: 1 centers, 2 frags.
2025-05-29 11:39:35,338 - ForkPoolWorker-9 - INFO - Finished tokenizing 241809-v2.0.0-mixed: 1 centers, 2 frags.
2025-05-29 11:39:35,338 - ForkPoolWorker-5 - INFO - Tokenizing context file: 247538-v2.0.0-mixed
2025-05-29 11:39:35,338 - ForkPoolWorker-3 - INFO - Finished tokenizing 500873-v1.0.0-bad: 2 centers, 4 frags.
2025-05-29 11:39:35,339 - ForkPoolWorker-2 - INFO - Finished tokenizing 243427-v2.0.0-mixed: 26 centers, 42 frags.
2025-05-29 11:39:35,339 - ForkPoolWorker-8 - INFO - Finished tokenizing 242953-v2.0.0-mixed: 4 centers, 16 frags.
2025-05-29 11:39:35,339 - ForkPoolWorker-4 - INFO - Finished tokenizing 246337-v2.0.0-mixed: 4 centers, 10 frags.
2025-05-29 11:39:35,339 - ForkPoolWorker-7 - INFO - Tokenizing context file: 240458-v2.0.0-mixed
2025-05-29 11:39:35,339 - ForkPoolWorker-12 - INFO - Tokenizing context file: 240612-v2.0.0-mixed
2025-05-29 11:39:35,339 - ForkPoolWorker-10 - INFO - Tokenizing context file: 241881-v2.0.0-mixed
2025-05-29 11:39:35,339 - ForkPoolWorker-5 - INFO - Finished tokenizing 247538-v2.0.0-mixed: 2 centers, 9 frags.
2025-05-29 11:39:35,339 - ForkPoolWorker-6 - INFO - Finished tokenizing 242950-v2.0.0-mixed: 4 centers, 16 frags.
2025-05-29 11:39:35,340 - ForkPoolWorker-7 - INFO - Finished tokenizing 240458-v2.0.0-mixed: 4 centers, 11 frags.
2025-05-29 11:39:35,340 - ForkPoolWorker-10 - INFO - Finished tokenizing 241881-v2.0.0-mixed: 2 centers, 7 frags.
2025-05-29 11:39:35,340 - ForkPoolWorker-12 - INFO - Finished tokenizing 240612-v2.0.0-mixed: 6 centers, 28 frags.
2025-05-29 11:39:35,340 - ForkPoolWorker-11 - INFO - Tokenizing context file: 243163-v2.0.0-mixed
2025-05-29 11:39:35,340 - ForkPoolWorker-1 - INFO - Tokenizing context file: 242221-v2.0.0-mixed
2025-05-29 11:39:35,340 - ForkPoolWorker-9 - INFO - Tokenizing context file: 500721-v1.0.0-bad
2025-05-29 11:39:35,340 - ForkPoolWorker-3 - INFO - Tokenizing context file: 242585-v2.0.0-mixed
2025-05-29 11:39:35,341 - ForkPoolWorker-8 - INFO - Tokenizing context file: 500995-v1.0.0-bad
2025-05-29 11:39:35,341 - ForkPoolWorker-8 - INFO - Finished tokenizing 500995-v1.0.0-bad: 1 centers, 4 frags.
2025-05-29 11:39:35,341 - ForkPoolWorker-11 - INFO - Finished tokenizing 243163-v2.0.0-mixed: 2 centers, 6 frags.
2025-05-29 11:39:35,341 - ForkPoolWorker-3 - INFO - Finished tokenizing 242585-v2.0.0-mixed: 2 centers, 9 frags.
2025-05-29 11:39:35,341 - ForkPoolWorker-9 - INFO - Finished tokenizing 500721-v1.0.0-bad: 1 centers, 3 frags.
2025-05-29 11:39:35,341 - ForkPoolWorker-2 - INFO - Tokenizing context file: 244702-v2.0.0-mixed
2025-05-29 11:39:35,342 - ForkPoolWorker-1 - INFO - Finished tokenizing 242221-v2.0.0-mixed: 7 centers, 21 frags.
2025-05-29 11:39:35,342 - ForkPoolWorker-2 - INFO - Finished tokenizing 244702-v2.0.0-mixed: 2 centers, 8 frags.
2025-05-29 11:39:35,342 - ForkPoolWorker-4 - INFO - Tokenizing context file: 241710-v2.0.0-mixed
2025-05-29 11:39:35,342 - ForkPoolWorker-5 - INFO - Tokenizing context file: 245461-v2.0.0-mixed
2025-05-29 11:39:35,342 - ForkPoolWorker-6 - INFO - Tokenizing context file: 247397-v2.0.0-mixed
2025-05-29 11:39:35,342 - ForkPoolWorker-7 - INFO - Tokenizing context file: 2045-v1.0.0-bad
2025-05-29 11:39:35,342 - ForkPoolWorker-10 - INFO - Tokenizing context file: 501039-v1.0.0-bad
2025-05-29 11:39:35,342 - ForkPoolWorker-12 - INFO - Tokenizing context file: 243993-v2.0.0-mixed
2025-05-29 11:39:35,342 - ForkPoolWorker-11 - INFO - Tokenizing context file: 2026-v1.0.0-bad
2025-05-29 11:39:35,342 - ForkPoolWorker-8 - INFO - Tokenizing context file: 72-v1.0.0-bad
2025-05-29 11:39:35,342 - ForkPoolWorker-9 - INFO - Tokenizing context file: 500818-v1.0.0-bad
2025-05-29 11:39:35,343 - ForkPoolWorker-3 - INFO - Tokenizing context file: 244754-v2.0.0-mixed
2025-05-29 11:39:35,343 - ForkPoolWorker-1 - INFO - Tokenizing context file: 243340-v2.0.0-mixed
2025-05-29 11:39:35,343 - ForkPoolWorker-10 - INFO - Finished tokenizing 501039-v1.0.0-bad: 1 centers, 3 frags.
2025-05-29 11:39:35,343 - ForkPoolWorker-4 - INFO - Finished tokenizing 241710-v2.0.0-mixed: 1 centers, 4 frags.
2025-05-29 11:39:35,343 - ForkPoolWorker-2 - INFO - Tokenizing context file: 501052-v1.0.0-bad
2025-05-29 11:39:35,343 - ForkPoolWorker-10 - INFO - Tokenizing context file: 242094-v2.0.0-mixed
2025-05-29 11:39:35,343 - ForkPoolWorker-5 - INFO - Finished tokenizing 245461-v2.0.0-mixed: 2 centers, 10 frags.
2025-05-29 11:39:35,343 - ForkPoolWorker-11 - INFO - Finished tokenizing 2026-v1.0.0-bad: 2 centers, 6 frags.
2025-05-29 11:39:35,343 - ForkPoolWorker-8 - INFO - Finished tokenizing 72-v1.0.0-bad: 1 centers, 4 frags.
2025-05-29 11:39:35,343 - ForkPoolWorker-5 - INFO - Tokenizing context file: 242824-v2.0.0-mixed
2025-05-29 11:39:35,343 - ForkPoolWorker-11 - INFO - Tokenizing context file: 500902-v1.0.0-bad
2025-05-29 11:39:35,343 - ForkPoolWorker-7 - INFO - Finished tokenizing 2045-v1.0.0-bad: 1 centers, 8 frags.
2025-05-29 11:39:35,343 - ForkPoolWorker-8 - INFO - Tokenizing context file: 500744-v1.0.0-bad
2025-05-29 11:39:35,343 - ForkPoolWorker-9 - INFO - Finished tokenizing 500818-v1.0.0-bad: 1 centers, 5 frags.
2025-05-29 11:39:35,343 - ForkPoolWorker-7 - INFO - Tokenizing context file: 243171-v2.0.0-mixed
2025-05-29 11:39:35,343 - ForkPoolWorker-9 - INFO - Tokenizing context file: 245549-v2.0.0-mixed
2025-05-29 11:39:35,343 - ForkPoolWorker-2 - INFO - Finished tokenizing 501052-v1.0.0-bad: 0 centers, 0 frags.
2025-05-29 11:39:35,343 - ForkPoolWorker-12 - INFO - Finished tokenizing 243993-v2.0.0-mixed: 4 centers, 11 frags.
2025-05-29 11:39:35,343 - ForkPoolWorker-6 - INFO - Finished tokenizing 247397-v2.0.0-mixed: 2 centers, 10 frags.
2025-05-29 11:39:35,344 - ForkPoolWorker-4 - INFO - Tokenizing context file: 243468-v2.0.0-mixed
2025-05-29 11:39:35,344 - ForkPoolWorker-3 - INFO - Finished tokenizing 244754-v2.0.0-mixed: 2 centers, 6 frags.
2025-05-29 11:39:35,344 - ForkPoolWorker-2 - INFO - Tokenizing context file: 235279-v2.0.0-mixed
2025-05-29 11:39:35,344 - ForkPoolWorker-1 - INFO - Finished tokenizing 243340-v2.0.0-mixed: 7 centers, 19 frags.
2025-05-29 11:39:35,344 - ForkPoolWorker-8 - INFO - Finished tokenizing 500744-v1.0.0-bad: 1 centers, 5 frags.
2025-05-29 11:39:35,344 - ForkPoolWorker-5 - INFO - Finished tokenizing 242824-v2.0.0-mixed: 4 centers, 10 frags.
2025-05-29 11:39:35,344 - ForkPoolWorker-11 - INFO - Finished tokenizing 500902-v1.0.0-bad: 1 centers, 4 frags.
2025-05-29 11:39:35,344 - ForkPoolWorker-9 - INFO - Finished tokenizing 245549-v2.0.0-mixed: 3 centers, 9 frags.
2025-05-29 11:39:35,344 - ForkPoolWorker-12 - INFO - Tokenizing context file: 243414-v2.0.0-mixed
2025-05-29 11:39:35,344 - ForkPoolWorker-6 - INFO - Tokenizing context file: 248621-v2.0.0-mixed
2025-05-29 11:39:35,344 - ForkPoolWorker-3 - INFO - Tokenizing context file: 243881-v2.0.0-mixed
2025-05-29 11:39:35,344 - ForkPoolWorker-1 - INFO - Tokenizing context file: 242735-v2.0.0-mixed
2025-05-29 11:39:35,345 - ForkPoolWorker-10 - INFO - Finished tokenizing 242094-v2.0.0-mixed: 7 centers, 26 frags.
2025-05-29 11:39:35,345 - ForkPoolWorker-2 - INFO - Finished tokenizing 235279-v2.0.0-mixed: 4 centers, 14 frags.
2025-05-29 11:39:35,345 - ForkPoolWorker-4 - INFO - Finished tokenizing 243468-v2.0.0-mixed: 7 centers, 19 frags.
2025-05-29 11:39:35,345 - ForkPoolWorker-1 - INFO - Finished tokenizing 242735-v2.0.0-mixed: 4 centers, 16 frags.
2025-05-29 11:39:35,345 - ForkPoolWorker-6 - INFO - Finished tokenizing 248621-v2.0.0-mixed: 2 centers, 11 frags.
2025-05-29 11:39:35,346 - ForkPoolWorker-7 - INFO - Finished tokenizing 243171-v2.0.0-mixed: 26 centers, 42 frags.
2025-05-29 11:39:35,346 - ForkPoolWorker-12 - INFO - Finished tokenizing 243414-v2.0.0-mixed: 18 centers, 25 frags.
2025-05-29 11:39:35,346 - ForkPoolWorker-3 - INFO - Finished tokenizing 243881-v2.0.0-mixed: 9 centers, 25 frags.
2025-05-29 11:39:35,346 - ForkPoolWorker-8 - INFO - Tokenizing context file: 248133-v2.0.0-mixed
2025-05-29 11:39:35,346 - ForkPoolWorker-5 - INFO - Tokenizing context file: 242230-v2.0.0-mixed
2025-05-29 11:39:35,346 - ForkPoolWorker-3 - INFO - Tokenizing context file: 243125-v2.0.0-mixed
2025-05-29 11:39:35,346 - ForkPoolWorker-11 - INFO - Tokenizing context file: 500769-v1.0.0-bad
2025-05-29 11:39:35,347 - ForkPoolWorker-11 - INFO - Finished tokenizing 500769-v1.0.0-bad: 1 centers, 5 frags.
2025-05-29 11:39:35,347 - ForkPoolWorker-5 - INFO - Finished tokenizing 242230-v2.0.0-mixed: 2 centers, 9 frags.
2025-05-29 11:39:35,347 - ForkPoolWorker-10 - INFO - Tokenizing context file: 246905-v2.0.0-mixed
2025-05-29 11:39:35,347 - ForkPoolWorker-2 - INFO - Tokenizing context file: 500896-v1.0.0-bad
2025-05-29 11:39:35,347 - ForkPoolWorker-3 - INFO - Finished tokenizing 243125-v2.0.0-mixed: 4 centers, 13 frags.
2025-05-29 11:39:35,348 - ForkPoolWorker-8 - INFO - Finished tokenizing 248133-v2.0.0-mixed: 5 centers, 17 frags.
2025-05-29 11:39:35,348 - ForkPoolWorker-2 - INFO - Finished tokenizing 500896-v1.0.0-bad: 1 centers, 3 frags.
2025-05-29 11:39:35,348 - ForkPoolWorker-4 - INFO - Tokenizing context file: 242533-v2.0.0-mixed
2025-05-29 11:39:35,348 - ForkPoolWorker-1 - INFO - Tokenizing context file: 247534-v2.0.0-mixed
2025-05-29 11:39:35,348 - ForkPoolWorker-10 - INFO - Finished tokenizing 246905-v2.0.0-mixed: 3 centers, 8 frags.
2025-05-29 11:39:35,348 - ForkPoolWorker-1 - INFO - Finished tokenizing 247534-v2.0.0-mixed: 2 centers, 8 frags.
2025-05-29 11:39:35,349 - ForkPoolWorker-4 - INFO - Finished tokenizing 242533-v2.0.0-mixed: 7 centers, 21 frags.
2025-05-29 11:39:35,349 - ForkPoolWorker-8 - INFO - Tokenizing context file: 243175-v2.0.0-mixed
2025-05-29 11:39:35,350 - ForkPoolWorker-7 - INFO - Tokenizing context file: 244085-v2.0.0-mixed
2025-05-29 11:39:35,350 - ForkPoolWorker-8 - INFO - Finished tokenizing 243175-v2.0.0-mixed: 7 centers, 22 frags.
2025-05-29 11:39:35,351 - ForkPoolWorker-12 - INFO - Tokenizing context file: 242664-v2.0.0-mixed
2025-05-29 11:39:35,351 - ForkPoolWorker-9 - INFO - Tokenizing context file: 241518-v2.0.0-mixed
2025-05-29 11:39:35,351 - ForkPoolWorker-11 - INFO - Tokenizing context file: 241392-v2.0.0-mixed
2025-05-29 11:39:35,351 - ForkPoolWorker-7 - INFO - Finished tokenizing 244085-v2.0.0-mixed: 3 centers, 11 frags.
2025-05-29 11:39:35,352 - ForkPoolWorker-5 - INFO - Tokenizing context file: 242877-v2.0.0-mixed
2025-05-29 11:39:35,352 - ForkPoolWorker-3 - INFO - Tokenizing context file: 244845-v2.0.0-mixed
2025-05-29 11:39:35,352 - ForkPoolWorker-2 - INFO - Tokenizing context file: 242407-v2.0.0-mixed
2025-05-29 11:39:35,352 - ForkPoolWorker-6 - INFO - Tokenizing context file: 234567-v2.0.0-mixed
2025-05-29 11:39:35,352 - ForkPoolWorker-11 - INFO - Finished tokenizing 241392-v2.0.0-mixed: 2 centers, 7 frags.
2025-05-29 11:39:35,352 - ForkPoolWorker-10 - INFO - Tokenizing context file: 243579-v2.0.0-mixed
2025-05-29 11:39:35,352 - ForkPoolWorker-1 - INFO - Tokenizing context file: 242417-v2.0.0-mixed
2025-05-29 11:39:35,352 - ForkPoolWorker-4 - INFO - Tokenizing context file: 500865-v1.0.0-bad
2025-05-29 11:39:35,352 - ForkPoolWorker-9 - INFO - Finished tokenizing 241518-v2.0.0-mixed: 1 centers, 4 frags.
2025-05-29 11:39:35,352 - ForkPoolWorker-12 - INFO - Finished tokenizing 242664-v2.0.0-mixed: 4 centers, 14 frags.
2025-05-29 11:39:35,353 - ForkPoolWorker-4 - INFO - Finished tokenizing 500865-v1.0.0-bad: 2 centers, 5 frags.
2025-05-29 11:39:35,353 - ForkPoolWorker-1 - INFO - Finished tokenizing 242417-v2.0.0-mixed: 1 centers, 2 frags.
2025-05-29 11:39:35,353 - ForkPoolWorker-2 - INFO - Finished tokenizing 242407-v2.0.0-mixed: 4 centers, 12 frags.
2025-05-29 11:39:35,353 - ForkPoolWorker-6 - INFO - Finished tokenizing 234567-v2.0.0-mixed: 3 centers, 10 frags.
2025-05-29 11:39:35,353 - ForkPoolWorker-3 - INFO - Finished tokenizing 244845-v2.0.0-mixed: 2 centers, 9 frags.
2025-05-29 11:39:35,353 - ForkPoolWorker-8 - INFO - Tokenizing context file: 500737-v1.0.0-bad
2025-05-29 11:39:35,353 - ForkPoolWorker-3 - INFO - Tokenizing context file: 247773-v2.0.0-mixed
2025-05-29 11:39:35,353 - ForkPoolWorker-12 - INFO - Tokenizing context file: 1998-v1.0.0-good
2025-05-29 11:39:35,353 - ForkPoolWorker-11 - INFO - Tokenizing context file: 242203-v2.0.0-mixed
2025-05-29 11:39:35,353 - ForkPoolWorker-9 - INFO - Tokenizing context file: 240618-v2.0.0-mixed
2025-05-29 11:39:35,354 - ForkPoolWorker-4 - INFO - Tokenizing context file: 242896-v2.0.0-mixed
2025-05-29 11:39:35,354 - ForkPoolWorker-2 - INFO - Tokenizing context file: 242190-v2.0.0-mixed
2025-05-29 11:39:35,354 - ForkPoolWorker-1 - INFO - Tokenizing context file: 235097-v2.0.0-mixed
2025-05-29 11:39:35,354 - ForkPoolWorker-6 - INFO - Tokenizing context file: 242794-v2.0.0-mixed
2025-05-29 11:39:35,354 - ForkPoolWorker-10 - INFO - Finished tokenizing 243579-v2.0.0-mixed: 7 centers, 24 frags.
2025-05-29 11:39:35,354 - ForkPoolWorker-7 - INFO - Tokenizing context file: 247861-v2.0.0-mixed
2025-05-29 11:39:35,354 - ForkPoolWorker-10 - INFO - Tokenizing context file: 500891-v1.0.0-bad
2025-05-29 11:39:35,354 - ForkPoolWorker-12 - INFO - Finished tokenizing 1998-v1.0.0-good: 1 centers, 4 frags.
2025-05-29 11:39:35,354 - ForkPoolWorker-12 - INFO - Tokenizing context file: 235702-v2.0.0-mixed
2025-05-29 11:39:35,354 - ForkPoolWorker-5 - INFO - Finished tokenizing 242877-v2.0.0-mixed: 6 centers, 28 frags.
2025-05-29 11:39:35,354 - ForkPoolWorker-8 - INFO - Finished tokenizing 500737-v1.0.0-bad: 1 centers, 4 frags.
2025-05-29 11:39:35,354 - ForkPoolWorker-3 - INFO - Finished tokenizing 247773-v2.0.0-mixed: 2 centers, 11 frags.
2025-05-29 11:39:35,354 - ForkPoolWorker-8 - INFO - Tokenizing context file: 245742-v2.0.0-mixed
2025-05-29 11:39:35,354 - ForkPoolWorker-5 - INFO - Tokenizing context file: 245316-v2.0.0-mixed
2025-05-29 11:39:35,354 - ForkPoolWorker-3 - INFO - Tokenizing context file: 242228-v2.0.0-mixed
2025-05-29 11:39:35,355 - ForkPoolWorker-10 - INFO - Finished tokenizing 500891-v1.0.0-bad: 1 centers, 3 frags.
2025-05-29 11:39:35,355 - ForkPoolWorker-10 - INFO - Tokenizing context file: 242581-v2.0.0-mixed
2025-05-29 11:39:35,355 - ForkPoolWorker-11 - INFO - Finished tokenizing 242203-v2.0.0-mixed: 6 centers, 24 frags.
2025-05-29 11:39:35,355 - ForkPoolWorker-1 - INFO - Finished tokenizing 235097-v2.0.0-mixed: 1 centers, 3 frags.
2025-05-29 11:39:35,355 - ForkPoolWorker-6 - INFO - Finished tokenizing 242794-v2.0.0-mixed: 7 centers, 19 frags.
2025-05-29 11:39:35,355 - ForkPoolWorker-1 - INFO - Tokenizing context file: 242317-v2.0.0-mixed
2025-05-29 11:39:35,355 - ForkPoolWorker-11 - INFO - Tokenizing context file: 234563-v2.0.0-mixed
2025-05-29 11:39:35,355 - ForkPoolWorker-6 - INFO - Tokenizing context file: 242244-v2.0.0-mixed
2025-05-29 11:39:35,355 - ForkPoolWorker-9 - INFO - Finished tokenizing 240618-v2.0.0-mixed: 7 centers, 29 frags.
2025-05-29 11:39:35,355 - ForkPoolWorker-8 - INFO - Finished tokenizing 245742-v2.0.0-mixed: 2 centers, 8 frags.
2025-05-29 11:39:35,355 - ForkPoolWorker-9 - INFO - Tokenizing context file: 243129-v2.0.0-mixed
2025-05-29 11:39:35,355 - ForkPoolWorker-5 - INFO - Finished tokenizing 245316-v2.0.0-mixed: 2 centers, 9 frags.
2025-05-29 11:39:35,355 - ForkPoolWorker-2 - INFO - Finished tokenizing 242190-v2.0.0-mixed: 7 centers, 26 frags.
2025-05-29 11:39:35,355 - ForkPoolWorker-8 - INFO - Tokenizing context file: 242322-v2.0.0-mixed
2025-05-29 11:39:35,355 - ForkPoolWorker-5 - INFO - Tokenizing context file: 243463-v2.0.0-mixed
2025-05-29 11:39:35,355 - ForkPoolWorker-2 - INFO - Tokenizing context file: 242247-v2.0.0-mixed
2025-05-29 11:39:35,356 - ForkPoolWorker-12 - INFO - Finished tokenizing 235702-v2.0.0-mixed: 3 centers, 15 frags.
2025-05-29 11:39:35,356 - ForkPoolWorker-12 - INFO - Tokenizing context file: 240587-v2.0.0-mixed
2025-05-29 11:39:35,356 - ForkPoolWorker-8 - INFO - Finished tokenizing 242322-v2.0.0-mixed: 1 centers, 2 frags.
2025-05-29 11:39:35,356 - ForkPoolWorker-11 - INFO - Finished tokenizing 234563-v2.0.0-mixed: 5 centers, 11 frags.
2025-05-29 11:39:35,356 - ForkPoolWorker-8 - INFO - Tokenizing context file: 243167-v2.0.0-mixed
2025-05-29 11:39:35,356 - ForkPoolWorker-9 - INFO - Finished tokenizing 243129-v2.0.0-mixed: 2 centers, 6 frags.
2025-05-29 11:39:35,356 - ForkPoolWorker-11 - INFO - Tokenizing context file: 241893-v2.0.0-mixed
2025-05-29 11:39:35,356 - ForkPoolWorker-7 - INFO - Finished tokenizing 247861-v2.0.0-mixed: 3 centers, 11 frags.
2025-05-29 11:39:35,356 - ForkPoolWorker-9 - INFO - Tokenizing context file: 500732-v1.0.0-bad
2025-05-29 11:39:35,356 - ForkPoolWorker-7 - INFO - Tokenizing context file: 242202-v2.0.0-mixed
2025-05-29 11:39:35,356 - ForkPoolWorker-4 - INFO - Finished tokenizing 242896-v2.0.0-mixed: 4 centers, 14 frags.
2025-05-29 11:39:35,356 - ForkPoolWorker-4 - INFO - Tokenizing context file: 500962-v1.0.0-bad
2025-05-29 11:39:35,356 - ForkPoolWorker-6 - INFO - Finished tokenizing 242244-v2.0.0-mixed: 5 centers, 17 frags.
2025-05-29 11:39:35,356 - ForkPoolWorker-6 - INFO - Tokenizing context file: 248565-v2.0.0-mixed
2025-05-29 11:39:35,356 - ForkPoolWorker-2 - INFO - Finished tokenizing 242247-v2.0.0-mixed: 4 centers, 13 frags.
2025-05-29 11:39:35,357 - ForkPoolWorker-2 - INFO - Tokenizing context file: 234701-v2.0.0-mixed
2025-05-29 11:39:35,357 - ForkPoolWorker-10 - INFO - Finished tokenizing 242581-v2.0.0-mixed: 6 centers, 24 frags.
2025-05-29 11:39:35,357 - ForkPoolWorker-12 - INFO - Finished tokenizing 240587-v2.0.0-mixed: 2 centers, 9 frags.
2025-05-29 11:39:35,357 - ForkPoolWorker-9 - INFO - Finished tokenizing 500732-v1.0.0-bad: 2 centers, 4 frags.
2025-05-29 11:39:35,357 - ForkPoolWorker-12 - INFO - Tokenizing context file: 244472-v2.0.0-mixed
2025-05-29 11:39:35,357 - ForkPoolWorker-9 - INFO - Tokenizing context file: 242700-v2.0.0-mixed
2025-05-29 11:39:35,357 - ForkPoolWorker-10 - INFO - Tokenizing context file: 1520-v1.0.0-bad
2025-05-29 11:39:35,357 - ForkPoolWorker-3 - INFO - Finished tokenizing 242228-v2.0.0-mixed: 18 centers, 23 frags.
2025-05-29 11:39:35,357 - ForkPoolWorker-4 - INFO - Finished tokenizing 500962-v1.0.0-bad: 1 centers, 2 frags.
2025-05-29 11:39:35,357 - ForkPoolWorker-8 - INFO - Finished tokenizing 243167-v2.0.0-mixed: 6 centers, 17 frags.
2025-05-29 11:39:35,357 - ForkPoolWorker-3 - INFO - Tokenizing context file: 248432-v2.0.0-mixed
2025-05-29 11:39:35,357 - ForkPoolWorker-4 - INFO - Tokenizing context file: 242471-v2.0.0-mixed
2025-05-29 11:39:35,357 - ForkPoolWorker-8 - INFO - Tokenizing context file: 245890-v2.0.0-mixed
2025-05-29 11:39:35,357 - ForkPoolWorker-6 - INFO - Finished tokenizing 248565-v2.0.0-mixed: 3 centers, 8 frags.
2025-05-29 11:39:35,357 - ForkPoolWorker-1 - INFO - Finished tokenizing 242317-v2.0.0-mixed: 7 centers, 21 frags.
2025-05-29 11:39:35,358 - ForkPoolWorker-12 - INFO - Finished tokenizing 244472-v2.0.0-mixed: 1 centers, 7 frags.
2025-05-29 11:39:35,358 - ForkPoolWorker-10 - INFO - Finished tokenizing 1520-v1.0.0-bad: 2 centers, 4 frags.
2025-05-29 11:39:35,358 - ForkPoolWorker-1 - INFO - Tokenizing context file: 242844-v2.0.0-mixed
2025-05-29 11:39:35,358 - ForkPoolWorker-6 - INFO - Tokenizing context file: 241775-v2.0.0-mixed
2025-05-29 11:39:35,358 - ForkPoolWorker-12 - INFO - Tokenizing context file: 243025-v2.0.0-mixed
2025-05-29 11:39:35,358 - ForkPoolWorker-10 - INFO - Tokenizing context file: 245980-v2.0.0-mixed
2025-05-29 11:39:35,358 - ForkPoolWorker-3 - INFO - Finished tokenizing 248432-v2.0.0-mixed: 2 centers, 8 frags.
2025-05-29 11:39:35,358 - ForkPoolWorker-11 - INFO - Finished tokenizing 241893-v2.0.0-mixed: 7 centers, 28 frags.
2025-05-29 11:39:35,358 - ForkPoolWorker-3 - INFO - Tokenizing context file: 242176-v2.0.0-mixed
2025-05-29 11:39:35,358 - ForkPoolWorker-11 - INFO - Tokenizing context file: 241864-v2.0.0-mixed
2025-05-29 11:39:35,358 - ForkPoolWorker-2 - INFO - Finished tokenizing 234701-v2.0.0-mixed: 1 centers, 3 frags.
2025-05-29 11:39:35,358 - ForkPoolWorker-5 - INFO - Finished tokenizing 243463-v2.0.0-mixed: 7 centers, 22 frags.
2025-05-29 11:39:35,358 - ForkPoolWorker-12 - INFO - Finished tokenizing 243025-v2.0.0-mixed: 1 centers, 2 frags.
2025-05-29 11:39:35,358 - ForkPoolWorker-2 - INFO - Tokenizing context file: 242835-v2.0.0-mixed
2025-05-29 11:39:35,358 - ForkPoolWorker-7 - INFO - Finished tokenizing 242202-v2.0.0-mixed: 6 centers, 28 frags.
2025-05-29 11:39:35,358 - ForkPoolWorker-12 - INFO - Tokenizing context file: 241788-v2.0.0-mixed
2025-05-29 11:39:35,358 - ForkPoolWorker-5 - INFO - Tokenizing context file: 242469-v2.0.0-mixed
2025-05-29 11:39:35,358 - ForkPoolWorker-7 - INFO - Tokenizing context file: 500880-v1.0.0-bad
2025-05-29 11:39:35,358 - ForkPoolWorker-9 - INFO - Finished tokenizing 242700-v2.0.0-mixed: 7 centers, 27 frags.
2025-05-29 11:39:35,359 - ForkPoolWorker-9 - INFO - Tokenizing context file: 244324-v2.0.0-mixed
2025-05-29 11:39:35,359 - ForkPoolWorker-4 - INFO - Finished tokenizing 242471-v2.0.0-mixed: 4 centers, 16 frags.
2025-05-29 11:39:35,359 - ForkPoolWorker-10 - INFO - Finished tokenizing 245980-v2.0.0-mixed: 2 centers, 10 frags.
2025-05-29 11:39:35,359 - ForkPoolWorker-4 - INFO - Tokenizing context file: 241768-v2.0.0-mixed
2025-05-29 11:39:35,359 - ForkPoolWorker-10 - INFO - Tokenizing context file: 241856-v2.0.0-mixed
2025-05-29 11:39:35,359 - ForkPoolWorker-6 - INFO - Finished tokenizing 241775-v2.0.0-mixed: 4 centers, 16 frags.
2025-05-29 11:39:35,359 - ForkPoolWorker-7 - INFO - Finished tokenizing 500880-v1.0.0-bad: 1 centers, 4 frags.
2025-05-29 11:39:35,359 - ForkPoolWorker-6 - INFO - Tokenizing context file: 243974-v2.0.0-mixed
2025-05-29 11:39:35,359 - ForkPoolWorker-7 - INFO - Tokenizing context file: 240585-v2.0.0-mixed
2025-05-29 11:39:35,360 - ForkPoolWorker-1 - INFO - Finished tokenizing 242844-v2.0.0-mixed: 6 centers, 22 frags.
2025-05-29 11:39:35,360 - ForkPoolWorker-8 - INFO - Finished tokenizing 245890-v2.0.0-mixed: 2 centers, 8 frags.
2025-05-29 11:39:35,360 - ForkPoolWorker-1 - INFO - Tokenizing context file: 243021-v2.0.0-mixed
2025-05-29 11:39:35,360 - ForkPoolWorker-8 - INFO - Tokenizing context file: 243325-v2.0.0-mixed
2025-05-29 11:39:35,360 - ForkPoolWorker-9 - INFO - Finished tokenizing 244324-v2.0.0-mixed: 2 centers, 11 frags.
2025-05-29 11:39:35,360 - ForkPoolWorker-6 - INFO - Finished tokenizing 243974-v2.0.0-mixed: 2 centers, 6 frags.
2025-05-29 11:39:35,360 - ForkPoolWorker-4 - INFO - Finished tokenizing 241768-v2.0.0-mixed: 4 centers, 10 frags.
2025-05-29 11:39:35,360 - ForkPoolWorker-6 - INFO - Tokenizing context file: 242345-v2.0.0-mixed
2025-05-29 11:39:35,360 - ForkPoolWorker-9 - INFO - Tokenizing context file: 241478-v2.0.0-mixed
2025-05-29 11:39:35,360 - ForkPoolWorker-4 - INFO - Tokenizing context file: 242672-v2.0.0-mixed
2025-05-29 11:39:35,360 - ForkPoolWorker-12 - INFO - Finished tokenizing 241788-v2.0.0-mixed: 6 centers, 22 frags.
2025-05-29 11:39:35,360 - ForkPoolWorker-5 - INFO - Finished tokenizing 242469-v2.0.0-mixed: 7 centers, 28 frags.
2025-05-29 11:39:35,360 - ForkPoolWorker-10 - INFO - Finished tokenizing 241856-v2.0.0-mixed: 6 centers, 22 frags.
2025-05-29 11:39:35,360 - ForkPoolWorker-11 - INFO - Finished tokenizing 241864-v2.0.0-mixed: 4 centers, 10 frags.
2025-05-29 11:39:35,361 - ForkPoolWorker-3 - INFO - Finished tokenizing 242176-v2.0.0-mixed: 6 centers, 37 frags.
2025-05-29 11:39:35,361 - ForkPoolWorker-7 - INFO - Finished tokenizing 240585-v2.0.0-mixed: 2 centers, 8 frags.
2025-05-29 11:39:35,361 - ForkPoolWorker-12 - INFO - Tokenizing context file: 242648-v2.0.0-mixed
2025-05-29 11:39:35,361 - ForkPoolWorker-10 - INFO - Tokenizing context file: 240281-v2.0.0-mixed
2025-05-29 11:39:35,361 - ForkPoolWorker-7 - INFO - Tokenizing context file: 242494-v2.0.0-mixed
2025-05-29 11:39:35,361 - ForkPoolWorker-3 - INFO - Tokenizing context file: 2062-v1.0.0-bad
2025-05-29 11:39:35,361 - ForkPoolWorker-5 - INFO - Tokenizing context file: 243975-v2.0.0-mixed
2025-05-29 11:39:35,361 - ForkPoolWorker-6 - INFO - Finished tokenizing 242345-v2.0.0-mixed: 4 centers, 13 frags.
2025-05-29 11:39:35,361 - ForkPoolWorker-9 - INFO - Finished tokenizing 241478-v2.0.0-mixed: 3 centers, 8 frags.
2025-05-29 11:39:35,361 - ForkPoolWorker-6 - INFO - Tokenizing context file: 234371-v2.0.0-mixed
2025-05-29 11:39:35,361 - ForkPoolWorker-9 - INFO - Tokenizing context file: 241678-v2.0.0-mixed
2025-05-29 11:39:35,361 - ForkPoolWorker-1 - INFO - Finished tokenizing 243021-v2.0.0-mixed: 7 centers, 19 frags.
2025-05-29 11:39:35,361 - ForkPoolWorker-12 - INFO - Finished tokenizing 242648-v2.0.0-mixed: 2 centers, 7 frags.
2025-05-29 11:39:35,361 - ForkPoolWorker-3 - INFO - Finished tokenizing 2062-v1.0.0-bad: 2 centers, 8 frags.
2025-05-29 11:39:35,362 - ForkPoolWorker-1 - INFO - Tokenizing context file: 241761-v2.0.0-mixed
2025-05-29 11:39:35,362 - ForkPoolWorker-12 - INFO - Tokenizing context file: 234988-v2.0.0-mixed
2025-05-29 11:39:35,362 - ForkPoolWorker-3 - INFO - Tokenizing context file: 242466-v2.0.0-mixed
2025-05-29 11:39:35,362 - ForkPoolWorker-11 - INFO - Tokenizing context file: 246485-v2.0.0-mixed
2025-05-29 11:39:35,362 - ForkPoolWorker-8 - INFO - Finished tokenizing 243325-v2.0.0-mixed: 6 centers, 27 frags.
2025-05-29 11:39:35,362 - ForkPoolWorker-2 - INFO - Finished tokenizing 242835-v2.0.0-mixed: 4 centers, 18 frags.
2025-05-29 11:39:35,362 - ForkPoolWorker-8 - INFO - Tokenizing context file: 243112-v2.0.0-mixed
2025-05-29 11:39:35,362 - ForkPoolWorker-7 - INFO - Finished tokenizing 242494-v2.0.0-mixed: 4 centers, 13 frags.
2025-05-29 11:39:35,362 - ForkPoolWorker-2 - INFO - Tokenizing context file: 500877-v1.0.0-bad
2025-05-29 11:39:35,362 - ForkPoolWorker-6 - INFO - Finished tokenizing 234371-v2.0.0-mixed: 1 centers, 3 frags.
2025-05-29 11:39:35,362 - ForkPoolWorker-7 - INFO - Tokenizing context file: 248557-v2.0.0-mixed
2025-05-29 11:39:35,362 - ForkPoolWorker-6 - INFO - Tokenizing context file: 243374-v2.0.0-mixed
2025-05-29 11:39:35,362 - ForkPoolWorker-5 - INFO - Finished tokenizing 243975-v2.0.0-mixed: 2 centers, 6 frags.
2025-05-29 11:39:35,362 - ForkPoolWorker-5 - INFO - Tokenizing context file: 246857-v2.0.0-mixed
2025-05-29 11:39:35,362 - ForkPoolWorker-12 - INFO - Finished tokenizing 234988-v2.0.0-mixed: 3 centers, 8 frags.
2025-05-29 11:39:35,362 - ForkPoolWorker-2 - INFO - Finished tokenizing 500877-v1.0.0-bad: 1 centers, 4 frags.
2025-05-29 11:39:35,363 - ForkPoolWorker-12 - INFO - Tokenizing context file: 239876-v2.0.0-mixed
2025-05-29 11:39:35,363 - ForkPoolWorker-2 - INFO - Tokenizing context file: 500787-v1.0.0-bad
2025-05-29 11:39:35,363 - ForkPoolWorker-10 - INFO - Finished tokenizing 240281-v2.0.0-mixed: 7 centers, 21 frags.
2025-05-29 11:39:35,363 - ForkPoolWorker-10 - INFO - Tokenizing context file: 242233-v2.0.0-mixed
2025-05-29 11:39:35,363 - ForkPoolWorker-7 - INFO - Finished tokenizing 248557-v2.0.0-mixed: 6 centers, 15 frags.
2025-05-29 11:39:35,363 - ForkPoolWorker-8 - INFO - Finished tokenizing 243112-v2.0.0-mixed: 4 centers, 12 frags.
2025-05-29 11:39:35,363 - ForkPoolWorker-7 - INFO - Tokenizing context file: 241962-v2.0.0-mixed
2025-05-29 11:39:35,363 - ForkPoolWorker-8 - INFO - Tokenizing context file: 243957-v2.0.0-mixed
2025-05-29 11:39:35,363 - ForkPoolWorker-2 - INFO - Finished tokenizing 500787-v1.0.0-bad: 1 centers, 4 frags.
2025-05-29 11:39:35,363 - ForkPoolWorker-11 - INFO - Finished tokenizing 246485-v2.0.0-mixed: 6 centers, 18 frags.
2025-05-29 11:39:35,363 - ForkPoolWorker-3 - INFO - Finished tokenizing 242466-v2.0.0-mixed: 10 centers, 19 frags.
2025-05-29 11:39:35,363 - ForkPoolWorker-2 - INFO - Tokenizing context file: 247304-v2.0.0-mixed
2025-05-29 11:39:35,363 - ForkPoolWorker-11 - INFO - Tokenizing context file: 243126-v2.0.0-mixed
2025-05-29 11:39:35,364 - ForkPoolWorker-12 - INFO - Finished tokenizing 239876-v2.0.0-mixed: 4 centers, 14 frags.
2025-05-29 11:39:35,364 - ForkPoolWorker-12 - INFO - Tokenizing context file: 241488-v2.0.0-mixed
2025-05-29 11:39:35,364 - ForkPoolWorker-3 - INFO - Tokenizing context file: 241820-v2.0.0-mixed
2025-05-29 11:39:35,364 - ForkPoolWorker-6 - INFO - Finished tokenizing 243374-v2.0.0-mixed: 7 centers, 26 frags.
2025-05-29 11:39:35,364 - ForkPoolWorker-10 - INFO - Finished tokenizing 242233-v2.0.0-mixed: 2 centers, 9 frags.
2025-05-29 11:39:35,364 - ForkPoolWorker-5 - INFO - Finished tokenizing 246857-v2.0.0-mixed: 3 centers, 8 frags.
2025-05-29 11:39:35,364 - ForkPoolWorker-6 - INFO - Tokenizing context file: 242487-v2.0.0-mixed
2025-05-29 11:39:35,364 - ForkPoolWorker-1 - INFO - Finished tokenizing 241761-v2.0.0-mixed: 26 centers, 40 frags.
2025-05-29 11:39:35,364 - ForkPoolWorker-2 - INFO - Finished tokenizing 247304-v2.0.0-mixed: 1 centers, 7 frags.
2025-05-29 11:39:35,364 - ForkPoolWorker-5 - INFO - Tokenizing context file: 243062-v2.0.0-mixed
2025-05-29 11:39:35,364 - ForkPoolWorker-7 - INFO - Finished tokenizing 241962-v2.0.0-mixed: 7 centers, 19 frags.
2025-05-29 11:39:35,364 - ForkPoolWorker-8 - INFO - Finished tokenizing 243957-v2.0.0-mixed: 7 centers, 19 frags.
2025-05-29 11:39:35,364 - ForkPoolWorker-10 - INFO - Tokenizing context file: 234668-v2.0.0-mixed
2025-05-29 11:39:35,364 - ForkPoolWorker-12 - INFO - Finished tokenizing 241488-v2.0.0-mixed: 2 centers, 10 frags.
2025-05-29 11:39:35,364 - ForkPoolWorker-1 - INFO - Tokenizing context file: 243501-v2.0.0-mixed
2025-05-29 11:39:35,365 - ForkPoolWorker-8 - INFO - Tokenizing context file: 243273-v2.0.0-mixed
2025-05-29 11:39:35,365 - ForkPoolWorker-7 - INFO - Tokenizing context file: 243111-v2.0.0-mixed
2025-05-29 11:39:35,365 - ForkPoolWorker-2 - INFO - Tokenizing context file: 242207-v2.0.0-mixed
2025-05-29 11:39:35,365 - ForkPoolWorker-12 - INFO - Tokenizing context file: 240069-v2.0.0-mixed
2025-05-29 11:39:35,365 - ForkPoolWorker-10 - INFO - Finished tokenizing 234668-v2.0.0-mixed: 1 centers, 3 frags.
2025-05-29 11:39:35,365 - ForkPoolWorker-10 - INFO - Tokenizing context file: 247823-v2.0.0-mixed
2025-05-29 11:39:35,365 - ForkPoolWorker-3 - INFO - Finished tokenizing 241820-v2.0.0-mixed: 6 centers, 24 frags.
2025-05-29 11:39:35,365 - ForkPoolWorker-6 - INFO - Finished tokenizing 242487-v2.0.0-mixed: 2 centers, 9 frags.
2025-05-29 11:39:35,365 - ForkPoolWorker-11 - INFO - Finished tokenizing 243126-v2.0.0-mixed: 18 centers, 25 frags.
2025-05-29 11:39:35,365 - ForkPoolWorker-6 - INFO - Tokenizing context file: 241616-v2.0.0-mixed
2025-05-29 11:39:35,365 - ForkPoolWorker-3 - INFO - Tokenizing context file: 246214-v2.0.0-mixed
2025-05-29 11:39:35,366 - ForkPoolWorker-8 - INFO - Finished tokenizing 243273-v2.0.0-mixed: 4 centers, 14 frags.
2025-05-29 11:39:35,366 - ForkPoolWorker-12 - INFO - Finished tokenizing 240069-v2.0.0-mixed: 0 centers, 0 frags.
2025-05-29 11:39:35,366 - ForkPoolWorker-10 - INFO - Finished tokenizing 247823-v2.0.0-mixed: 1 centers, 7 frags.
2025-05-29 11:39:35,366 - ForkPoolWorker-9 - INFO - Finished tokenizing 241678-v2.0.0-mixed: 1 centers, 4 frags.
2025-05-29 11:39:35,366 - ForkPoolWorker-6 - INFO - Finished tokenizing 241616-v2.0.0-mixed: 2 centers, 8 frags.
2025-05-29 11:39:35,366 - ForkPoolWorker-5 - INFO - Finished tokenizing 243062-v2.0.0-mixed: 18 centers, 25 frags.
2025-05-29 11:39:35,366 - ForkPoolWorker-7 - INFO - Finished tokenizing 243111-v2.0.0-mixed: 7 centers, 22 frags.
2025-05-29 11:39:35,366 - ForkPoolWorker-1 - INFO - Finished tokenizing 243501-v2.0.0-mixed: 7 centers, 27 frags.
2025-05-29 11:39:35,366 - ForkPoolWorker-4 - INFO - Finished tokenizing 242672-v2.0.0-mixed: 4 centers, 14 frags.
2025-05-29 11:39:35,367 - ForkPoolWorker-3 - INFO - Finished tokenizing 246214-v2.0.0-mixed: 2 centers, 11 frags.
2025-05-29 11:39:35,367 - ForkPoolWorker-11 - INFO - Tokenizing context file: 247621-v2.0.0-mixed
2025-05-29 11:39:35,367 - ForkPoolWorker-8 - INFO - Tokenizing context file: 245840-v2.0.0-mixed
2025-05-29 11:39:35,367 - ForkPoolWorker-12 - INFO - Tokenizing context file: 242100-v2.0.0-mixed
2025-05-29 11:39:35,367 - ForkPoolWorker-10 - INFO - Tokenizing context file: 244282-v2.0.0-mixed
2025-05-29 11:39:35,367 - ForkPoolWorker-2 - INFO - Finished tokenizing 242207-v2.0.0-mixed: 6 centers, 26 frags.
2025-05-29 11:39:35,368 - ForkPoolWorker-11 - INFO - Finished tokenizing 247621-v2.0.0-mixed: 3 centers, 8 frags.
2025-05-29 11:39:35,368 - ForkPoolWorker-8 - INFO - Finished tokenizing 245840-v2.0.0-mixed: 1 centers, 5 frags.
2025-05-29 11:39:35,368 - ForkPoolWorker-10 - INFO - Finished tokenizing 244282-v2.0.0-mixed: 3 centers, 12 frags.
2025-05-29 11:39:35,369 - ForkPoolWorker-12 - INFO - Finished tokenizing 242100-v2.0.0-mixed: 18 centers, 22 frags.
2025-05-29 11:39:35,377 - ForkPoolWorker-9 - INFO - Tokenizing context file: 234897-v2.0.0-mixed
2025-05-29 11:39:35,377 - ForkPoolWorker-6 - INFO - Tokenizing context file: 242937-v2.0.0-mixed
2025-05-29 11:39:35,377 - ForkPoolWorker-5 - INFO - Tokenizing context file: 500803-v1.0.0-bad
2025-05-29 11:39:35,377 - ForkPoolWorker-7 - INFO - Tokenizing context file: 234502-v2.0.0-mixed
2025-05-29 11:39:35,377 - ForkPoolWorker-5 - INFO - Finished tokenizing 500803-v1.0.0-bad: 1 centers, 4 frags.
2025-05-29 11:39:35,377 - ForkPoolWorker-1 - INFO - Tokenizing context file: 243398-v2.0.0-mixed
2025-05-29 11:39:35,377 - ForkPoolWorker-6 - INFO - Finished tokenizing 242937-v2.0.0-mixed: 2 centers, 7 frags.
2025-05-29 11:39:35,378 - ForkPoolWorker-9 - INFO - Finished tokenizing 234897-v2.0.0-mixed: 3 centers, 10 frags.
2025-05-29 11:39:35,378 - ForkPoolWorker-7 - INFO - Finished tokenizing 234502-v2.0.0-mixed: 1 centers, 3 frags.
2025-05-29 11:39:35,378 - ForkPoolWorker-4 - INFO - Tokenizing context file: 241930-v2.0.0-mixed
2025-05-29 11:39:35,379 - ForkPoolWorker-3 - INFO - Tokenizing context file: 242396-v2.0.0-mixed
2025-05-29 11:39:35,379 - ForkPoolWorker-1 - INFO - Finished tokenizing 243398-v2.0.0-mixed: 6 centers, 23 frags.
2025-05-29 11:39:35,379 - ForkPoolWorker-2 - INFO - Tokenizing context file: 248461-v2.0.0-mixed
2025-05-29 11:39:35,379 - ForkPoolWorker-8 - INFO - Tokenizing context file: 237314-v2.0.0-mixed
2025-05-29 11:39:35,379 - ForkPoolWorker-11 - INFO - Tokenizing context file: 241923-v2.0.0-mixed
2025-05-29 11:39:35,380 - ForkPoolWorker-4 - INFO - Finished tokenizing 241930-v2.0.0-mixed: 7 centers, 19 frags.
2025-05-29 11:39:35,380 - ForkPoolWorker-3 - INFO - Finished tokenizing 242396-v2.0.0-mixed: 6 centers, 24 frags.
2025-05-29 11:39:35,380 - ForkPoolWorker-10 - INFO - Tokenizing context file: 243494-v2.0.0-mixed
2025-05-29 11:39:35,380 - ForkPoolWorker-12 - INFO - Tokenizing context file: 242926-v2.0.0-mixed
2025-05-29 11:39:35,380 - ForkPoolWorker-5 - INFO - Tokenizing context file: 242818-v2.0.0-mixed
2025-05-29 11:39:35,380 - ForkPoolWorker-8 - INFO - Finished tokenizing 237314-v2.0.0-mixed: 1 centers, 3 frags.
2025-05-29 11:39:35,380 - ForkPoolWorker-3 - INFO - Tokenizing context file: 243550-v2.0.0-mixed
2025-05-29 11:39:35,381 - ForkPoolWorker-7 - INFO - Tokenizing context file: 245933-v2.0.0-mixed
2025-05-29 11:39:35,381 - ForkPoolWorker-2 - INFO - Finished tokenizing 248461-v2.0.0-mixed: 6 centers, 15 frags.
2025-05-29 11:39:35,381 - ForkPoolWorker-11 - INFO - Finished tokenizing 241923-v2.0.0-mixed: 4 centers, 15 frags.
2025-05-29 11:39:35,381 - ForkPoolWorker-9 - INFO - Tokenizing context file: 501019-v1.0.0-bad
2025-05-29 11:39:35,381 - ForkPoolWorker-2 - INFO - Tokenizing context file: 241802-v2.0.0-mixed
2025-05-29 11:39:35,381 - ForkPoolWorker-4 - INFO - Tokenizing context file: 242331-v2.0.0-mixed
2025-05-29 11:39:35,381 - ForkPoolWorker-6 - INFO - Tokenizing context file: 500988-v1.0.0-bad
2025-05-29 11:39:35,381 - ForkPoolWorker-11 - INFO - Tokenizing context file: 242752-v2.0.0-mixed
2025-05-29 11:39:35,381 - ForkPoolWorker-1 - INFO - Tokenizing context file: 243457-v2.0.0-mixed
2025-05-29 11:39:35,381 - ForkPoolWorker-3 - INFO - Finished tokenizing 243550-v2.0.0-mixed: 3 centers, 10 frags.
2025-05-29 11:39:35,381 - ForkPoolWorker-5 - INFO - Finished tokenizing 242818-v2.0.0-mixed: 10 centers, 19 frags.
2025-05-29 11:39:35,381 - ForkPoolWorker-10 - INFO - Finished tokenizing 243494-v2.0.0-mixed: 6 centers, 23 frags.
2025-05-29 11:39:35,382 - ForkPoolWorker-3 - INFO - Tokenizing context file: 239941-v2.0.0-mixed
2025-05-29 11:39:35,382 - ForkPoolWorker-7 - INFO - Finished tokenizing 245933-v2.0.0-mixed: 2 centers, 10 frags.
2025-05-29 11:39:35,382 - ForkPoolWorker-9 - INFO - Finished tokenizing 501019-v1.0.0-bad: 1 centers, 4 frags.
2025-05-29 11:39:35,382 - ForkPoolWorker-3 - INFO - Finished tokenizing 239941-v2.0.0-mixed: 0 centers, 0 frags.
2025-05-29 11:39:35,382 - ForkPoolWorker-4 - INFO - Finished tokenizing 242331-v2.0.0-mixed: 6 centers, 20 frags.
2025-05-29 11:39:35,382 - ForkPoolWorker-12 - INFO - Finished tokenizing 242926-v2.0.0-mixed: 7 centers, 27 frags.
2025-05-29 11:39:35,382 - ForkPoolWorker-6 - INFO - Finished tokenizing 500988-v1.0.0-bad: 1 centers, 5 frags.
2025-05-29 11:39:35,383 - ForkPoolWorker-2 - INFO - Finished tokenizing 241802-v2.0.0-mixed: 7 centers, 21 frags.
2025-05-29 11:39:35,383 - ForkPoolWorker-1 - INFO - Finished tokenizing 243457-v2.0.0-mixed: 6 centers, 22 frags.
2025-05-29 11:39:35,383 - ForkPoolWorker-5 - INFO - Tokenizing context file: 243442-v2.0.0-mixed
2025-05-29 11:39:35,383 - ForkPoolWorker-10 - INFO - Tokenizing context file: 246639-v2.0.0-mixed
2025-05-29 11:39:35,383 - ForkPoolWorker-8 - INFO - Tokenizing context file: 242395-v2.0.0-mixed
2025-05-29 11:39:35,383 - ForkPoolWorker-9 - INFO - Tokenizing context file: 501053-v1.0.0-bad
2025-05-29 11:39:35,383 - ForkPoolWorker-7 - INFO - Tokenizing context file: 241839-v2.0.0-mixed
2025-05-29 11:39:35,383 - ForkPoolWorker-12 - INFO - Tokenizing context file: 243488-v2.0.0-mixed
2025-05-29 11:39:35,383 - ForkPoolWorker-1 - INFO - Tokenizing context file: 245085-v2.0.0-mixed
2025-05-29 11:39:35,383 - ForkPoolWorker-3 - INFO - Tokenizing context file: 243006-v2.0.0-mixed
2025-05-29 11:39:35,383 - ForkPoolWorker-2 - INFO - Tokenizing context file: 247112-v2.0.0-mixed
2025-05-29 11:39:35,383 - ForkPoolWorker-6 - INFO - Tokenizing context file: 246053-v2.0.0-mixed
2025-05-29 11:39:35,384 - ForkPoolWorker-10 - INFO - Finished tokenizing 246639-v2.0.0-mixed: 1 centers, 5 frags.
2025-05-29 11:39:35,384 - ForkPoolWorker-1 - INFO - Finished tokenizing 245085-v2.0.0-mixed: 2 centers, 8 frags.
2025-05-29 11:39:35,384 - ForkPoolWorker-5 - INFO - Finished tokenizing 243442-v2.0.0-mixed: 4 centers, 14 frags.
2025-05-29 11:39:35,384 - ForkPoolWorker-2 - INFO - Finished tokenizing 247112-v2.0.0-mixed: 1 centers, 5 frags.
2025-05-29 11:39:35,384 - ForkPoolWorker-7 - INFO - Finished tokenizing 241839-v2.0.0-mixed: 4 centers, 16 frags.
2025-05-29 11:39:35,384 - ForkPoolWorker-11 - INFO - Finished tokenizing 242752-v2.0.0-mixed: 6 centers, 37 frags.
2025-05-29 11:39:35,384 - ForkPoolWorker-9 - INFO - Finished tokenizing 501053-v1.0.0-bad: 1 centers, 3 frags.
2025-05-29 11:39:35,384 - ForkPoolWorker-6 - INFO - Finished tokenizing 246053-v2.0.0-mixed: 4 centers, 10 frags.
2025-05-29 11:39:35,384 - ForkPoolWorker-8 - INFO - Finished tokenizing 242395-v2.0.0-mixed: 6 centers, 24 frags.
2025-05-29 11:39:35,384 - ForkPoolWorker-10 - INFO - Tokenizing context file: 247822-v2.0.0-mixed
2025-05-29 11:39:35,384 - ForkPoolWorker-12 - INFO - Finished tokenizing 243488-v2.0.0-mixed: 4 centers, 18 frags.
2025-05-29 11:39:35,384 - ForkPoolWorker-2 - INFO - Tokenizing context file: 242297-v2.0.0-mixed
2025-05-29 11:39:35,384 - ForkPoolWorker-5 - INFO - Tokenizing context file: 245130-v2.0.0-mixed
2025-05-29 11:39:35,384 - ForkPoolWorker-8 - INFO - Tokenizing context file: 245297-v2.0.0-mixed
2025-05-29 11:39:35,385 - ForkPoolWorker-7 - INFO - Tokenizing context file: 245773-v2.0.0-mixed
2025-05-29 11:39:35,385 - ForkPoolWorker-12 - INFO - Tokenizing context file: 243079-v2.0.0-mixed
2025-05-29 11:39:35,385 - ForkPoolWorker-9 - INFO - Tokenizing context file: 234121-v2.0.0-mixed
2025-05-29 11:39:35,385 - ForkPoolWorker-6 - INFO - Tokenizing context file: 245693-v2.0.0-mixed
2025-05-29 11:39:35,385 - ForkPoolWorker-3 - INFO - Finished tokenizing 243006-v2.0.0-mixed: 4 centers, 13 frags.
2025-05-29 11:39:35,385 - ForkPoolWorker-11 - INFO - Tokenizing context file: 243362-v2.0.0-mixed
2025-05-29 11:39:35,385 - ForkPoolWorker-1 - INFO - Tokenizing context file: 247726-v2.0.0-mixed
2025-05-29 11:39:35,385 - ForkPoolWorker-3 - INFO - Tokenizing context file: 242319-v2.0.0-mixed
2025-05-29 11:39:35,385 - ForkPoolWorker-4 - INFO - Tokenizing context file: 500982-v1.0.0-bad
2025-05-29 11:39:35,385 - ForkPoolWorker-10 - INFO - Finished tokenizing 247822-v2.0.0-mixed: 2 centers, 10 frags.
2025-05-29 11:39:35,385 - ForkPoolWorker-8 - INFO - Finished tokenizing 245297-v2.0.0-mixed: 3 centers, 8 frags.
2025-05-29 11:39:35,385 - ForkPoolWorker-5 - INFO - Finished tokenizing 245130-v2.0.0-mixed: 2 centers, 8 frags.
2025-05-29 11:39:35,386 - ForkPoolWorker-10 - INFO - Tokenizing context file: 242999-v2.0.0-mixed
2025-05-29 11:39:35,386 - ForkPoolWorker-4 - INFO - Finished tokenizing 500982-v1.0.0-bad: 1 centers, 2 frags.
2025-05-29 11:39:35,386 - ForkPoolWorker-4 - INFO - Tokenizing context file: 240517-v2.0.0-mixed
2025-05-29 11:39:35,386 - ForkPoolWorker-5 - INFO - Tokenizing context file: 243667-v2.0.0-mixed
2025-05-29 11:39:35,386 - ForkPoolWorker-9 - INFO - Finished tokenizing 234121-v2.0.0-mixed: 4 centers, 16 frags.
2025-05-29 11:39:35,386 - ForkPoolWorker-6 - INFO - Finished tokenizing 245693-v2.0.0-mixed: 2 centers, 11 frags.
2025-05-29 11:39:35,386 - ForkPoolWorker-7 - INFO - Finished tokenizing 245773-v2.0.0-mixed: 5 centers, 15 frags.
2025-05-29 11:39:35,386 - ForkPoolWorker-9 - INFO - Tokenizing context file: 244261-v2.0.0-mixed
2025-05-29 11:39:35,386 - ForkPoolWorker-6 - INFO - Tokenizing context file: 245041-v2.0.0-mixed
2025-05-29 11:39:35,386 - ForkPoolWorker-7 - INFO - Tokenizing context file: 500734-v1.0.0-bad
2025-05-29 11:39:35,386 - ForkPoolWorker-2 - INFO - Finished tokenizing 242297-v2.0.0-mixed: 2 centers, 9 frags.
2025-05-29 11:39:35,386 - ForkPoolWorker-3 - INFO - Finished tokenizing 242319-v2.0.0-mixed: 4 centers, 16 frags.
2025-05-29 11:39:35,386 - ForkPoolWorker-2 - INFO - Tokenizing context file: 244994-v2.0.0-mixed
2025-05-29 11:39:35,386 - ForkPoolWorker-11 - INFO - Finished tokenizing 243362-v2.0.0-mixed: 6 centers, 22 frags.
2025-05-29 11:39:35,386 - ForkPoolWorker-3 - INFO - Tokenizing context file: 1971-v1.0.0-bad
2025-05-29 11:39:35,386 - ForkPoolWorker-11 - INFO - Tokenizing context file: 246725-v2.0.0-mixed
2025-05-29 11:39:35,387 - ForkPoolWorker-12 - INFO - Finished tokenizing 243079-v2.0.0-mixed: 7 centers, 22 frags.
2025-05-29 11:39:35,387 - ForkPoolWorker-10 - INFO - Finished tokenizing 242999-v2.0.0-mixed: 2 centers, 9 frags.
2025-05-29 11:39:35,387 - ForkPoolWorker-12 - INFO - Tokenizing context file: 243280-v2.0.0-mixed
2025-05-29 11:39:35,387 - ForkPoolWorker-10 - INFO - Tokenizing context file: 247676-v2.0.0-mixed
2025-05-29 11:39:35,387 - ForkPoolWorker-8 - INFO - Tokenizing context file: 1976-v1.0.0-good
2025-05-29 11:39:35,387 - ForkPoolWorker-7 - INFO - Finished tokenizing 500734-v1.0.0-bad: 2 centers, 6 frags.
2025-05-29 11:39:35,387 - ForkPoolWorker-7 - INFO - Tokenizing context file: 243420-v2.0.0-mixed
2025-05-29 11:39:35,387 - ForkPoolWorker-6 - INFO - Finished tokenizing 245041-v2.0.0-mixed: 2 centers, 11 frags.
2025-05-29 11:39:35,387 - ForkPoolWorker-3 - INFO - Finished tokenizing 1971-v1.0.0-bad: 2 centers, 6 frags.
2025-05-29 11:39:35,387 - ForkPoolWorker-4 - INFO - Finished tokenizing 240517-v2.0.0-mixed: 5 centers, 17 frags.
2025-05-29 11:39:35,387 - ForkPoolWorker-11 - INFO - Finished tokenizing 246725-v2.0.0-mixed: 3 centers, 8 frags.
2025-05-29 11:39:35,387 - ForkPoolWorker-1 - INFO - Finished tokenizing 247726-v2.0.0-mixed: 2 centers, 9 frags.
2025-05-29 11:39:35,387 - ForkPoolWorker-3 - INFO - Tokenizing context file: 243333-v2.0.0-mixed
2025-05-29 11:39:35,387 - ForkPoolWorker-4 - INFO - Tokenizing context file: 242246-v2.0.0-mixed
2025-05-29 11:39:35,387 - ForkPoolWorker-9 - INFO - Finished tokenizing 244261-v2.0.0-mixed: 6 centers, 19 frags.
2025-05-29 11:39:35,387 - ForkPoolWorker-11 - INFO - Tokenizing context file: 247586-v2.0.0-mixed
2025-05-29 11:39:35,387 - ForkPoolWorker-1 - INFO - Tokenizing context file: 242602-v2.0.0-mixed
2025-05-29 11:39:35,387 - ForkPoolWorker-6 - INFO - Tokenizing context file: 500784-v1.0.0-bad
2025-05-29 11:39:35,387 - ForkPoolWorker-9 - INFO - Tokenizing context file: 242235-v2.0.0-mixed
2025-05-29 11:39:35,388 - ForkPoolWorker-5 - INFO - Finished tokenizing 243667-v2.0.0-mixed: 9 centers, 25 frags.
2025-05-29 11:39:35,388 - ForkPoolWorker-5 - INFO - Tokenizing context file: 500771-v1.0.0-bad
2025-05-29 11:39:35,388 - ForkPoolWorker-10 - INFO - Finished tokenizing 247676-v2.0.0-mixed: 2 centers, 9 frags.
2025-05-29 11:39:35,388 - ForkPoolWorker-10 - INFO - Tokenizing context file: 240774-v2.0.0-mixed
2025-05-29 11:39:35,388 - ForkPoolWorker-8 - INFO - Finished tokenizing 1976-v1.0.0-good: 4 centers, 15 frags.
2025-05-29 11:39:35,388 - ForkPoolWorker-11 - INFO - Finished tokenizing 247586-v2.0.0-mixed: 2 centers, 8 frags.
2025-05-29 11:39:35,388 - ForkPoolWorker-8 - INFO - Tokenizing context file: 243448-v2.0.0-mixed
2025-05-29 11:39:35,388 - ForkPoolWorker-11 - INFO - Tokenizing context file: 234123-v2.0.0-mixed
2025-05-29 11:39:35,388 - ForkPoolWorker-4 - INFO - Finished tokenizing 242246-v2.0.0-mixed: 4 centers, 11 frags.
2025-05-29 11:39:35,388 - ForkPoolWorker-2 - INFO - Finished tokenizing 244994-v2.0.0-mixed: 2 centers, 11 frags.
2025-05-29 11:39:35,388 - ForkPoolWorker-3 - INFO - Finished tokenizing 243333-v2.0.0-mixed: 4 centers, 17 frags.
2025-05-29 11:39:35,388 - ForkPoolWorker-4 - INFO - Tokenizing context file: 235447-v2.0.0-mixed
2025-05-29 11:39:35,388 - ForkPoolWorker-2 - INFO - Tokenizing context file: 241947-v2.0.0-mixed
2025-05-29 11:39:35,388 - ForkPoolWorker-3 - INFO - Tokenizing context file: 248425-v2.0.0-mixed
2025-05-29 11:39:35,388 - ForkPoolWorker-1 - INFO - Finished tokenizing 242602-v2.0.0-mixed: 7 centers, 19 frags.
2025-05-29 11:39:35,389 - ForkPoolWorker-12 - INFO - Finished tokenizing 243280-v2.0.0-mixed: 7 centers, 24 frags.
2025-05-29 11:39:35,389 - ForkPoolWorker-1 - INFO - Tokenizing context file: 246713-v2.0.0-mixed
2025-05-29 11:39:35,389 - ForkPoolWorker-12 - INFO - Tokenizing context file: 242251-v2.0.0-mixed
2025-05-29 11:39:35,389 - ForkPoolWorker-5 - INFO - Finished tokenizing 500771-v1.0.0-bad: 1 centers, 5 frags.
2025-05-29 11:39:35,389 - ForkPoolWorker-6 - INFO - Finished tokenizing 500784-v1.0.0-bad: 1 centers, 4 frags.
2025-05-29 11:39:35,389 - ForkPoolWorker-10 - INFO - Finished tokenizing 240774-v2.0.0-mixed: 1 centers, 2 frags.
2025-05-29 11:39:35,389 - ForkPoolWorker-5 - INFO - Tokenizing context file: 501035-v1.0.0-bad
2025-05-29 11:39:35,389 - ForkPoolWorker-9 - INFO - Finished tokenizing 242235-v2.0.0-mixed: 6 centers, 20 frags.
2025-05-29 11:39:35,389 - ForkPoolWorker-10 - INFO - Tokenizing context file: 245793-v2.0.0-mixed
2025-05-29 11:39:35,389 - ForkPoolWorker-8 - INFO - Finished tokenizing 243448-v2.0.0-mixed: 2 centers, 6 frags.
2025-05-29 11:39:35,389 - ForkPoolWorker-6 - INFO - Tokenizing context file: 242852-v2.0.0-mixed
2025-05-29 11:39:35,389 - ForkPoolWorker-9 - INFO - Tokenizing context file: 242170-v2.0.0-mixed
2025-05-29 11:39:35,389 - ForkPoolWorker-7 - INFO - Finished tokenizing 243420-v2.0.0-mixed: 6 centers, 17 frags.
2025-05-29 11:39:35,389 - ForkPoolWorker-8 - INFO - Tokenizing context file: 241784-v2.0.0-mixed
2025-05-29 11:39:35,389 - ForkPoolWorker-7 - INFO - Tokenizing context file: 2192-v1.0.0-good
2025-05-29 11:39:35,390 - ForkPoolWorker-4 - INFO - Finished tokenizing 235447-v2.0.0-mixed: 3 centers, 13 frags.
2025-05-29 11:39:35,390 - ForkPoolWorker-3 - INFO - Finished tokenizing 248425-v2.0.0-mixed: 3 centers, 9 frags.
2025-05-29 11:39:35,390 - ForkPoolWorker-4 - INFO - Tokenizing context file: 1953-v1.0.0-good
2025-05-29 11:39:35,390 - ForkPoolWorker-3 - INFO - Tokenizing context file: 244894-v2.0.0-mixed
2025-05-29 11:39:35,390 - ForkPoolWorker-8 - INFO - Finished tokenizing 241784-v2.0.0-mixed: 2 centers, 7 frags.
2025-05-29 11:39:35,390 - ForkPoolWorker-8 - INFO - Tokenizing context file: 245934-v2.0.0-mixed
2025-05-29 11:39:35,390 - ForkPoolWorker-12 - INFO - Finished tokenizing 242251-v2.0.0-mixed: 7 centers, 23 frags.
2025-05-29 11:39:35,390 - ForkPoolWorker-2 - INFO - Finished tokenizing 241947-v2.0.0-mixed: 6 centers, 20 frags.
2025-05-29 11:39:35,390 - ForkPoolWorker-10 - INFO - Finished tokenizing 245793-v2.0.0-mixed: 2 centers, 10 frags.
2025-05-29 11:39:35,390 - ForkPoolWorker-12 - INFO - Tokenizing context file: 239600-v2.0.0-mixed
2025-05-29 11:39:35,390 - ForkPoolWorker-10 - INFO - Tokenizing context file: 241994-v2.0.0-mixed
2025-05-29 11:39:35,390 - ForkPoolWorker-5 - INFO - Finished tokenizing 501035-v1.0.0-bad: 1 centers, 5 frags.
2025-05-29 11:39:35,390 - ForkPoolWorker-11 - INFO - Finished tokenizing 234123-v2.0.0-mixed: 6 centers, 36 frags.
2025-05-29 11:39:35,390 - ForkPoolWorker-4 - INFO - Finished tokenizing 1953-v1.0.0-good: 1 centers, 6 frags.
2025-05-29 11:39:35,391 - ForkPoolWorker-6 - INFO - Finished tokenizing 242852-v2.0.0-mixed: 5 centers, 17 frags.
2025-05-29 11:39:35,391 - ForkPoolWorker-7 - INFO - Finished tokenizing 2192-v1.0.0-good: 1 centers, 3 frags.
2025-05-29 11:39:35,391 - ForkPoolWorker-3 - INFO - Finished tokenizing 244894-v2.0.0-mixed: 2 centers, 9 frags.
2025-05-29 11:39:35,391 - ForkPoolWorker-2 - INFO - Tokenizing context file: 242082-v2.0.0-mixed
2025-05-29 11:39:35,391 - ForkPoolWorker-7 - INFO - Tokenizing context file: 242825-v2.0.0-mixed
2025-05-29 11:39:35,391 - ForkPoolWorker-4 - INFO - Tokenizing context file: 501002-v1.0.0-bad
2025-05-29 11:39:35,391 - ForkPoolWorker-9 - INFO - Finished tokenizing 242170-v2.0.0-mixed: 6 centers, 36 frags.
2025-05-29 11:39:35,391 - ForkPoolWorker-12 - INFO - Finished tokenizing 239600-v2.0.0-mixed: 4 centers, 13 frags.
2025-05-29 11:39:35,391 - ForkPoolWorker-5 - INFO - Tokenizing context file: 245268-v2.0.0-mixed
2025-05-29 11:39:35,392 - ForkPoolWorker-8 - INFO - Finished tokenizing 245934-v2.0.0-mixed: 2 centers, 10 frags.
2025-05-29 11:39:35,392 - ForkPoolWorker-11 - INFO - Tokenizing context file: 242269-v2.0.0-mixed
2025-05-29 11:39:35,392 - ForkPoolWorker-3 - INFO - Tokenizing context file: 243314-v2.0.0-mixed
2025-05-29 11:39:35,392 - ForkPoolWorker-4 - INFO - Finished tokenizing 501002-v1.0.0-bad: 0 centers, 0 frags.
2025-05-29 11:39:35,392 - ForkPoolWorker-7 - INFO - Finished tokenizing 242825-v2.0.0-mixed: 4 centers, 13 frags.
2025-05-29 11:39:35,393 - ForkPoolWorker-2 - INFO - Finished tokenizing 242082-v2.0.0-mixed: 10 centers, 19 frags.
2025-05-29 11:39:35,393 - ForkPoolWorker-5 - INFO - Finished tokenizing 245268-v2.0.0-mixed: 2 centers, 11 frags.
2025-05-29 11:39:35,393 - ForkPoolWorker-1 - INFO - Finished tokenizing 246713-v2.0.0-mixed: 4 centers, 9 frags.
2025-05-29 11:39:35,393 - ForkPoolWorker-6 - INFO - Tokenizing context file: 242113-v2.0.0-mixed
2025-05-29 11:39:35,393 - ForkPoolWorker-10 - INFO - Finished tokenizing 241994-v2.0.0-mixed: 7 centers, 21 frags.
2025-05-29 11:39:35,393 - ForkPoolWorker-3 - INFO - Finished tokenizing 243314-v2.0.0-mixed: 4 centers, 14 frags.
2025-05-29 11:39:35,394 - ForkPoolWorker-9 - INFO - Tokenizing context file: 235661-v2.0.0-mixed
2025-05-29 11:39:35,395 - ForkPoolWorker-11 - INFO - Finished tokenizing 242269-v2.0.0-mixed: 6 centers, 36 frags.
2025-05-29 11:39:35,395 - ForkPoolWorker-12 - INFO - Tokenizing context file: 239910-v2.0.0-mixed
2025-05-29 11:39:35,395 - ForkPoolWorker-8 - INFO - Tokenizing context file: 243453-v2.0.0-mixed
2025-05-29 11:39:35,395 - ForkPoolWorker-9 - INFO - Finished tokenizing 235661-v2.0.0-mixed: 3 centers, 15 frags.
2025-05-29 11:39:35,395 - ForkPoolWorker-6 - INFO - Finished tokenizing 242113-v2.0.0-mixed: 26 centers, 40 frags.
2025-05-29 11:39:35,395 - ForkPoolWorker-4 - INFO - Tokenizing context file: 247573-v2.0.0-mixed
2025-05-29 11:39:35,395 - ForkPoolWorker-7 - INFO - Tokenizing context file: 240607-v2.0.0-mixed
2025-05-29 11:39:35,395 - ForkPoolWorker-2 - INFO - Tokenizing context file: 244613-v2.0.0-mixed
2025-05-29 11:39:35,395 - ForkPoolWorker-5 - INFO - Tokenizing context file: 234119-v2.0.0-mixed
2025-05-29 11:39:35,395 - ForkPoolWorker-1 - INFO - Tokenizing context file: 242495-v2.0.0-mixed
2025-05-29 11:39:35,396 - ForkPoolWorker-12 - INFO - Finished tokenizing 239910-v2.0.0-mixed: 0 centers, 0 frags.
2025-05-29 11:39:35,396 - ForkPoolWorker-10 - INFO - Tokenizing context file: 242393-v2.0.0-mixed
2025-05-29 11:39:35,396 - ForkPoolWorker-3 - INFO - Tokenizing context file: 242669-v2.0.0-mixed
2025-05-29 11:39:35,396 - ForkPoolWorker-4 - INFO - Finished tokenizing 247573-v2.0.0-mixed: 3 centers, 8 frags.
2025-05-29 11:39:35,396 - ForkPoolWorker-2 - INFO - Finished tokenizing 244613-v2.0.0-mixed: 2 centers, 8 frags.
2025-05-29 11:39:35,397 - ForkPoolWorker-10 - INFO - Finished tokenizing 242393-v2.0.0-mixed: 2 centers, 9 frags.
2025-05-29 11:39:35,397 - ForkPoolWorker-5 - INFO - Finished tokenizing 234119-v2.0.0-mixed: 6 centers, 30 frags.
2025-05-29 11:39:35,397 - ForkPoolWorker-8 - INFO - Finished tokenizing 243453-v2.0.0-mixed: 6 centers, 27 frags.
2025-05-29 11:39:35,397 - ForkPoolWorker-1 - INFO - Finished tokenizing 242495-v2.0.0-mixed: 6 centers, 26 frags.
2025-05-29 11:39:35,397 - ForkPoolWorker-7 - INFO - Finished tokenizing 240607-v2.0.0-mixed: 6 centers, 31 frags.
2025-05-29 11:39:35,398 - ForkPoolWorker-3 - INFO - Finished tokenizing 242669-v2.0.0-mixed: 7 centers, 19 frags.
2025-05-29 11:39:35,398 - ForkPoolWorker-11 - INFO - Tokenizing context file: 242929-v2.0.0-mixed
2025-05-29 11:39:35,399 - ForkPoolWorker-11 - INFO - Finished tokenizing 242929-v2.0.0-mixed: 1 centers, 2 frags.
2025-05-29 11:39:35,399 - ForkPoolWorker-9 - INFO - Tokenizing context file: 243064-v2.0.0-mixed
2025-05-29 11:39:35,399 - ForkPoolWorker-6 - INFO - Tokenizing context file: 246289-v2.0.0-mixed
2025-05-29 11:39:35,399 - ForkPoolWorker-12 - INFO - Tokenizing context file: 242730-v2.0.0-mixed
2025-05-29 11:39:35,400 - ForkPoolWorker-9 - INFO - Finished tokenizing 243064-v2.0.0-mixed: 2 centers, 6 frags.
2025-05-29 11:39:35,400 - ForkPoolWorker-6 - INFO - Finished tokenizing 246289-v2.0.0-mixed: 4 centers, 10 frags.
2025-05-29 11:39:35,401 - ForkPoolWorker-12 - INFO - Finished tokenizing 242730-v2.0.0-mixed: 7 centers, 19 frags.
2025-05-29 11:39:35,401 - ForkPoolWorker-4 - INFO - Tokenizing context file: 242740-v2.0.0-mixed
2025-05-29 11:39:35,401 - ForkPoolWorker-2 - INFO - Tokenizing context file: 235534-v2.0.0-mixed
2025-05-29 11:39:35,401 - ForkPoolWorker-10 - INFO - Tokenizing context file: 241350-v2.0.0-mixed
2025-05-29 11:39:35,401 - ForkPoolWorker-5 - INFO - Tokenizing context file: 242810-v2.0.0-mixed
2025-05-29 11:39:35,402 - ForkPoolWorker-10 - INFO - Finished tokenizing 241350-v2.0.0-mixed: 5 centers, 8 frags.
2025-05-29 11:39:35,402 - ForkPoolWorker-2 - INFO - Finished tokenizing 235534-v2.0.0-mixed: 3 centers, 13 frags.
2025-05-29 11:39:35,402 - ForkPoolWorker-5 - INFO - Finished tokenizing 242810-v2.0.0-mixed: 6 centers, 21 frags.
2025-05-29 11:39:35,402 - ForkPoolWorker-4 - INFO - Finished tokenizing 242740-v2.0.0-mixed: 18 centers, 25 frags.
2025-05-29 11:39:35,402 - ForkPoolWorker-8 - INFO - Tokenizing context file: 500758-v1.0.0-bad
2025-05-29 11:39:35,403 - ForkPoolWorker-8 - INFO - Finished tokenizing 500758-v1.0.0-bad: 1 centers, 5 frags.
2025-05-29 11:39:35,403 - ForkPoolWorker-1 - INFO - Tokenizing context file: 500942-v1.0.0-bad
2025-05-29 11:39:35,404 - ForkPoolWorker-1 - INFO - Finished tokenizing 500942-v1.0.0-bad: 1 centers, 1 frags.
2025-05-29 11:39:35,404 - ForkPoolWorker-7 - INFO - Tokenizing context file: 242630-v2.0.0-mixed
2025-05-29 11:39:35,405 - ForkPoolWorker-3 - INFO - Tokenizing context file: 243988-v2.0.0-mixed
2025-05-29 11:39:35,405 - ForkPoolWorker-11 - INFO - Tokenizing context file: 243497-v2.0.0-mixed
2025-05-29 11:39:35,405 - ForkPoolWorker-9 - INFO - Tokenizing context file: 242178-v2.0.0-mixed
2025-05-29 11:39:35,405 - ForkPoolWorker-6 - INFO - Tokenizing context file: 242356-v2.0.0-mixed
2025-05-29 11:39:35,405 - ForkPoolWorker-7 - INFO - Finished tokenizing 242630-v2.0.0-mixed: 4 centers, 11 frags.
2025-05-29 11:39:35,405 - ForkPoolWorker-12 - INFO - Tokenizing context file: 2028-v1.0.0-bad
2025-05-29 11:39:35,405 - ForkPoolWorker-10 - INFO - Tokenizing context file: 243120-v2.0.0-mixed
2025-05-29 11:39:35,405 - ForkPoolWorker-7 - INFO - Tokenizing context file: 241951-v2.0.0-mixed
2025-05-29 11:39:35,406 - ForkPoolWorker-5 - INFO - Tokenizing context file: 245644-v2.0.0-mixed
2025-05-29 11:39:35,406 - ForkPoolWorker-2 - INFO - Tokenizing context file: 1535-v1.0.0-bad
2025-05-29 11:39:35,406 - ForkPoolWorker-8 - INFO - Tokenizing context file: 246688-v2.0.0-mixed
2025-05-29 11:39:35,406 - ForkPoolWorker-11 - INFO - Finished tokenizing 243497-v2.0.0-mixed: 4 centers, 14 frags.
2025-05-29 11:39:35,406 - ForkPoolWorker-1 - INFO - Tokenizing context file: 240224-v2.0.0-mixed
2025-05-29 11:39:35,406 - ForkPoolWorker-11 - INFO - Tokenizing context file: 246073-v2.0.0-mixed
2025-05-29 11:39:35,406 - ForkPoolWorker-3 - INFO - Finished tokenizing 243988-v2.0.0-mixed: 5 centers, 16 frags.
2025-05-29 11:39:35,406 - ForkPoolWorker-4 - INFO - Tokenizing context file: 241855-v2.0.0-mixed
2025-05-29 11:39:35,406 - ForkPoolWorker-3 - INFO - Tokenizing context file: 242399-v2.0.0-mixed
2025-05-29 11:39:35,406 - ForkPoolWorker-12 - INFO - Finished tokenizing 2028-v1.0.0-bad: 1 centers, 4 frags.
2025-05-29 11:39:35,406 - ForkPoolWorker-9 - INFO - Finished tokenizing 242178-v2.0.0-mixed: 10 centers, 19 frags.
2025-05-29 11:39:35,406 - ForkPoolWorker-12 - INFO - Tokenizing context file: 243375-v2.0.0-mixed
2025-05-29 11:39:35,406 - ForkPoolWorker-9 - INFO - Tokenizing context file: 242332-v2.0.0-mixed
2025-05-29 11:39:35,406 - ForkPoolWorker-8 - INFO - Finished tokenizing 246688-v2.0.0-mixed: 1 centers, 7 frags.
2025-05-29 11:39:35,406 - ForkPoolWorker-5 - INFO - Finished tokenizing 245644-v2.0.0-mixed: 2 centers, 8 frags.
2025-05-29 11:39:35,407 - ForkPoolWorker-8 - INFO - Tokenizing context file: 247774-v2.0.0-mixed
2025-05-29 11:39:35,407 - ForkPoolWorker-5 - INFO - Tokenizing context file: 245673-v2.0.0-mixed
2025-05-29 11:39:35,407 - ForkPoolWorker-6 - INFO - Finished tokenizing 242356-v2.0.0-mixed: 18 centers, 25 frags.
2025-05-29 11:39:35,407 - ForkPoolWorker-11 - INFO - Finished tokenizing 246073-v2.0.0-mixed: 2 centers, 8 frags.
2025-05-29 11:39:35,407 - ForkPoolWorker-2 - INFO - Finished tokenizing 1535-v1.0.0-bad: 2 centers, 6 frags.
2025-05-29 11:39:35,407 - ForkPoolWorker-11 - INFO - Tokenizing context file: 234823-v2.0.0-mixed
2025-05-29 11:39:35,407 - ForkPoolWorker-2 - INFO - Tokenizing context file: 246263-v2.0.0-mixed
2025-05-29 11:39:35,407 - ForkPoolWorker-6 - INFO - Tokenizing context file: 235256-v2.0.0-mixed
2025-05-29 11:39:35,407 - ForkPoolWorker-10 - INFO - Finished tokenizing 243120-v2.0.0-mixed: 7 centers, 24 frags.
2025-05-29 11:39:35,407 - ForkPoolWorker-10 - INFO - Tokenizing context file: 245441-v2.0.0-mixed
2025-05-29 11:39:35,407 - ForkPoolWorker-1 - INFO - Finished tokenizing 240224-v2.0.0-mixed: 7 centers, 25 frags.
2025-05-29 11:39:35,407 - ForkPoolWorker-8 - INFO - Finished tokenizing 247774-v2.0.0-mixed: 2 centers, 11 frags.
2025-05-29 11:39:35,408 - ForkPoolWorker-8 - INFO - Tokenizing context file: 241935-v2.0.0-mixed
2025-05-29 11:39:35,408 - ForkPoolWorker-1 - INFO - Tokenizing context file: 248189-v2.0.0-mixed
2025-05-29 11:39:35,408 - ForkPoolWorker-4 - INFO - Finished tokenizing 241855-v2.0.0-mixed: 6 centers, 22 frags.
2025-05-29 11:39:35,408 - ForkPoolWorker-2 - INFO - Finished tokenizing 246263-v2.0.0-mixed: 1 centers, 7 frags.
2025-05-29 11:39:35,408 - ForkPoolWorker-9 - INFO - Finished tokenizing 242332-v2.0.0-mixed: 6 centers, 20 frags.
2025-05-29 11:39:35,408 - ForkPoolWorker-12 - INFO - Finished tokenizing 243375-v2.0.0-mixed: 7 centers, 23 frags.
2025-05-29 11:39:35,408 - ForkPoolWorker-4 - INFO - Tokenizing context file: 500874-v1.0.0-bad
2025-05-29 11:39:35,408 - ForkPoolWorker-9 - INFO - Tokenizing context file: 247396-v2.0.0-mixed
2025-05-29 11:39:35,408 - ForkPoolWorker-12 - INFO - Tokenizing context file: 243168-v2.0.0-mixed
2025-05-29 11:39:35,408 - ForkPoolWorker-2 - INFO - Tokenizing context file: 241771-v2.0.0-mixed
2025-05-29 11:39:35,408 - ForkPoolWorker-10 - INFO - Finished tokenizing 245441-v2.0.0-mixed: 3 centers, 7 frags.
2025-05-29 11:39:35,408 - ForkPoolWorker-7 - INFO - Finished tokenizing 241951-v2.0.0-mixed: 6 centers, 22 frags.
2025-05-29 11:39:35,408 - ForkPoolWorker-3 - INFO - Finished tokenizing 242399-v2.0.0-mixed: 6 centers, 26 frags.
2025-05-29 11:39:35,408 - ForkPoolWorker-10 - INFO - Tokenizing context file: 234137-v2.0.0-mixed
2025-05-29 11:39:35,408 - ForkPoolWorker-7 - INFO - Tokenizing context file: 243184-v2.0.0-mixed
2025-05-29 11:39:35,408 - ForkPoolWorker-3 - INFO - Tokenizing context file: 245029-v2.0.0-mixed
2025-05-29 11:39:35,408 - ForkPoolWorker-5 - INFO - Finished tokenizing 245673-v2.0.0-mixed: 3 centers, 8 frags.
2025-05-29 11:39:35,408 - ForkPoolWorker-4 - INFO - Finished tokenizing 500874-v1.0.0-bad: 1 centers, 3 frags.
2025-05-29 11:39:35,408 - ForkPoolWorker-6 - INFO - Finished tokenizing 235256-v2.0.0-mixed: 3 centers, 15 frags.
2025-05-29 11:39:35,408 - ForkPoolWorker-4 - INFO - Tokenizing context file: 243324-v2.0.0-mixed
2025-05-29 11:39:35,408 - ForkPoolWorker-1 - INFO - Finished tokenizing 248189-v2.0.0-mixed: 3 centers, 8 frags.
2025-05-29 11:39:35,408 - ForkPoolWorker-5 - INFO - Tokenizing context file: 242223-v2.0.0-mixed
2025-05-29 11:39:35,409 - ForkPoolWorker-6 - INFO - Tokenizing context file: 241792-v2.0.0-mixed
2025-05-29 11:39:35,409 - ForkPoolWorker-8 - INFO - Finished tokenizing 241935-v2.0.0-mixed: 4 centers, 16 frags.
2025-05-29 11:39:35,409 - ForkPoolWorker-1 - INFO - Tokenizing context file: 234790-v2.0.0-mixed
2025-05-29 11:39:35,409 - ForkPoolWorker-8 - INFO - Tokenizing context file: 239480-v2.0.0-mixed
2025-05-29 11:39:35,409 - ForkPoolWorker-10 - INFO - Finished tokenizing 234137-v2.0.0-mixed: 1 centers, 7 frags.
2025-05-29 11:39:35,409 - ForkPoolWorker-10 - INFO - Tokenizing context file: 248719-v2.0.0-mixed
2025-05-29 11:39:35,409 - ForkPoolWorker-11 - INFO - Finished tokenizing 234823-v2.0.0-mixed: 3 centers, 8 frags.
2025-05-29 11:39:35,409 - ForkPoolWorker-11 - INFO - Tokenizing context file: 242523-v2.0.0-mixed
2025-05-29 11:39:35,409 - ForkPoolWorker-12 - INFO - Finished tokenizing 243168-v2.0.0-mixed: 4 centers, 18 frags.
2025-05-29 11:39:35,409 - ForkPoolWorker-12 - INFO - Tokenizing context file: 1532-v1.0.0-bad
2025-05-29 11:39:35,409 - ForkPoolWorker-1 - INFO - Finished tokenizing 234790-v2.0.0-mixed: 3 centers, 7 frags.
2025-05-29 11:39:35,409 - ForkPoolWorker-3 - INFO - Finished tokenizing 245029-v2.0.0-mixed: 3 centers, 11 frags.
2025-05-29 11:39:35,410 - ForkPoolWorker-4 - INFO - Finished tokenizing 243324-v2.0.0-mixed: 6 centers, 17 frags.
2025-05-29 11:39:35,410 - ForkPoolWorker-1 - INFO - Tokenizing context file: 500742-v1.0.0-bad
2025-05-29 11:39:35,410 - ForkPoolWorker-3 - INFO - Tokenizing context file: 245413-v2.0.0-mixed
2025-05-29 11:39:35,410 - ForkPoolWorker-8 - INFO - Finished tokenizing 239480-v2.0.0-mixed: 4 centers, 14 frags.
2025-05-29 11:39:35,410 - ForkPoolWorker-5 - INFO - Finished tokenizing 242223-v2.0.0-mixed: 4 centers, 16 frags.
2025-05-29 11:39:35,410 - ForkPoolWorker-4 - INFO - Tokenizing context file: 245223-v2.0.0-mixed
2025-05-29 11:39:35,410 - ForkPoolWorker-2 - INFO - Finished tokenizing 241771-v2.0.0-mixed: 7 centers, 23 frags.
2025-05-29 11:39:35,410 - ForkPoolWorker-8 - INFO - Tokenizing context file: 242460-v2.0.0-mixed
2025-05-29 11:39:35,410 - ForkPoolWorker-2 - INFO - Tokenizing context file: 241766-v2.0.0-mixed
2025-05-29 11:39:35,410 - ForkPoolWorker-10 - INFO - Finished tokenizing 248719-v2.0.0-mixed: 1 centers, 5 frags.
2025-05-29 11:39:35,410 - ForkPoolWorker-5 - INFO - Tokenizing context file: 234799-v2.0.0-mixed
2025-05-29 11:39:35,410 - ForkPoolWorker-9 - INFO - Finished tokenizing 247396-v2.0.0-mixed: 2 centers, 10 frags.
2025-05-29 11:39:35,410 - ForkPoolWorker-10 - INFO - Tokenizing context file: 1984-v1.0.0-good
2025-05-29 11:39:35,410 - ForkPoolWorker-9 - INFO - Tokenizing context file: 242755-v2.0.0-mixed
2025-05-29 11:39:35,410 - ForkPoolWorker-4 - INFO - Finished tokenizing 245223-v2.0.0-mixed: 1 centers, 5 frags.
2025-05-29 11:39:35,410 - ForkPoolWorker-12 - INFO - Finished tokenizing 1532-v1.0.0-bad: 2 centers, 5 frags.
2025-05-29 11:39:35,411 - ForkPoolWorker-4 - INFO - Tokenizing context file: 500813-v1.0.0-bad
2025-05-29 11:39:35,411 - ForkPoolWorker-12 - INFO - Tokenizing context file: 247060-v2.0.0-mixed
2025-05-29 11:39:35,411 - ForkPoolWorker-5 - INFO - Finished tokenizing 234799-v2.0.0-mixed: 1 centers, 3 frags.
2025-05-29 11:39:35,411 - ForkPoolWorker-5 - INFO - Tokenizing context file: 242762-v2.0.0-mixed
2025-05-29 11:39:35,411 - ForkPoolWorker-10 - INFO - Finished tokenizing 1984-v1.0.0-good: 1 centers, 5 frags.
2025-05-29 11:39:35,411 - ForkPoolWorker-3 - INFO - Finished tokenizing 245413-v2.0.0-mixed: 2 centers, 11 frags.
2025-05-29 11:39:35,411 - ForkPoolWorker-10 - INFO - Tokenizing context file: 243272-v2.0.0-mixed
2025-05-29 11:39:35,411 - ForkPoolWorker-3 - INFO - Tokenizing context file: 235853-v2.0.0-mixed
2025-05-29 11:39:35,411 - ForkPoolWorker-11 - INFO - Finished tokenizing 242523-v2.0.0-mixed: 6 centers, 20 frags.
2025-05-29 11:39:35,411 - ForkPoolWorker-11 - INFO - Tokenizing context file: 242465-v2.0.0-mixed
2025-05-29 11:39:35,411 - ForkPoolWorker-12 - INFO - Finished tokenizing 247060-v2.0.0-mixed: 2 centers, 8 frags.
2025-05-29 11:39:35,411 - ForkPoolWorker-4 - INFO - Finished tokenizing 500813-v1.0.0-bad: 1 centers, 4 frags.
2025-05-29 11:39:35,411 - ForkPoolWorker-9 - INFO - Finished tokenizing 242755-v2.0.0-mixed: 4 centers, 14 frags.
2025-05-29 11:39:35,411 - ForkPoolWorker-1 - INFO - Finished tokenizing 500742-v1.0.0-bad: 1 centers, 4 frags.
2025-05-29 11:39:35,411 - ForkPoolWorker-12 - INFO - Tokenizing context file: 247945-v2.0.0-mixed
2025-05-29 11:39:35,412 - ForkPoolWorker-4 - INFO - Tokenizing context file: 242949-v2.0.0-mixed
2025-05-29 11:39:35,412 - ForkPoolWorker-9 - INFO - Tokenizing context file: 246590-v2.0.0-mixed
2025-05-29 11:39:35,412 - ForkPoolWorker-1 - INFO - Tokenizing context file: 246301-v2.0.0-mixed
2025-05-29 11:39:35,412 - ForkPoolWorker-10 - INFO - Finished tokenizing 243272-v2.0.0-mixed: 4 centers, 12 frags.
2025-05-29 11:39:35,412 - ForkPoolWorker-10 - INFO - Tokenizing context file: 248245-v2.0.0-mixed
2025-05-29 11:39:35,412 - ForkPoolWorker-2 - INFO - Finished tokenizing 241766-v2.0.0-mixed: 4 centers, 11 frags.
2025-05-29 11:39:35,412 - ForkPoolWorker-2 - INFO - Tokenizing context file: 248009-v2.0.0-mixed
2025-05-29 11:39:35,412 - ForkPoolWorker-7 - INFO - Finished tokenizing 243184-v2.0.0-mixed: 7 centers, 24 frags.
2025-05-29 11:39:35,413 - ForkPoolWorker-5 - INFO - Finished tokenizing 242762-v2.0.0-mixed: 7 centers, 21 frags.
2025-05-29 11:39:35,413 - ForkPoolWorker-7 - INFO - Tokenizing context file: 248413-v2.0.0-mixed
2025-05-29 11:39:35,413 - ForkPoolWorker-5 - INFO - Tokenizing context file: 245917-v2.0.0-mixed
2025-05-29 11:39:35,413 - ForkPoolWorker-12 - INFO - Finished tokenizing 247945-v2.0.0-mixed: 5 centers, 15 frags.
2025-05-29 11:39:35,413 - ForkPoolWorker-8 - INFO - Finished tokenizing 242460-v2.0.0-mixed: 6 centers, 22 frags.
2025-05-29 11:39:35,413 - ForkPoolWorker-12 - INFO - Tokenizing context file: 242136-v2.0.0-mixed
2025-05-29 11:39:35,413 - ForkPoolWorker-6 - INFO - Finished tokenizing 241792-v2.0.0-mixed: 6 centers, 35 frags.
2025-05-29 11:39:35,413 - ForkPoolWorker-8 - INFO - Tokenizing context file: 246501-v2.0.0-mixed
2025-05-29 11:39:35,413 - ForkPoolWorker-10 - INFO - Finished tokenizing 248245-v2.0.0-mixed: 2 centers, 11 frags.
2025-05-29 11:39:35,413 - ForkPoolWorker-6 - INFO - Tokenizing context file: 243474-v2.0.0-mixed
2025-05-29 11:39:35,413 - ForkPoolWorker-10 - INFO - Tokenizing context file: 242681-v2.0.0-mixed
2025-05-29 11:39:35,413 - ForkPoolWorker-4 - INFO - Finished tokenizing 242949-v2.0.0-mixed: 7 centers, 28 frags.
2025-05-29 11:39:35,413 - ForkPoolWorker-2 - INFO - Finished tokenizing 248009-v2.0.0-mixed: 2 centers, 8 frags.
2025-05-29 11:39:35,413 - ForkPoolWorker-3 - INFO - Finished tokenizing 235853-v2.0.0-mixed: 4 centers, 14 frags.
2025-05-29 11:39:35,413 - ForkPoolWorker-4 - INFO - Tokenizing context file: 234404-v2.0.0-mixed
2025-05-29 11:39:35,413 - ForkPoolWorker-2 - INFO - Tokenizing context file: 500817-v1.0.0-bad
2025-05-29 11:39:35,414 - ForkPoolWorker-3 - INFO - Tokenizing context file: 242335-v2.0.0-mixed
2025-05-29 11:39:35,414 - ForkPoolWorker-1 - INFO - Finished tokenizing 246301-v2.0.0-mixed: 3 centers, 8 frags.
2025-05-29 11:39:35,414 - ForkPoolWorker-7 - INFO - Finished tokenizing 248413-v2.0.0-mixed: 4 centers, 10 frags.
2025-05-29 11:39:35,414 - ForkPoolWorker-1 - INFO - Tokenizing context file: 234427-v2.0.0-mixed
2025-05-29 11:39:35,414 - ForkPoolWorker-12 - INFO - Finished tokenizing 242136-v2.0.0-mixed: 2 centers, 9 frags.
2025-05-29 11:39:35,414 - ForkPoolWorker-7 - INFO - Tokenizing context file: 247204-v2.0.0-mixed
2025-05-29 11:39:35,414 - ForkPoolWorker-12 - INFO - Tokenizing context file: 241873-v2.0.0-mixed
2025-05-29 11:39:35,414 - ForkPoolWorker-8 - INFO - Finished tokenizing 246501-v2.0.0-mixed: 2 centers, 8 frags.
2025-05-29 11:39:35,414 - ForkPoolWorker-4 - INFO - Finished tokenizing 234404-v2.0.0-mixed: 1 centers, 3 frags.
2025-05-29 11:39:35,414 - ForkPoolWorker-11 - INFO - Finished tokenizing 242465-v2.0.0-mixed: 26 centers, 40 frags.
2025-05-29 11:39:35,414 - ForkPoolWorker-5 - INFO - Finished tokenizing 245917-v2.0.0-mixed: 6 centers, 18 frags.
2025-05-29 11:39:35,414 - ForkPoolWorker-10 - INFO - Finished tokenizing 242681-v2.0.0-mixed: 2 centers, 9 frags.
2025-05-29 11:39:35,414 - ForkPoolWorker-6 - INFO - Finished tokenizing 243474-v2.0.0-mixed: 4 centers, 14 frags.
2025-05-29 11:39:35,414 - ForkPoolWorker-1 - INFO - Finished tokenizing 234427-v2.0.0-mixed: 3 centers, 6 frags.
2025-05-29 11:39:35,415 - ForkPoolWorker-12 - INFO - Finished tokenizing 241873-v2.0.0-mixed: 1 centers, 2 frags.
2025-05-29 11:39:35,415 - ForkPoolWorker-2 - INFO - Finished tokenizing 500817-v1.0.0-bad: 1 centers, 3 frags.
2025-05-29 11:39:35,415 - ForkPoolWorker-7 - INFO - Finished tokenizing 247204-v2.0.0-mixed: 2 centers, 9 frags.
2025-05-29 11:39:35,415 - ForkPoolWorker-9 - INFO - Finished tokenizing 246590-v2.0.0-mixed: 2 centers, 8 frags.
2025-05-29 11:39:35,415 - ForkPoolWorker-3 - INFO - Finished tokenizing 242335-v2.0.0-mixed: 6 centers, 22 frags.
2025-05-29 11:39:35,415 - ForkPoolWorker-8 - INFO - Tokenizing context file: 248298-v2.0.0-mixed
2025-05-29 11:39:35,415 - ForkPoolWorker-4 - INFO - Tokenizing context file: 242720-v2.0.0-mixed
2025-05-29 11:39:35,416 - ForkPoolWorker-8 - INFO - Finished tokenizing 248298-v2.0.0-mixed: 3 centers, 11 frags.
2025-05-29 11:39:35,416 - ForkPoolWorker-11 - INFO - Tokenizing context file: 242383-v2.0.0-mixed
2025-05-29 11:39:35,416 - ForkPoolWorker-4 - INFO - Finished tokenizing 242720-v2.0.0-mixed: 6 centers, 22 frags.
2025-05-29 11:39:35,417 - ForkPoolWorker-5 - INFO - Tokenizing context file: 241978-v2.0.0-mixed
2025-05-29 11:39:35,417 - ForkPoolWorker-10 - INFO - Tokenizing context file: 242826-v2.0.0-mixed
2025-05-29 11:39:35,417 - ForkPoolWorker-6 - INFO - Tokenizing context file: 242200-v2.0.0-mixed
2025-05-29 11:39:35,417 - ForkPoolWorker-1 - INFO - Tokenizing context file: 242831-v2.0.0-mixed
2025-05-29 11:39:35,417 - ForkPoolWorker-12 - INFO - Tokenizing context file: 246581-v2.0.0-mixed
2025-05-29 11:39:35,417 - ForkPoolWorker-2 - INFO - Tokenizing context file: 247490-v2.0.0-mixed
2025-05-29 11:39:35,417 - ForkPoolWorker-7 - INFO - Tokenizing context file: 237345-v2.0.0-mixed
2025-05-29 11:39:35,417 - ForkPoolWorker-9 - INFO - Tokenizing context file: 243258-v2.0.0-mixed
2025-05-29 11:39:35,417 - ForkPoolWorker-11 - INFO - Finished tokenizing 242383-v2.0.0-mixed: 4 centers, 16 frags.
2025-05-29 11:39:35,418 - ForkPoolWorker-6 - INFO - Finished tokenizing 242200-v2.0.0-mixed: 2 centers, 9 frags.
2025-05-29 11:39:35,418 - ForkPoolWorker-7 - INFO - Finished tokenizing 237345-v2.0.0-mixed: 1 centers, 5 frags.
2025-05-29 11:39:35,418 - ForkPoolWorker-12 - INFO - Finished tokenizing 246581-v2.0.0-mixed: 3 centers, 8 frags.
2025-05-29 11:39:35,418 - ForkPoolWorker-2 - INFO - Finished tokenizing 247490-v2.0.0-mixed: 2 centers, 8 frags.
2025-05-29 11:39:35,418 - ForkPoolWorker-1 - INFO - Finished tokenizing 242831-v2.0.0-mixed: 4 centers, 16 frags.
2025-05-29 11:39:35,418 - ForkPoolWorker-9 - INFO - Finished tokenizing 243258-v2.0.0-mixed: 2 centers, 6 frags.
2025-05-29 11:39:35,418 - ForkPoolWorker-10 - INFO - Finished tokenizing 242826-v2.0.0-mixed: 7 centers, 19 frags.
2025-05-29 11:39:35,419 - ForkPoolWorker-5 - INFO - Finished tokenizing 241978-v2.0.0-mixed: 6 centers, 36 frags.
2025-05-29 11:39:35,419 - ForkPoolWorker-3 - INFO - Tokenizing context file: 500910-v1.0.0-bad
2025-05-29 11:39:35,419 - ForkPoolWorker-8 - INFO - Tokenizing context file: 244566-v2.0.0-mixed
2025-05-29 11:39:35,420 - ForkPoolWorker-4 - INFO - Tokenizing context file: 241838-v2.0.0-mixed
2025-05-29 11:39:35,420 - ForkPoolWorker-3 - INFO - Finished tokenizing 500910-v1.0.0-bad: 1 centers, 4 frags.
2025-05-29 11:39:35,420 - ForkPoolWorker-11 - INFO - Tokenizing context file: 246072-v2.0.0-mixed
2025-05-29 11:39:35,420 - ForkPoolWorker-7 - INFO - Tokenizing context file: 240132-v2.0.0-mixed
2025-05-29 11:39:35,420 - ForkPoolWorker-8 - INFO - Finished tokenizing 244566-v2.0.0-mixed: 2 centers, 10 frags.
2025-05-29 11:39:35,421 - ForkPoolWorker-6 - INFO - Tokenizing context file: 240709-v2.0.0-mixed
2025-05-29 11:39:35,421 - ForkPoolWorker-12 - INFO - Tokenizing context file: 247016-v2.0.0-mixed
2025-05-29 11:39:35,421 - ForkPoolWorker-2 - INFO - Tokenizing context file: 500788-v1.0.0-bad
2025-05-29 11:39:35,421 - ForkPoolWorker-9 - INFO - Tokenizing context file: 245405-v2.0.0-mixed
2025-05-29 11:39:35,421 - ForkPoolWorker-11 - INFO - Finished tokenizing 246072-v2.0.0-mixed: 2 centers, 8 frags.
2025-05-29 11:39:35,421 - ForkPoolWorker-1 - INFO - Tokenizing context file: 242262-v2.0.0-mixed
2025-05-29 11:39:35,421 - ForkPoolWorker-7 - INFO - Finished tokenizing 240132-v2.0.0-mixed: 4 centers, 13 frags.
2025-05-29 11:39:35,421 - ForkPoolWorker-11 - INFO - Tokenizing context file: 244569-v2.0.0-mixed
2025-05-29 11:39:35,421 - ForkPoolWorker-5 - INFO - Tokenizing context file: 235340-v2.0.0-mixed
2025-05-29 11:39:35,421 - ForkPoolWorker-3 - INFO - Tokenizing context file: 240740-v2.0.0-mixed
2025-05-29 11:39:35,421 - ForkPoolWorker-12 - INFO - Finished tokenizing 247016-v2.0.0-mixed: 2 centers, 8 frags.
2025-05-29 11:39:35,421 - ForkPoolWorker-2 - INFO - Finished tokenizing 500788-v1.0.0-bad: 1 centers, 4 frags.
2025-05-29 11:39:35,422 - ForkPoolWorker-8 - INFO - Tokenizing context file: 247632-v2.0.0-mixed
2025-05-29 11:39:35,422 - ForkPoolWorker-7 - INFO - Tokenizing context file: 242404-v2.0.0-mixed
2025-05-29 11:39:35,422 - ForkPoolWorker-9 - INFO - Finished tokenizing 245405-v2.0.0-mixed: 3 centers, 8 frags.
2025-05-29 11:39:35,422 - ForkPoolWorker-12 - INFO - Tokenizing context file: 241760-v2.0.0-mixed
2025-05-29 11:39:35,422 - ForkPoolWorker-9 - INFO - Tokenizing context file: 1501-v1.0.0-bad
2025-05-29 11:39:35,422 - ForkPoolWorker-2 - INFO - Tokenizing context file: 240301-v2.0.0-mixed
2025-05-29 11:39:35,422 - ForkPoolWorker-4 - INFO - Finished tokenizing 241838-v2.0.0-mixed: 7 centers, 27 frags.
2025-05-29 11:39:35,422 - ForkPoolWorker-4 - INFO - Tokenizing context file: 242748-v2.0.0-mixed
2025-05-29 11:39:35,422 - ForkPoolWorker-11 - INFO - Finished tokenizing 244569-v2.0.0-mixed: 2 centers, 10 frags.
2025-05-29 11:39:35,422 - ForkPoolWorker-6 - INFO - Finished tokenizing 240709-v2.0.0-mixed: 7 centers, 20 frags.
2025-05-29 11:39:35,422 - ForkPoolWorker-1 - INFO - Finished tokenizing 242262-v2.0.0-mixed: 2 centers, 20 frags.
2025-05-29 11:39:35,422 - ForkPoolWorker-10 - INFO - Tokenizing context file: 500927-v1.0.0-bad
2025-05-29 11:39:35,422 - ForkPoolWorker-11 - INFO - Tokenizing context file: 242943-v2.0.0-mixed
2025-05-29 11:39:35,422 - ForkPoolWorker-6 - INFO - Tokenizing context file: 1993-v1.0.0-bad
2025-05-29 11:39:35,422 - ForkPoolWorker-1 - INFO - Tokenizing context file: 248154-v2.0.0-mixed
2025-05-29 11:39:35,422 - ForkPoolWorker-9 - INFO - Finished tokenizing 1501-v1.0.0-bad: 3 centers, 9 frags.
2025-05-29 11:39:35,422 - ForkPoolWorker-8 - INFO - Finished tokenizing 247632-v2.0.0-mixed: 1 centers, 7 frags.
2025-05-29 11:39:35,422 - ForkPoolWorker-9 - INFO - Tokenizing context file: 234530-v2.0.0-mixed
2025-05-29 11:39:35,422 - ForkPoolWorker-5 - INFO - Finished tokenizing 235340-v2.0.0-mixed: 3 centers, 15 frags.
2025-05-29 11:39:35,422 - ForkPoolWorker-8 - INFO - Tokenizing context file: 500903-v1.0.0-bad
2025-05-29 11:39:35,423 - ForkPoolWorker-3 - INFO - Finished tokenizing 240740-v2.0.0-mixed: 4 centers, 13 frags.
2025-05-29 11:39:35,423 - ForkPoolWorker-5 - INFO - Tokenizing context file: 242184-v2.0.0-mixed
2025-05-29 11:39:35,423 - ForkPoolWorker-3 - INFO - Tokenizing context file: 242103-v2.0.0-mixed
2025-05-29 11:39:35,423 - ForkPoolWorker-10 - INFO - Finished tokenizing 500927-v1.0.0-bad: 1 centers, 2 frags.
2025-05-29 11:39:35,423 - ForkPoolWorker-6 - INFO - Finished tokenizing 1993-v1.0.0-bad: 1 centers, 3 frags.
2025-05-29 11:39:35,423 - ForkPoolWorker-10 - INFO - Tokenizing context file: 234501-v2.0.0-mixed
2025-05-29 11:39:35,423 - ForkPoolWorker-6 - INFO - Tokenizing context file: 242241-v2.0.0-mixed
2025-05-29 11:39:35,423 - ForkPoolWorker-7 - INFO - Finished tokenizing 242404-v2.0.0-mixed: 5 centers, 21 frags.
2025-05-29 11:39:35,423 - ForkPoolWorker-7 - INFO - Tokenizing context file: 242058-v2.0.0-mixed
2025-05-29 11:39:35,423 - ForkPoolWorker-8 - INFO - Finished tokenizing 500903-v1.0.0-bad: 1 centers, 6 frags.
2025-05-29 11:39:35,423 - ForkPoolWorker-1 - INFO - Finished tokenizing 248154-v2.0.0-mixed: 2 centers, 8 frags.
2025-05-29 11:39:35,423 - ForkPoolWorker-9 - INFO - Finished tokenizing 234530-v2.0.0-mixed: 5 centers, 11 frags.
2025-05-29 11:39:35,423 - ForkPoolWorker-8 - INFO - Tokenizing context file: 242128-v2.0.0-mixed
2025-05-29 11:39:35,423 - ForkPoolWorker-1 - INFO - Tokenizing context file: 243306-v2.0.0-mixed
2025-05-29 11:39:35,423 - ForkPoolWorker-9 - INFO - Tokenizing context file: 239973-v2.0.0-mixed
2025-05-29 11:39:35,423 - ForkPoolWorker-12 - INFO - Finished tokenizing 241760-v2.0.0-mixed: 6 centers, 22 frags.
2025-05-29 11:39:35,423 - ForkPoolWorker-3 - INFO - Finished tokenizing 242103-v2.0.0-mixed: 2 centers, 9 frags.
2025-05-29 11:39:35,424 - ForkPoolWorker-3 - INFO - Tokenizing context file: 240068-v2.0.0-mixed
2025-05-29 11:39:35,424 - ForkPoolWorker-12 - INFO - Tokenizing context file: 242731-v2.0.0-mixed
2025-05-29 11:39:35,424 - ForkPoolWorker-9 - INFO - Finished tokenizing 239973-v2.0.0-mixed: 0 centers, 0 frags.
2025-05-29 11:39:35,424 - ForkPoolWorker-4 - INFO - Finished tokenizing 242748-v2.0.0-mixed: 6 centers, 22 frags.
2025-05-29 11:39:35,424 - ForkPoolWorker-9 - INFO - Tokenizing context file: 244829-v2.0.0-mixed
2025-05-29 11:39:35,424 - ForkPoolWorker-10 - INFO - Finished tokenizing 234501-v2.0.0-mixed: 3 centers, 18 frags.
2025-05-29 11:39:35,424 - ForkPoolWorker-7 - INFO - Finished tokenizing 242058-v2.0.0-mixed: 7 centers, 19 frags.
2025-05-29 11:39:35,424 - ForkPoolWorker-8 - INFO - Finished tokenizing 242128-v2.0.0-mixed: 4 centers, 14 frags.
2025-05-29 11:39:35,424 - ForkPoolWorker-5 - INFO - Finished tokenizing 242184-v2.0.0-mixed: 4 centers, 14 frags.
2025-05-29 11:39:35,424 - ForkPoolWorker-1 - INFO - Finished tokenizing 243306-v2.0.0-mixed: 4 centers, 14 frags.
2025-05-29 11:39:35,425 - ForkPoolWorker-11 - INFO - Finished tokenizing 242943-v2.0.0-mixed: 6 centers, 35 frags.
2025-05-29 11:39:35,425 - ForkPoolWorker-12 - INFO - Finished tokenizing 242731-v2.0.0-mixed: 7 centers, 23 frags.
2025-05-29 11:39:35,425 - ForkPoolWorker-3 - INFO - Finished tokenizing 240068-v2.0.0-mixed: 4 centers, 14 frags.
2025-05-29 11:39:35,426 - ForkPoolWorker-4 - INFO - Tokenizing context file: 242086-v2.0.0-mixed
2025-05-29 11:39:35,426 - ForkPoolWorker-10 - INFO - Tokenizing context file: 1487-v1.0.0-good
2025-05-29 11:39:35,426 - ForkPoolWorker-6 - INFO - Finished tokenizing 242241-v2.0.0-mixed: 26 centers, 40 frags.
2025-05-29 11:39:35,426 - ForkPoolWorker-9 - INFO - Finished tokenizing 244829-v2.0.0-mixed: 5 centers, 32 frags.
2025-05-29 11:39:35,426 - ForkPoolWorker-10 - INFO - Finished tokenizing 1487-v1.0.0-good: 1 centers, 3 frags.
2025-05-29 11:39:35,426 - ForkPoolWorker-2 - INFO - Finished tokenizing 240301-v2.0.0-mixed: 7 centers, 28 frags.
2025-05-29 11:39:35,426 - ForkPoolWorker-7 - INFO - Tokenizing context file: 242610-v2.0.0-mixed
2025-05-29 11:39:35,426 - ForkPoolWorker-8 - INFO - Tokenizing context file: 501029-v1.0.0-bad
2025-05-29 11:39:35,427 - ForkPoolWorker-5 - INFO - Tokenizing context file: 243109-v2.0.0-mixed
2025-05-29 11:39:35,427 - ForkPoolWorker-4 - INFO - Finished tokenizing 242086-v2.0.0-mixed: 4 centers, 16 frags.
2025-05-29 11:39:35,427 - ForkPoolWorker-1 - INFO - Tokenizing context file: 247631-v2.0.0-mixed
2025-05-29 11:39:35,427 - ForkPoolWorker-7 - INFO - Finished tokenizing 242610-v2.0.0-mixed: 1 centers, 2 frags.
2025-05-29 11:39:35,427 - ForkPoolWorker-8 - INFO - Finished tokenizing 501029-v1.0.0-bad: 1 centers, 3 frags.
2025-05-29 11:39:35,427 - ForkPoolWorker-5 - INFO - Finished tokenizing 243109-v2.0.0-mixed: 4 centers, 17 frags.
2025-05-29 11:39:35,428 - ForkPoolWorker-1 - INFO - Finished tokenizing 247631-v2.0.0-mixed: 1 centers, 7 frags.
2025-05-29 11:39:35,428 - ForkPoolWorker-11 - INFO - Tokenizing context file: 246313-v2.0.0-mixed
2025-05-29 11:39:35,429 - ForkPoolWorker-11 - INFO - Finished tokenizing 246313-v2.0.0-mixed: 3 centers, 8 frags.
2025-05-29 11:39:35,429 - ForkPoolWorker-12 - INFO - Tokenizing context file: 243016-v2.0.0-mixed
2025-05-29 11:39:35,429 - ForkPoolWorker-3 - INFO - Tokenizing context file: 247293-v2.0.0-mixed
2025-05-29 11:39:35,430 - ForkPoolWorker-6 - INFO - Tokenizing context file: 239083-v2.0.0-mixed
2025-05-29 11:39:35,430 - ForkPoolWorker-3 - INFO - Finished tokenizing 247293-v2.0.0-mixed: 3 centers, 8 frags.
2025-05-29 11:39:35,430 - ForkPoolWorker-12 - INFO - Finished tokenizing 243016-v2.0.0-mixed: 4 centers, 10 frags.
2025-05-29 11:39:35,430 - ForkPoolWorker-6 - INFO - Finished tokenizing 239083-v2.0.0-mixed: 2 centers, 7 frags.
2025-05-29 11:39:35,431 - ForkPoolWorker-10 - INFO - Tokenizing context file: 242366-v2.0.0-mixed
2025-05-29 11:39:35,431 - ForkPoolWorker-9 - INFO - Tokenizing context file: 500785-v1.0.0-bad
2025-05-29 11:39:35,431 - ForkPoolWorker-9 - INFO - Finished tokenizing 500785-v1.0.0-bad: 1 centers, 4 frags.
2025-05-29 11:39:35,432 - ForkPoolWorker-10 - INFO - Finished tokenizing 242366-v2.0.0-mixed: 4 centers, 19 frags.
2025-05-29 11:39:35,432 - ForkPoolWorker-2 - INFO - Tokenizing context file: 1967-v1.0.0-bad
2025-05-29 11:39:35,432 - ForkPoolWorker-4 - INFO - Tokenizing context file: 245982-v2.0.0-mixed
2025-05-29 11:39:35,432 - ForkPoolWorker-7 - INFO - Tokenizing context file: 240558-v2.0.0-mixed
2025-05-29 11:39:35,432 - ForkPoolWorker-8 - INFO - Tokenizing context file: 244658-v2.0.0-mixed
2025-05-29 11:39:35,433 - ForkPoolWorker-8 - INFO - Finished tokenizing 244658-v2.0.0-mixed: 2 centers, 8 frags.
2025-05-29 11:39:35,433 - ForkPoolWorker-4 - INFO - Finished tokenizing 245982-v2.0.0-mixed: 2 centers, 10 frags.
2025-05-29 11:39:35,433 - ForkPoolWorker-2 - INFO - Finished tokenizing 1967-v1.0.0-bad: 3 centers, 10 frags.
2025-05-29 11:39:35,433 - ForkPoolWorker-5 - INFO - Tokenizing context file: 240000-v2.0.0-mixed
2025-05-29 11:39:35,433 - ForkPoolWorker-1 - INFO - Tokenizing context file: 243422-v2.0.0-mixed
2025-05-29 11:39:35,433 - ForkPoolWorker-11 - INFO - Tokenizing context file: 248149-v2.0.0-mixed
2025-05-29 11:39:35,433 - ForkPoolWorker-3 - INFO - Tokenizing context file: 242232-v2.0.0-mixed
2025-05-29 11:39:35,434 - ForkPoolWorker-7 - INFO - Finished tokenizing 240558-v2.0.0-mixed: 7 centers, 29 frags.
2025-05-29 11:39:35,434 - ForkPoolWorker-3 - INFO - Finished tokenizing 242232-v2.0.0-mixed: 2 centers, 9 frags.
2025-05-29 11:39:35,434 - ForkPoolWorker-11 - INFO - Finished tokenizing 248149-v2.0.0-mixed: 2 centers, 9 frags.
2025-05-29 11:39:35,435 - ForkPoolWorker-5 - INFO - Finished tokenizing 240000-v2.0.0-mixed: 7 centers, 23 frags.
2025-05-29 11:39:35,435 - ForkPoolWorker-12 - INFO - Tokenizing context file: 242924-v2.0.0-mixed
2025-05-29 11:39:35,435 - ForkPoolWorker-1 - INFO - Finished tokenizing 243422-v2.0.0-mixed: 6 centers, 27 frags.
2025-05-29 11:39:35,435 - ForkPoolWorker-6 - INFO - Tokenizing context file: 242571-v2.0.0-mixed
2025-05-29 11:39:35,435 - ForkPoolWorker-9 - INFO - Tokenizing context file: 246168-v2.0.0-mixed
2025-05-29 11:39:35,435 - ForkPoolWorker-5 - INFO - Tokenizing context file: 242539-v2.0.0-mixed
2025-05-29 11:39:35,435 - ForkPoolWorker-8 - INFO - Tokenizing context file: 242677-v2.0.0-mixed
2025-05-29 11:39:35,435 - ForkPoolWorker-4 - INFO - Tokenizing context file: 500857-v1.0.0-bad
2025-05-29 11:39:35,435 - ForkPoolWorker-2 - INFO - Tokenizing context file: 241830-v2.0.0-mixed
2025-05-29 11:39:35,436 - ForkPoolWorker-9 - INFO - Finished tokenizing 246168-v2.0.0-mixed: 1 centers, 5 frags.
2025-05-29 11:39:35,436 - ForkPoolWorker-7 - INFO - Tokenizing context file: 240341-v2.0.0-mixed
2025-05-29 11:39:35,436 - ForkPoolWorker-3 - INFO - Tokenizing context file: 243419-v2.0.0-mixed
2025-05-29 11:39:35,436 - ForkPoolWorker-9 - INFO - Tokenizing context file: 242792-v2.0.0-mixed
2025-05-29 11:39:35,436 - ForkPoolWorker-6 - INFO - Finished tokenizing 242571-v2.0.0-mixed: 7 centers, 25 frags.
2025-05-29 11:39:35,436 - ForkPoolWorker-5 - INFO - Finished tokenizing 242539-v2.0.0-mixed: 7 centers, 23 frags.
2025-05-29 11:39:35,436 - ForkPoolWorker-4 - INFO - Finished tokenizing 500857-v1.0.0-bad: 1 centers, 3 frags.
2025-05-29 11:39:35,436 - ForkPoolWorker-12 - INFO - Finished tokenizing 242924-v2.0.0-mixed: 7 centers, 27 frags.
2025-05-29 11:39:35,436 - ForkPoolWorker-11 - INFO - Tokenizing context file: 243250-v2.0.0-mixed
2025-05-29 11:39:35,436 - ForkPoolWorker-1 - INFO - Tokenizing context file: 244753-v2.0.0-mixed
2025-05-29 11:39:35,437 - ForkPoolWorker-3 - INFO - Finished tokenizing 243419-v2.0.0-mixed: 2 centers, 6 frags.
2025-05-29 11:39:35,437 - ForkPoolWorker-9 - INFO - Finished tokenizing 242792-v2.0.0-mixed: 4 centers, 12 frags.
2025-05-29 11:39:35,437 - ForkPoolWorker-8 - INFO - Finished tokenizing 242677-v2.0.0-mixed: 6 centers, 24 frags.
2025-05-29 11:39:35,437 - ForkPoolWorker-7 - INFO - Finished tokenizing 240341-v2.0.0-mixed: 7 centers, 28 frags.
2025-05-29 11:39:35,437 - ForkPoolWorker-1 - INFO - Finished tokenizing 244753-v2.0.0-mixed: 2 centers, 6 frags.
2025-05-29 11:39:35,437 - ForkPoolWorker-11 - INFO - Finished tokenizing 243250-v2.0.0-mixed: 4 centers, 14 frags.
2025-05-29 11:39:35,438 - ForkPoolWorker-12 - INFO - Tokenizing context file: 241739-v2.0.0-mixed
2025-05-29 11:39:35,438 - ForkPoolWorker-6 - INFO - Tokenizing context file: 241966-v2.0.0-mixed
2025-05-29 11:39:35,438 - ForkPoolWorker-2 - INFO - Finished tokenizing 241830-v2.0.0-mixed: 4 centers, 14 frags.
2025-05-29 11:39:35,439 - ForkPoolWorker-5 - INFO - Tokenizing context file: 235063-v2.0.0-mixed
2025-05-29 11:39:35,439 - ForkPoolWorker-4 - INFO - Tokenizing context file: 244522-v2.0.0-mixed
2025-05-29 11:39:35,439 - ForkPoolWorker-12 - INFO - Finished tokenizing 241739-v2.0.0-mixed: 7 centers, 25 frags.
2025-05-29 11:39:35,440 - ForkPoolWorker-6 - INFO - Finished tokenizing 241966-v2.0.0-mixed: 7 centers, 27 frags.
2025-05-29 11:39:35,440 - ForkPoolWorker-5 - INFO - Finished tokenizing 235063-v2.0.0-mixed: 1 centers, 3 frags.
2025-05-29 11:39:35,440 - ForkPoolWorker-10 - INFO - Tokenizing context file: 240997-v2.0.0-mixed
2025-05-29 11:39:35,440 - ForkPoolWorker-3 - INFO - Tokenizing context file: 243170-v2.0.0-mixed
2025-05-29 11:39:35,440 - ForkPoolWorker-9 - INFO - Tokenizing context file: 242556-v2.0.0-mixed
2025-05-29 11:39:35,440 - ForkPoolWorker-4 - INFO - Finished tokenizing 244522-v2.0.0-mixed: 2 centers, 10 frags.
2025-05-29 11:39:35,440 - ForkPoolWorker-8 - INFO - Tokenizing context file: 242970-v2.0.0-mixed
2025-05-29 11:39:35,440 - ForkPoolWorker-7 - INFO - Tokenizing context file: 245685-v2.0.0-mixed
2025-05-29 11:39:35,441 - ForkPoolWorker-10 - INFO - Finished tokenizing 240997-v2.0.0-mixed: 5 centers, 13 frags.
2025-05-29 11:39:35,441 - ForkPoolWorker-3 - INFO - Finished tokenizing 243170-v2.0.0-mixed: 6 centers, 23 frags.
2025-05-29 11:39:35,441 - ForkPoolWorker-9 - INFO - Finished tokenizing 242556-v2.0.0-mixed: 6 centers, 22 frags.
2025-05-29 11:39:35,441 - ForkPoolWorker-3 - INFO - Tokenizing context file: 242173-v2.0.0-mixed
2025-05-29 11:39:35,441 - ForkPoolWorker-1 - INFO - Tokenizing context file: 243068-v2.0.0-mixed
2025-05-29 11:39:35,441 - ForkPoolWorker-10 - INFO - Tokenizing context file: 242337-v2.0.0-mixed
2025-05-29 11:39:35,441 - ForkPoolWorker-9 - INFO - Tokenizing context file: 242208-v2.0.0-mixed
2025-05-29 11:39:35,441 - ForkPoolWorker-5 - INFO - Tokenizing context file: 241877-v2.0.0-mixed
2025-05-29 11:39:35,441 - ForkPoolWorker-7 - INFO - Finished tokenizing 245685-v2.0.0-mixed: 3 centers, 8 frags.
2025-05-29 11:39:35,441 - ForkPoolWorker-6 - INFO - Tokenizing context file: 243267-v2.0.0-mixed
2025-05-29 11:39:35,442 - ForkPoolWorker-7 - INFO - Tokenizing context file: 238818-v2.0.0-mixed
2025-05-29 11:39:35,442 - ForkPoolWorker-4 - INFO - Tokenizing context file: 2067-v1.0.0-good
2025-05-29 11:39:35,442 - ForkPoolWorker-2 - INFO - Tokenizing context file: 243984-v2.0.0-mixed
2025-05-29 11:39:35,442 - ForkPoolWorker-11 - INFO - Tokenizing context file: 243311-v2.0.0-mixed
2025-05-29 11:39:35,442 - ForkPoolWorker-12 - INFO - Tokenizing context file: 242252-v2.0.0-mixed
2025-05-29 11:39:35,442 - ForkPoolWorker-7 - INFO - Finished tokenizing 238818-v2.0.0-mixed: 3 centers, 7 frags.
2025-05-29 11:39:35,442 - ForkPoolWorker-4 - INFO - Finished tokenizing 2067-v1.0.0-good: 2 centers, 11 frags.
2025-05-29 11:39:35,443 - ForkPoolWorker-7 - INFO - Tokenizing context file: 242355-v2.0.0-mixed
2025-05-29 11:39:35,443 - ForkPoolWorker-8 - INFO - Finished tokenizing 242970-v2.0.0-mixed: 6 centers, 28 frags.
2025-05-29 11:39:35,443 - ForkPoolWorker-1 - INFO - Finished tokenizing 243068-v2.0.0-mixed: 6 centers, 17 frags.
2025-05-29 11:39:35,443 - ForkPoolWorker-4 - INFO - Tokenizing context file: 242397-v2.0.0-mixed
2025-05-29 11:39:35,443 - ForkPoolWorker-8 - INFO - Tokenizing context file: 245556-v2.0.0-mixed
2025-05-29 11:39:35,443 - ForkPoolWorker-1 - INFO - Tokenizing context file: 243552-v2.0.0-mixed
2025-05-29 11:39:35,443 - ForkPoolWorker-9 - INFO - Finished tokenizing 242208-v2.0.0-mixed: 6 centers, 26 frags.
2025-05-29 11:39:35,443 - ForkPoolWorker-9 - INFO - Tokenizing context file: 248293-v2.0.0-mixed
2025-05-29 11:39:35,443 - ForkPoolWorker-3 - INFO - Finished tokenizing 242173-v2.0.0-mixed: 6 centers, 36 frags.
2025-05-29 11:39:35,443 - ForkPoolWorker-3 - INFO - Tokenizing context file: 248045-v2.0.0-mixed
2025-05-29 11:39:35,443 - ForkPoolWorker-12 - INFO - Finished tokenizing 242252-v2.0.0-mixed: 7 centers, 27 frags.
2025-05-29 11:39:35,443 - ForkPoolWorker-11 - INFO - Finished tokenizing 243311-v2.0.0-mixed: 7 centers, 23 frags.
2025-05-29 11:39:35,444 - ForkPoolWorker-12 - INFO - Tokenizing context file: 148820-v1.0.0-bad
2025-05-29 11:39:35,444 - ForkPoolWorker-11 - INFO - Tokenizing context file: 244704-v2.0.0-mixed
2025-05-29 11:39:35,444 - ForkPoolWorker-7 - INFO - Finished tokenizing 242355-v2.0.0-mixed: 4 centers, 18 frags.
2025-05-29 11:39:35,444 - ForkPoolWorker-10 - INFO - Finished tokenizing 242337-v2.0.0-mixed: 26 centers, 40 frags.
2025-05-29 11:39:35,444 - ForkPoolWorker-7 - INFO - Tokenizing context file: 500945-v1.0.0-bad
2025-05-29 11:39:35,444 - ForkPoolWorker-9 - INFO - Finished tokenizing 248293-v2.0.0-mixed: 2 centers, 10 frags.
2025-05-29 11:39:35,444 - ForkPoolWorker-1 - INFO - Finished tokenizing 243552-v2.0.0-mixed: 3 centers, 10 frags.
2025-05-29 11:39:35,444 - ForkPoolWorker-10 - INFO - Tokenizing context file: 241728-v2.0.0-mixed
2025-05-29 11:39:35,444 - ForkPoolWorker-12 - INFO - Finished tokenizing 148820-v1.0.0-bad: 0 centers, 0 frags.
2025-05-29 11:39:35,444 - ForkPoolWorker-9 - INFO - Tokenizing context file: 243451-v2.0.0-mixed
2025-05-29 11:39:35,444 - ForkPoolWorker-12 - INFO - Tokenizing context file: 241706-v2.0.0-mixed
2025-05-29 11:39:35,444 - ForkPoolWorker-8 - INFO - Finished tokenizing 245556-v2.0.0-mixed: 2 centers, 8 frags.
2025-05-29 11:39:35,444 - ForkPoolWorker-3 - INFO - Finished tokenizing 248045-v2.0.0-mixed: 3 centers, 8 frags.
2025-05-29 11:39:35,444 - ForkPoolWorker-5 - INFO - Finished tokenizing 241877-v2.0.0-mixed: 6 centers, 32 frags.
2025-05-29 11:39:35,445 - ForkPoolWorker-8 - INFO - Tokenizing context file: 234436-v2.0.0-mixed
2025-05-29 11:39:35,445 - ForkPoolWorker-3 - INFO - Tokenizing context file: 242592-v2.0.0-mixed
2025-05-29 11:39:35,445 - ForkPoolWorker-4 - INFO - Finished tokenizing 242397-v2.0.0-mixed: 6 centers, 28 frags.
2025-05-29 11:39:35,445 - ForkPoolWorker-1 - INFO - Tokenizing context file: 243317-v2.0.0-mixed
2025-05-29 11:39:35,445 - ForkPoolWorker-5 - INFO - Tokenizing context file: 242624-v2.0.0-mixed
2025-05-29 11:39:35,445 - ForkPoolWorker-7 - INFO - Finished tokenizing 500945-v1.0.0-bad: 1 centers, 2 frags.
2025-05-29 11:39:35,445 - ForkPoolWorker-4 - INFO - Tokenizing context file: 247206-v2.0.0-mixed
2025-05-29 11:39:35,445 - ForkPoolWorker-7 - INFO - Tokenizing context file: 245417-v2.0.0-mixed
2025-05-29 11:39:35,445 - ForkPoolWorker-6 - INFO - Finished tokenizing 243267-v2.0.0-mixed: 26 centers, 42 frags.
2025-05-29 11:39:35,445 - ForkPoolWorker-9 - INFO - Finished tokenizing 243451-v2.0.0-mixed: 2 centers, 6 frags.
2025-05-29 11:39:35,445 - ForkPoolWorker-9 - INFO - Tokenizing context file: 242607-v2.0.0-mixed
2025-05-29 11:39:35,445 - ForkPoolWorker-6 - INFO - Tokenizing context file: 241751-v2.0.0-mixed
2025-05-29 11:39:35,445 - ForkPoolWorker-11 - INFO - Finished tokenizing 244704-v2.0.0-mixed: 1 centers, 5 frags.
2025-05-29 11:39:35,445 - ForkPoolWorker-8 - INFO - Finished tokenizing 234436-v2.0.0-mixed: 1 centers, 3 frags.
2025-05-29 11:39:35,445 - ForkPoolWorker-11 - INFO - Tokenizing context file: 242511-v2.0.0-mixed
2025-05-29 11:39:35,445 - ForkPoolWorker-8 - INFO - Tokenizing context file: 1966-v1.0.0-good
2025-05-29 11:39:35,446 - ForkPoolWorker-4 - INFO - Finished tokenizing 247206-v2.0.0-mixed: 2 centers, 9 frags.
2025-05-29 11:39:35,446 - ForkPoolWorker-1 - INFO - Finished tokenizing 243317-v2.0.0-mixed: 4 centers, 13 frags.
2025-05-29 11:39:35,446 - ForkPoolWorker-4 - INFO - Tokenizing context file: 243220-v2.0.0-mixed
2025-05-29 11:39:35,446 - ForkPoolWorker-2 - INFO - Finished tokenizing 243984-v2.0.0-mixed: 6 centers, 28 frags.
2025-05-29 11:39:35,446 - ForkPoolWorker-1 - INFO - Tokenizing context file: 242302-v2.0.0-mixed
2025-05-29 11:39:35,446 - ForkPoolWorker-12 - INFO - Finished tokenizing 241706-v2.0.0-mixed: 7 centers, 19 frags.
2025-05-29 11:39:35,446 - ForkPoolWorker-12 - INFO - Tokenizing context file: 243160-v2.0.0-mixed
2025-05-29 11:39:35,446 - ForkPoolWorker-2 - INFO - Tokenizing context file: 248105-v2.0.0-mixed
2025-05-29 11:39:35,446 - ForkPoolWorker-9 - INFO - Finished tokenizing 242607-v2.0.0-mixed: 4 centers, 16 frags.
2025-05-29 11:39:35,446 - ForkPoolWorker-7 - INFO - Finished tokenizing 245417-v2.0.0-mixed: 2 centers, 11 frags.
2025-05-29 11:39:35,446 - ForkPoolWorker-9 - INFO - Tokenizing context file: 500932-v1.0.0-bad
2025-05-29 11:39:35,446 - ForkPoolWorker-7 - INFO - Tokenizing context file: 245416-v2.0.0-mixed
2025-05-29 11:39:35,446 - ForkPoolWorker-11 - INFO - Finished tokenizing 242511-v2.0.0-mixed: 4 centers, 16 frags.
2025-05-29 11:39:35,447 - ForkPoolWorker-11 - INFO - Tokenizing context file: 244944-v2.0.0-mixed
2025-05-29 11:39:35,447 - ForkPoolWorker-5 - INFO - Finished tokenizing 242624-v2.0.0-mixed: 6 centers, 22 frags.
2025-05-29 11:39:35,447 - ForkPoolWorker-8 - INFO - Finished tokenizing 1966-v1.0.0-good: 4 centers, 15 frags.
2025-05-29 11:39:35,447 - ForkPoolWorker-3 - INFO - Finished tokenizing 242592-v2.0.0-mixed: 6 centers, 26 frags.
2025-05-29 11:39:35,447 - ForkPoolWorker-4 - INFO - Finished tokenizing 243220-v2.0.0-mixed: 1 centers, 2 frags.
2025-05-29 11:39:35,447 - ForkPoolWorker-5 - INFO - Tokenizing context file: 247874-v2.0.0-mixed
2025-05-29 11:39:35,447 - ForkPoolWorker-4 - INFO - Tokenizing context file: 242477-v2.0.0-mixed
2025-05-29 11:39:35,447 - ForkPoolWorker-8 - INFO - Tokenizing context file: 501033-v1.0.0-bad
2025-05-29 11:39:35,447 - ForkPoolWorker-10 - INFO - Finished tokenizing 241728-v2.0.0-mixed: 6 centers, 26 frags.
2025-05-29 11:39:35,447 - ForkPoolWorker-3 - INFO - Tokenizing context file: 500895-v1.0.0-bad
2025-05-29 11:39:35,447 - ForkPoolWorker-12 - INFO - Finished tokenizing 243160-v2.0.0-mixed: 2 centers, 6 frags.
2025-05-29 11:39:35,447 - ForkPoolWorker-10 - INFO - Tokenizing context file: 242526-v2.0.0-mixed
2025-05-29 11:39:35,447 - ForkPoolWorker-12 - INFO - Tokenizing context file: 242222-v2.0.0-mixed
2025-05-29 11:39:35,447 - ForkPoolWorker-9 - INFO - Finished tokenizing 500932-v1.0.0-bad: 2 centers, 4 frags.
2025-05-29 11:39:35,447 - ForkPoolWorker-9 - INFO - Tokenizing context file: 243255-v2.0.0-mixed
2025-05-29 11:39:35,447 - ForkPoolWorker-1 - INFO - Finished tokenizing 242302-v2.0.0-mixed: 4 centers, 13 frags.
2025-05-29 11:39:35,447 - ForkPoolWorker-11 - INFO - Finished tokenizing 244944-v2.0.0-mixed: 1 centers, 7 frags.
2025-05-29 11:39:35,447 - ForkPoolWorker-8 - INFO - Finished tokenizing 501033-v1.0.0-bad: 0 centers, 0 frags.
2025-05-29 11:39:35,447 - ForkPoolWorker-1 - INFO - Tokenizing context file: 243093-v2.0.0-mixed
2025-05-29 11:39:35,447 - ForkPoolWorker-11 - INFO - Tokenizing context file: 235857-v2.0.0-mixed
2025-05-29 11:39:35,447 - ForkPoolWorker-7 - INFO - Finished tokenizing 245416-v2.0.0-mixed: 1 centers, 7 frags.
2025-05-29 11:39:35,447 - ForkPoolWorker-6 - INFO - Finished tokenizing 241751-v2.0.0-mixed: 2 centers, 9 frags.
2025-05-29 11:39:35,448 - ForkPoolWorker-7 - INFO - Tokenizing context file: 242621-v2.0.0-mixed
2025-05-29 11:39:35,448 - ForkPoolWorker-6 - INFO - Tokenizing context file: 242425-v2.0.0-mixed
2025-05-29 11:39:35,448 - ForkPoolWorker-5 - INFO - Finished tokenizing 247874-v2.0.0-mixed: 2 centers, 10 frags.
2025-05-29 11:39:35,448 - ForkPoolWorker-5 - INFO - Tokenizing context file: 242181-v2.0.0-mixed
2025-05-29 11:39:35,448 - ForkPoolWorker-3 - INFO - Finished tokenizing 500895-v1.0.0-bad: 1 centers, 3 frags.
2025-05-29 11:39:35,448 - ForkPoolWorker-3 - INFO - Tokenizing context file: 243352-v2.0.0-mixed
2025-05-29 11:39:35,448 - ForkPoolWorker-2 - INFO - Finished tokenizing 248105-v2.0.0-mixed: 2 centers, 10 frags.
2025-05-29 11:39:35,448 - ForkPoolWorker-8 - INFO - Tokenizing context file: 242316-v2.0.0-mixed
2025-05-29 11:39:35,448 - ForkPoolWorker-2 - INFO - Tokenizing context file: 240611-v2.0.0-mixed
2025-05-29 11:39:35,448 - ForkPoolWorker-4 - INFO - Finished tokenizing 242477-v2.0.0-mixed: 7 centers, 19 frags.
2025-05-29 11:39:35,448 - ForkPoolWorker-9 - INFO - Finished tokenizing 243255-v2.0.0-mixed: 6 centers, 17 frags.
2025-05-29 11:39:35,448 - ForkPoolWorker-4 - INFO - Tokenizing context file: 242361-v2.0.0-mixed
2025-05-29 11:39:35,448 - ForkPoolWorker-1 - INFO - Finished tokenizing 243093-v2.0.0-mixed: 4 centers, 13 frags.
2025-05-29 11:39:35,449 - ForkPoolWorker-11 - INFO - Finished tokenizing 235857-v2.0.0-mixed: 7 centers, 20 frags.
2025-05-29 11:39:35,449 - ForkPoolWorker-3 - INFO - Finished tokenizing 243352-v2.0.0-mixed: 2 centers, 6 frags.
2025-05-29 11:39:35,449 - ForkPoolWorker-1 - INFO - Tokenizing context file: 247137-v2.0.0-mixed
2025-05-29 11:39:35,449 - ForkPoolWorker-6 - INFO - Finished tokenizing 242425-v2.0.0-mixed: 2 centers, 9 frags.
2025-05-29 11:39:35,449 - ForkPoolWorker-3 - INFO - Tokenizing context file: 234336-v2.0.0-mixed
2025-05-29 11:39:35,449 - ForkPoolWorker-11 - INFO - Tokenizing context file: 247757-v2.0.0-mixed
2025-05-29 11:39:35,449 - ForkPoolWorker-10 - INFO - Finished tokenizing 242526-v2.0.0-mixed: 4 centers, 13 frags.
2025-05-29 11:39:35,449 - ForkPoolWorker-6 - INFO - Tokenizing context file: 1995-v1.0.0-bad
2025-05-29 11:39:35,449 - ForkPoolWorker-10 - INFO - Tokenizing context file: 243338-v2.0.0-mixed
2025-05-29 11:39:35,449 - ForkPoolWorker-7 - INFO - Finished tokenizing 242621-v2.0.0-mixed: 6 centers, 21 frags.
2025-05-29 11:39:35,449 - ForkPoolWorker-4 - INFO - Finished tokenizing 242361-v2.0.0-mixed: 2 centers, 7 frags.
2025-05-29 11:39:35,449 - ForkPoolWorker-12 - INFO - Finished tokenizing 242222-v2.0.0-mixed: 7 centers, 27 frags.
2025-05-29 11:39:35,449 - ForkPoolWorker-7 - INFO - Tokenizing context file: 242475-v2.0.0-mixed
2025-05-29 11:39:35,449 - ForkPoolWorker-4 - INFO - Tokenizing context file: 241871-v2.0.0-mixed
2025-05-29 11:39:35,449 - ForkPoolWorker-1 - INFO - Finished tokenizing 247137-v2.0.0-mixed: 3 centers, 8 frags.
2025-05-29 11:39:35,450 - ForkPoolWorker-1 - INFO - Tokenizing context file: 241742-v2.0.0-mixed
2025-05-29 11:39:35,450 - ForkPoolWorker-12 - INFO - Tokenizing context file: 242294-v2.0.0-mixed
2025-05-29 11:39:35,450 - ForkPoolWorker-10 - INFO - Finished tokenizing 243338-v2.0.0-mixed: 4 centers, 14 frags.
2025-05-29 11:39:35,450 - ForkPoolWorker-8 - INFO - Finished tokenizing 242316-v2.0.0-mixed: 7 centers, 27 frags.
2025-05-29 11:39:35,450 - ForkPoolWorker-3 - INFO - Finished tokenizing 234336-v2.0.0-mixed: 3 centers, 18 frags.
2025-05-29 11:39:35,450 - ForkPoolWorker-9 - INFO - Tokenizing context file: 242049-v2.0.0-mixed
2025-05-29 11:39:35,450 - ForkPoolWorker-5 - INFO - Finished tokenizing 242181-v2.0.0-mixed: 7 centers, 28 frags.
2025-05-29 11:39:35,450 - ForkPoolWorker-10 - INFO - Tokenizing context file: 243147-v2.0.0-mixed
2025-05-29 11:39:35,450 - ForkPoolWorker-3 - INFO - Tokenizing context file: 241731-v2.0.0-mixed
2025-05-29 11:39:35,450 - ForkPoolWorker-5 - INFO - Tokenizing context file: 500956-v1.0.0-bad
2025-05-29 11:39:35,451 - ForkPoolWorker-6 - INFO - Finished tokenizing 1995-v1.0.0-bad: 2 centers, 7 frags.
2025-05-29 11:39:35,451 - ForkPoolWorker-4 - INFO - Finished tokenizing 241871-v2.0.0-mixed: 4 centers, 16 frags.
2025-05-29 11:39:35,451 - ForkPoolWorker-6 - INFO - Tokenizing context file: 247305-v2.0.0-mixed
2025-05-29 11:39:35,451 - ForkPoolWorker-4 - INFO - Tokenizing context file: 242169-v2.0.0-mixed
2025-05-29 11:39:35,451 - ForkPoolWorker-5 - INFO - Finished tokenizing 500956-v1.0.0-bad: 1 centers, 4 frags.
2025-05-29 11:39:35,451 - ForkPoolWorker-2 - INFO - Finished tokenizing 240611-v2.0.0-mixed: 4 centers, 21 frags.
2025-05-29 11:39:35,451 - ForkPoolWorker-7 - INFO - Finished tokenizing 242475-v2.0.0-mixed: 7 centers, 25 frags.
2025-05-29 11:39:35,451 - ForkPoolWorker-5 - INFO - Tokenizing context file: 247446-v2.0.0-mixed
2025-05-29 11:39:35,451 - ForkPoolWorker-11 - INFO - Finished tokenizing 247757-v2.0.0-mixed: 5 centers, 17 frags.
2025-05-29 11:39:35,451 - ForkPoolWorker-2 - INFO - Tokenizing context file: 243152-v2.0.0-mixed
2025-05-29 11:39:35,451 - ForkPoolWorker-11 - INFO - Tokenizing context file: 243592-v2.0.0-mixed
2025-05-29 11:39:35,451 - ForkPoolWorker-3 - INFO - Finished tokenizing 241731-v2.0.0-mixed: 4 centers, 15 frags.
2025-05-29 11:39:35,451 - ForkPoolWorker-8 - INFO - Tokenizing context file: 246545-v2.0.0-mixed
2025-05-29 11:39:35,451 - ForkPoolWorker-4 - INFO - Finished tokenizing 242169-v2.0.0-mixed: 2 centers, 7 frags.
2025-05-29 11:39:35,452 - ForkPoolWorker-4 - INFO - Tokenizing context file: 500883-v1.0.0-bad
2025-05-29 11:39:35,452 - ForkPoolWorker-1 - INFO - Finished tokenizing 241742-v2.0.0-mixed: 7 centers, 27 frags.
2025-05-29 11:39:35,452 - ForkPoolWorker-10 - INFO - Finished tokenizing 243147-v2.0.0-mixed: 4 centers, 17 frags.
2025-05-29 11:39:35,452 - ForkPoolWorker-3 - INFO - Tokenizing context file: 235703-v2.0.0-mixed
2025-05-29 11:39:35,452 - ForkPoolWorker-1 - INFO - Tokenizing context file: 235448-v2.0.0-mixed
2025-05-29 11:39:35,452 - ForkPoolWorker-10 - INFO - Tokenizing context file: 242716-v2.0.0-mixed
2025-05-29 11:39:35,452 - ForkPoolWorker-12 - INFO - Finished tokenizing 242294-v2.0.0-mixed: 2 centers, 9 frags.
2025-05-29 11:39:35,452 - ForkPoolWorker-12 - INFO - Tokenizing context file: 244469-v2.0.0-mixed
2025-05-29 11:39:35,452 - ForkPoolWorker-5 - INFO - Finished tokenizing 247446-v2.0.0-mixed: 2 centers, 8 frags.
2025-05-29 11:39:35,452 - ForkPoolWorker-4 - INFO - Finished tokenizing 500883-v1.0.0-bad: 1 centers, 1 frags.
2025-05-29 11:39:35,452 - ForkPoolWorker-6 - INFO - Finished tokenizing 247305-v2.0.0-mixed: 2 centers, 10 frags.
2025-05-29 11:39:35,452 - ForkPoolWorker-4 - INFO - Tokenizing context file: 242078-v2.0.0-mixed
2025-05-29 11:39:35,452 - ForkPoolWorker-7 - INFO - Tokenizing context file: 500775-v1.0.0-bad
2025-05-29 11:39:35,452 - ForkPoolWorker-6 - INFO - Tokenizing context file: 242066-v2.0.0-mixed
2025-05-29 11:39:35,452 - ForkPoolWorker-8 - INFO - Finished tokenizing 246545-v2.0.0-mixed: 2 centers, 8 frags.
2025-05-29 11:39:35,452 - ForkPoolWorker-5 - INFO - Tokenizing context file: 246121-v2.0.0-mixed
2025-05-29 11:39:35,452 - ForkPoolWorker-8 - INFO - Tokenizing context file: 243041-v2.0.0-mixed
2025-05-29 11:39:35,453 - ForkPoolWorker-11 - INFO - Finished tokenizing 243592-v2.0.0-mixed: 3 centers, 10 frags.
2025-05-29 11:39:35,453 - ForkPoolWorker-11 - INFO - Tokenizing context file: 243322-v2.0.0-mixed
2025-05-29 11:39:35,453 - ForkPoolWorker-9 - INFO - Finished tokenizing 242049-v2.0.0-mixed: 26 centers, 40 frags.
2025-05-29 11:39:35,453 - ForkPoolWorker-1 - INFO - Finished tokenizing 235448-v2.0.0-mixed: 3 centers, 13 frags.
2025-05-29 11:39:35,453 - ForkPoolWorker-2 - INFO - Finished tokenizing 243152-v2.0.0-mixed: 7 centers, 24 frags.
2025-05-29 11:39:35,453 - ForkPoolWorker-9 - INFO - Tokenizing context file: 243224-v2.0.0-mixed
2025-05-29 11:39:35,453 - ForkPoolWorker-1 - INFO - Tokenizing context file: 242315-v2.0.0-mixed
2025-05-29 11:39:35,453 - ForkPoolWorker-2 - INFO - Tokenizing context file: 239940-v2.0.0-mixed
2025-05-29 11:39:35,453 - ForkPoolWorker-6 - INFO - Finished tokenizing 242066-v2.0.0-mixed: 1 centers, 2 frags.
2025-05-29 11:39:35,453 - ForkPoolWorker-10 - INFO - Finished tokenizing 242716-v2.0.0-mixed: 6 centers, 20 frags.
2025-05-29 11:39:35,453 - ForkPoolWorker-6 - INFO - Tokenizing context file: 243116-v2.0.0-mixed
2025-05-29 11:39:35,453 - ForkPoolWorker-7 - INFO - Finished tokenizing 500775-v1.0.0-bad: 1 centers, 5 frags.
2025-05-29 11:39:35,453 - ForkPoolWorker-10 - INFO - Tokenizing context file: 243278-v2.0.0-mixed
2025-05-29 11:39:35,453 - ForkPoolWorker-7 - INFO - Tokenizing context file: 234662-v2.0.0-mixed
2025-05-29 11:39:35,453 - ForkPoolWorker-12 - INFO - Finished tokenizing 244469-v2.0.0-mixed: 2 centers, 11 frags.
2025-05-29 11:39:35,453 - ForkPoolWorker-5 - INFO - Finished tokenizing 246121-v2.0.0-mixed: 3 centers, 8 frags.
2025-05-29 11:39:35,454 - ForkPoolWorker-11 - INFO - Finished tokenizing 243322-v2.0.0-mixed: 2 centers, 6 frags.
2025-05-29 11:39:35,454 - ForkPoolWorker-5 - INFO - Tokenizing context file: 242893-v2.0.0-mixed
2025-05-29 11:39:35,454 - ForkPoolWorker-9 - INFO - Finished tokenizing 243224-v2.0.0-mixed: 2 centers, 6 frags.
2025-05-29 11:39:35,454 - ForkPoolWorker-11 - INFO - Tokenizing context file: 238945-v2.0.0-mixed
2025-05-29 11:39:35,454 - ForkPoolWorker-12 - INFO - Tokenizing context file: 247469-v2.0.0-mixed
2025-05-29 11:39:35,454 - ForkPoolWorker-9 - INFO - Tokenizing context file: 242933-v2.0.0-mixed
2025-05-29 11:39:35,454 - ForkPoolWorker-3 - INFO - Finished tokenizing 235703-v2.0.0-mixed: 3 centers, 15 frags.
2025-05-29 11:39:35,454 - ForkPoolWorker-4 - INFO - Finished tokenizing 242078-v2.0.0-mixed: 4 centers, 19 frags.
2025-05-29 11:39:35,454 - ForkPoolWorker-7 - INFO - Finished tokenizing 234662-v2.0.0-mixed: 5 centers, 12 frags.
2025-05-29 11:39:35,454 - ForkPoolWorker-3 - INFO - Tokenizing context file: 242559-v2.0.0-mixed
2025-05-29 11:39:35,454 - ForkPoolWorker-7 - INFO - Tokenizing context file: 243290-v2.0.0-mixed
2025-05-29 11:39:35,454 - ForkPoolWorker-4 - INFO - Tokenizing context file: 500781-v1.0.0-bad
2025-05-29 11:39:35,455 - ForkPoolWorker-2 - INFO - Finished tokenizing 239940-v2.0.0-mixed: 4 centers, 14 frags.
2025-05-29 11:39:35,455 - ForkPoolWorker-6 - INFO - Finished tokenizing 243116-v2.0.0-mixed: 7 centers, 19 frags.
2025-05-29 11:39:35,455 - ForkPoolWorker-2 - INFO - Tokenizing context file: 242091-v2.0.0-mixed
2025-05-29 11:39:35,455 - ForkPoolWorker-6 - INFO - Tokenizing context file: 246408-v2.0.0-mixed
2025-05-29 11:39:35,455 - ForkPoolWorker-12 - INFO - Finished tokenizing 247469-v2.0.0-mixed: 3 centers, 8 frags.
2025-05-29 11:39:35,455 - ForkPoolWorker-11 - INFO - Finished tokenizing 238945-v2.0.0-mixed: 5 centers, 12 frags.
2025-05-29 11:39:35,455 - ForkPoolWorker-1 - INFO - Finished tokenizing 242315-v2.0.0-mixed: 7 centers, 25 frags.
2025-05-29 11:39:35,455 - ForkPoolWorker-12 - INFO - Tokenizing context file: 245789-v2.0.0-mixed
2025-05-29 11:39:35,455 - ForkPoolWorker-7 - INFO - Finished tokenizing 243290-v2.0.0-mixed: 2 centers, 6 frags.
2025-05-29 11:39:35,455 - ForkPoolWorker-4 - INFO - Finished tokenizing 500781-v1.0.0-bad: 1 centers, 4 frags.
2025-05-29 11:39:35,455 - ForkPoolWorker-11 - INFO - Tokenizing context file: 501036-v1.0.0-bad
2025-05-29 11:39:35,455 - ForkPoolWorker-7 - INFO - Tokenizing context file: 242645-v2.0.0-mixed
2025-05-29 11:39:35,455 - ForkPoolWorker-4 - INFO - Tokenizing context file: 234596-v2.0.0-mixed
2025-05-29 11:39:35,455 - ForkPoolWorker-5 - INFO - Finished tokenizing 242893-v2.0.0-mixed: 7 centers, 21 frags.
2025-05-29 11:39:35,456 - ForkPoolWorker-11 - INFO - Finished tokenizing 501036-v1.0.0-bad: 1 centers, 3 frags.
2025-05-29 11:39:35,456 - ForkPoolWorker-5 - INFO - Tokenizing context file: 244969-v2.0.0-mixed
2025-05-29 11:39:35,456 - ForkPoolWorker-11 - INFO - Tokenizing context file: 247909-v2.0.0-mixed
2025-05-29 11:39:35,456 - ForkPoolWorker-6 - INFO - Finished tokenizing 246408-v2.0.0-mixed: 1 centers, 7 frags.
2025-05-29 11:39:35,456 - ForkPoolWorker-9 - INFO - Finished tokenizing 242933-v2.0.0-mixed: 6 centers, 32 frags.
2025-05-29 11:39:35,456 - ForkPoolWorker-8 - INFO - Finished tokenizing 243041-v2.0.0-mixed: 26 centers, 40 frags.
2025-05-29 11:39:35,456 - ForkPoolWorker-12 - INFO - Finished tokenizing 245789-v2.0.0-mixed: 2 centers, 11 frags.
2025-05-29 11:39:35,456 - ForkPoolWorker-9 - INFO - Tokenizing context file: 241890-v2.0.0-mixed
2025-05-29 11:39:35,456 - ForkPoolWorker-8 - INFO - Tokenizing context file: 247730-v2.0.0-mixed
2025-05-29 11:39:35,456 - ForkPoolWorker-10 - INFO - Finished tokenizing 243278-v2.0.0-mixed: 7 centers, 26 frags.
2025-05-29 11:39:35,456 - ForkPoolWorker-6 - INFO - Tokenizing context file: 239514-v2.0.0-mixed
2025-05-29 11:39:35,456 - ForkPoolWorker-12 - INFO - Tokenizing context file: 244837-v2.0.0-mixed
2025-05-29 11:39:35,456 - ForkPoolWorker-2 - INFO - Finished tokenizing 242091-v2.0.0-mixed: 7 centers, 25 frags.
2025-05-29 11:39:35,456 - ForkPoolWorker-10 - INFO - Tokenizing context file: 246361-v2.0.0-mixed
2025-05-29 11:39:35,457 - ForkPoolWorker-2 - INFO - Tokenizing context file: 235339-v2.0.0-mixed
2025-05-29 11:39:35,457 - ForkPoolWorker-11 - INFO - Finished tokenizing 247909-v2.0.0-mixed: 3 centers, 9 frags.
2025-05-29 11:39:35,457 - ForkPoolWorker-3 - INFO - Finished tokenizing 242559-v2.0.0-mixed: 6 centers, 35 frags.
2025-05-29 11:39:35,457 - ForkPoolWorker-11 - INFO - Tokenizing context file: 242051-v2.0.0-mixed
2025-05-29 11:39:35,457 - ForkPoolWorker-6 - INFO - Finished tokenizing 239514-v2.0.0-mixed: 0 centers, 0 frags.
2025-05-29 11:39:35,457 - ForkPoolWorker-12 - INFO - Finished tokenizing 244837-v2.0.0-mixed: 3 centers, 8 frags.
2025-05-29 11:39:35,457 - ForkPoolWorker-3 - INFO - Tokenizing context file: 235062-v2.0.0-mixed
2025-05-29 11:39:35,457 - ForkPoolWorker-6 - INFO - Tokenizing context file: 246437-v2.0.0-mixed
2025-05-29 11:39:35,457 - ForkPoolWorker-12 - INFO - Tokenizing context file: 247064-v2.0.0-mixed
2025-05-29 11:39:35,457 - ForkPoolWorker-5 - INFO - Finished tokenizing 244969-v2.0.0-mixed: 3 centers, 8 frags.
2025-05-29 11:39:35,458 - ForkPoolWorker-9 - INFO - Finished tokenizing 241890-v2.0.0-mixed: 10 centers, 19 frags.
2025-05-29 11:39:35,458 - ForkPoolWorker-5 - INFO - Tokenizing context file: 245829-v2.0.0-mixed
2025-05-29 11:39:35,458 - ForkPoolWorker-9 - INFO - Tokenizing context file: 233705-v2.0.0-mixed
2025-05-29 11:39:35,458 - ForkPoolWorker-2 - INFO - Finished tokenizing 235339-v2.0.0-mixed: 3 centers, 15 frags.
2025-05-29 11:39:35,458 - ForkPoolWorker-4 - INFO - Finished tokenizing 234596-v2.0.0-mixed: 5 centers, 19 frags.
2025-05-29 11:39:35,458 - ForkPoolWorker-10 - INFO - Finished tokenizing 246361-v2.0.0-mixed: 3 centers, 8 frags.
2025-05-29 11:39:35,458 - ForkPoolWorker-2 - INFO - Tokenizing context file: 240577-v2.0.0-mixed
2025-05-29 11:39:35,458 - ForkPoolWorker-3 - INFO - Finished tokenizing 235062-v2.0.0-mixed: 3 centers, 10 frags.
2025-05-29 11:39:35,458 - ForkPoolWorker-11 - INFO - Finished tokenizing 242051-v2.0.0-mixed: 4 centers, 15 frags.
2025-05-29 11:39:35,458 - ForkPoolWorker-10 - INFO - Tokenizing context file: 242550-v2.0.0-mixed
2025-05-29 11:39:35,458 - ForkPoolWorker-7 - INFO - Finished tokenizing 242645-v2.0.0-mixed: 6 centers, 32 frags.
2025-05-29 11:39:35,458 - ForkPoolWorker-3 - INFO - Tokenizing context file: 243108-v2.0.0-mixed
2025-05-29 11:39:35,458 - ForkPoolWorker-12 - INFO - Finished tokenizing 247064-v2.0.0-mixed: 1 centers, 5 frags.
2025-05-29 11:39:35,458 - ForkPoolWorker-4 - INFO - Tokenizing context file: 500964-v1.0.0-bad
2025-05-29 11:39:35,458 - ForkPoolWorker-11 - INFO - Tokenizing context file: 241414-v2.0.0-mixed
2025-05-29 11:39:35,458 - ForkPoolWorker-8 - INFO - Finished tokenizing 247730-v2.0.0-mixed: 2 centers, 9 frags.
2025-05-29 11:39:35,458 - ForkPoolWorker-7 - INFO - Tokenizing context file: 243971-v2.0.0-mixed
2025-05-29 11:39:35,458 - ForkPoolWorker-5 - INFO - Finished tokenizing 245829-v2.0.0-mixed: 3 centers, 8 frags.
2025-05-29 11:39:35,459 - ForkPoolWorker-1 - INFO - Tokenizing context file: 243385-v2.0.0-mixed
2025-05-29 11:39:35,459 - ForkPoolWorker-5 - INFO - Tokenizing context file: 241754-v2.0.0-mixed
2025-05-29 11:39:35,459 - ForkPoolWorker-12 - INFO - Tokenizing context file: 242776-v2.0.0-mixed
2025-05-29 11:39:35,459 - ForkPoolWorker-8 - INFO - Tokenizing context file: 238753-v2.0.0-mixed
2025-05-29 11:39:35,459 - ForkPoolWorker-6 - INFO - Finished tokenizing 246437-v2.0.0-mixed: 6 centers, 18 frags.
2025-05-29 11:39:35,459 - ForkPoolWorker-4 - INFO - Finished tokenizing 500964-v1.0.0-bad: 1 centers, 1 frags.
2025-05-29 11:39:35,459 - ForkPoolWorker-6 - INFO - Tokenizing context file: 242564-v2.0.0-mixed
2025-05-29 11:39:35,459 - ForkPoolWorker-4 - INFO - Tokenizing context file: 242076-v2.0.0-mixed
2025-05-29 11:39:35,459 - ForkPoolWorker-2 - INFO - Finished tokenizing 240577-v2.0.0-mixed: 5 centers, 11 frags.
2025-05-29 11:39:35,459 - ForkPoolWorker-9 - INFO - Finished tokenizing 233705-v2.0.0-mixed: 1 centers, 6 frags.
2025-05-29 11:39:35,459 - ForkPoolWorker-2 - INFO - Tokenizing context file: 238982-v2.0.0-mixed
2025-05-29 11:39:35,459 - ForkPoolWorker-9 - INFO - Tokenizing context file: 243355-v2.0.0-mixed
2025-05-29 11:39:35,459 - ForkPoolWorker-1 - INFO - Finished tokenizing 243385-v2.0.0-mixed: 2 centers, 6 frags.
2025-05-29 11:39:35,459 - ForkPoolWorker-12 - INFO - Finished tokenizing 242776-v2.0.0-mixed: 2 centers, 9 frags.
2025-05-29 11:39:35,460 - ForkPoolWorker-10 - INFO - Finished tokenizing 242550-v2.0.0-mixed: 2 centers, 20 frags.
2025-05-29 11:39:35,460 - ForkPoolWorker-1 - INFO - Tokenizing context file: 239642-v2.0.0-mixed
2025-05-29 11:39:35,460 - ForkPoolWorker-12 - INFO - Tokenizing context file: 242638-v2.0.0-mixed
2025-05-29 11:39:35,460 - ForkPoolWorker-10 - INFO - Tokenizing context file: 235372-v2.0.0-mixed
2025-05-29 11:39:35,460 - ForkPoolWorker-8 - INFO - Finished tokenizing 238753-v2.0.0-mixed: 2 centers, 7 frags.
2025-05-29 11:39:35,460 - ForkPoolWorker-7 - INFO - Finished tokenizing 243971-v2.0.0-mixed: 4 centers, 15 frags.
2025-05-29 11:39:35,460 - ForkPoolWorker-8 - INFO - Tokenizing context file: 242493-v2.0.0-mixed
2025-05-29 11:39:35,460 - ForkPoolWorker-7 - INFO - Tokenizing context file: 243218-v2.0.0-mixed
2025-05-29 11:39:35,460 - ForkPoolWorker-9 - INFO - Finished tokenizing 243355-v2.0.0-mixed: 2 centers, 6 frags.
2025-05-29 11:39:35,460 - ForkPoolWorker-3 - INFO - Finished tokenizing 243108-v2.0.0-mixed: 10 centers, 22 frags.
2025-05-29 11:39:35,460 - ForkPoolWorker-3 - INFO - Tokenizing context file: 245414-v2.0.0-mixed
2025-05-29 11:39:35,460 - ForkPoolWorker-9 - INFO - Tokenizing context file: 242441-v2.0.0-mixed
2025-05-29 11:39:35,460 - ForkPoolWorker-5 - INFO - Finished tokenizing 241754-v2.0.0-mixed: 6 centers, 21 frags.
2025-05-29 11:39:35,460 - ForkPoolWorker-10 - INFO - Finished tokenizing 235372-v2.0.0-mixed: 1 centers, 5 frags.
2025-05-29 11:39:35,460 - ForkPoolWorker-6 - INFO - Finished tokenizing 242564-v2.0.0-mixed: 5 centers, 17 frags.
2025-05-29 11:39:35,461 - ForkPoolWorker-1 - INFO - Finished tokenizing 239642-v2.0.0-mixed: 0 centers, 0 frags.
2025-05-29 11:39:35,461 - ForkPoolWorker-4 - INFO - Finished tokenizing 242076-v2.0.0-mixed: 6 centers, 22 frags.
2025-05-29 11:39:35,461 - ForkPoolWorker-5 - INFO - Tokenizing context file: 239444-v2.0.0-mixed
2025-05-29 11:39:35,461 - ForkPoolWorker-11 - INFO - Finished tokenizing 241414-v2.0.0-mixed: 3 centers, 7 frags.
2025-05-29 11:39:35,461 - ForkPoolWorker-10 - INFO - Tokenizing context file: 241943-v2.0.0-mixed
2025-05-29 11:39:35,461 - ForkPoolWorker-2 - INFO - Finished tokenizing 238982-v2.0.0-mixed: 4 centers, 27 frags.
2025-05-29 11:39:35,461 - ForkPoolWorker-1 - INFO - Tokenizing context file: 242274-v2.0.0-mixed
2025-05-29 11:39:35,461 - ForkPoolWorker-6 - INFO - Tokenizing context file: 500859-v1.0.0-bad
2025-05-29 11:39:35,461 - ForkPoolWorker-4 - INFO - Tokenizing context file: 234832-v2.0.0-mixed
2025-05-29 11:39:35,461 - ForkPoolWorker-2 - INFO - Tokenizing context file: 241866-v2.0.0-mixed
2025-05-29 11:39:35,461 - ForkPoolWorker-9 - INFO - Finished tokenizing 242441-v2.0.0-mixed: 4 centers, 13 frags.
2025-05-29 11:39:35,461 - ForkPoolWorker-3 - INFO - Finished tokenizing 245414-v2.0.0-mixed: 2 centers, 11 frags.
2025-05-29 11:39:35,461 - ForkPoolWorker-12 - INFO - Finished tokenizing 242638-v2.0.0-mixed: 7 centers, 27 frags.
2025-05-29 11:39:35,461 - ForkPoolWorker-9 - INFO - Tokenizing context file: 247333-v2.0.0-mixed
2025-05-29 11:39:35,461 - ForkPoolWorker-3 - INFO - Tokenizing context file: 234169-v2.0.0-mixed
2025-05-29 11:39:35,461 - ForkPoolWorker-6 - INFO - Finished tokenizing 500859-v1.0.0-bad: 2 centers, 5 frags.
2025-05-29 11:39:35,462 - ForkPoolWorker-12 - INFO - Tokenizing context file: 245393-v2.0.0-mixed
2025-05-29 11:39:35,462 - ForkPoolWorker-10 - INFO - Finished tokenizing 241943-v2.0.0-mixed: 2 centers, 9 frags.
2025-05-29 11:39:35,462 - ForkPoolWorker-8 - INFO - Finished tokenizing 242493-v2.0.0-mixed: 6 centers, 28 frags.
2025-05-29 11:39:35,462 - ForkPoolWorker-4 - INFO - Finished tokenizing 234832-v2.0.0-mixed: 1 centers, 4 frags.
2025-05-29 11:39:35,462 - ForkPoolWorker-11 - INFO - Tokenizing context file: 234666-v2.0.0-mixed
2025-05-29 11:39:35,462 - ForkPoolWorker-6 - INFO - Tokenizing context file: 248296-v2.0.0-mixed
2025-05-29 11:39:35,462 - ForkPoolWorker-8 - INFO - Tokenizing context file: 235025-v2.0.0-mixed
2025-05-29 11:39:35,462 - ForkPoolWorker-10 - INFO - Tokenizing context file: 242450-v2.0.0-mixed
2025-05-29 11:39:35,462 - ForkPoolWorker-4 - INFO - Tokenizing context file: 245367-v2.0.0-mixed
2025-05-29 11:39:35,462 - ForkPoolWorker-3 - INFO - Finished tokenizing 234169-v2.0.0-mixed: 1 centers, 2 frags.
2025-05-29 11:39:35,462 - ForkPoolWorker-5 - INFO - Finished tokenizing 239444-v2.0.0-mixed: 7 centers, 21 frags.
2025-05-29 11:39:35,462 - ForkPoolWorker-3 - INFO - Tokenizing context file: 500777-v1.0.0-bad
2025-05-29 11:39:35,462 - ForkPoolWorker-5 - INFO - Tokenizing context file: 247252-v2.0.0-mixed
2025-05-29 11:39:35,462 - ForkPoolWorker-10 - INFO - Finished tokenizing 242450-v2.0.0-mixed: 1 centers, 2 frags.
2025-05-29 11:39:35,462 - ForkPoolWorker-1 - INFO - Finished tokenizing 242274-v2.0.0-mixed: 10 centers, 19 frags.
2025-05-29 11:39:35,462 - ForkPoolWorker-10 - INFO - Tokenizing context file: 501010-v1.0.0-bad
2025-05-29 11:39:35,462 - ForkPoolWorker-12 - INFO - Finished tokenizing 245393-v2.0.0-mixed: 3 centers, 8 frags.
2025-05-29 11:39:35,462 - ForkPoolWorker-1 - INFO - Tokenizing context file: 242779-v2.0.0-mixed
2025-05-29 11:39:35,462 - ForkPoolWorker-7 - INFO - Finished tokenizing 243218-v2.0.0-mixed: 4 centers, 14 frags.
2025-05-29 11:39:35,462 - ForkPoolWorker-12 - INFO - Tokenizing context file: 239206-v2.0.0-mixed
2025-05-29 11:39:35,463 - ForkPoolWorker-7 - INFO - Tokenizing context file: 238919-v2.0.0-mixed
2025-05-29 11:39:35,463 - ForkPoolWorker-6 - INFO - Finished tokenizing 248296-v2.0.0-mixed: 1 centers, 7 frags.
2025-05-29 11:39:35,463 - ForkPoolWorker-4 - INFO - Finished tokenizing 245367-v2.0.0-mixed: 1 centers, 5 frags.
2025-05-29 11:39:35,463 - ForkPoolWorker-6 - INFO - Tokenizing context file: 241924-v2.0.0-mixed
2025-05-29 11:39:35,463 - ForkPoolWorker-4 - INFO - Tokenizing context file: 243245-v2.0.0-mixed
2025-05-29 11:39:35,463 - ForkPoolWorker-3 - INFO - Finished tokenizing 500777-v1.0.0-bad: 1 centers, 4 frags.
2025-05-29 11:39:35,463 - ForkPoolWorker-2 - INFO - Finished tokenizing 241866-v2.0.0-mixed: 7 centers, 19 frags.
2025-05-29 11:39:35,463 - ForkPoolWorker-9 - INFO - Finished tokenizing 247333-v2.0.0-mixed: 5 centers, 18 frags.
2025-05-29 11:39:35,463 - ForkPoolWorker-3 - INFO - Tokenizing context file: 242123-v2.0.0-mixed
2025-05-29 11:39:35,463 - ForkPoolWorker-11 - INFO - Finished tokenizing 234666-v2.0.0-mixed: 3 centers, 10 frags.
2025-05-29 11:39:35,463 - ForkPoolWorker-8 - INFO - Finished tokenizing 235025-v2.0.0-mixed: 5 centers, 20 frags.
2025-05-29 11:39:35,463 - ForkPoolWorker-10 - INFO - Finished tokenizing 501010-v1.0.0-bad: 1 centers, 4 frags.
2025-05-29 11:39:35,463 - ForkPoolWorker-2 - INFO - Tokenizing context file: 242143-v2.0.0-mixed
2025-05-29 11:39:35,463 - ForkPoolWorker-9 - INFO - Tokenizing context file: 243459-v2.0.0-mixed
2025-05-29 11:39:35,463 - ForkPoolWorker-10 - INFO - Tokenizing context file: 243086-v2.0.0-mixed
2025-05-29 11:39:35,463 - ForkPoolWorker-8 - INFO - Tokenizing context file: 242828-v2.0.0-mixed
2025-05-29 11:39:35,463 - ForkPoolWorker-11 - INFO - Tokenizing context file: 245888-v2.0.0-mixed
2025-05-29 11:39:35,463 - ForkPoolWorker-12 - INFO - Finished tokenizing 239206-v2.0.0-mixed: 2 centers, 7 frags.
2025-05-29 11:39:35,463 - ForkPoolWorker-7 - INFO - Finished tokenizing 238919-v2.0.0-mixed: 2 centers, 7 frags.
2025-05-29 11:39:35,463 - ForkPoolWorker-12 - INFO - Tokenizing context file: 501043-v1.0.0-bad
2025-05-29 11:39:35,463 - ForkPoolWorker-7 - INFO - Tokenizing context file: 245038-v2.0.0-mixed
2025-05-29 11:39:35,464 - ForkPoolWorker-12 - INFO - Finished tokenizing 501043-v1.0.0-bad: 1 centers, 4 frags.
2025-05-29 11:39:35,464 - ForkPoolWorker-12 - INFO - Tokenizing context file: 243321-v2.0.0-mixed
2025-05-29 11:39:35,464 - ForkPoolWorker-7 - INFO - Finished tokenizing 245038-v2.0.0-mixed: 2 centers, 10 frags.
2025-05-29 11:39:35,465 - ForkPoolWorker-7 - INFO - Tokenizing context file: 242108-v2.0.0-mixed
2025-05-29 11:39:35,465 - ForkPoolWorker-8 - INFO - Finished tokenizing 242828-v2.0.0-mixed: 7 centers, 27 frags.
2025-05-29 11:39:35,465 - ForkPoolWorker-4 - INFO - Finished tokenizing 243245-v2.0.0-mixed: 7 centers, 27 frags.
2025-05-29 11:39:35,465 - ForkPoolWorker-1 - INFO - Finished tokenizing 242779-v2.0.0-mixed: 6 centers, 24 frags.
2025-05-29 11:39:35,465 - ForkPoolWorker-8 - INFO - Tokenizing context file: 235912-v2.0.0-mixed
2025-05-29 11:39:35,465 - ForkPoolWorker-4 - INFO - Tokenizing context file: 243807-v2.0.0-mixed
2025-05-29 11:39:35,465 - ForkPoolWorker-3 - INFO - Finished tokenizing 242123-v2.0.0-mixed: 7 centers, 25 frags.
2025-05-29 11:39:35,465 - ForkPoolWorker-6 - INFO - Finished tokenizing 241924-v2.0.0-mixed: 5 centers, 21 frags.
2025-05-29 11:39:35,465 - ForkPoolWorker-1 - INFO - Tokenizing context file: 244798-v2.0.0-mixed
2025-05-29 11:39:35,465 - ForkPoolWorker-5 - INFO - Finished tokenizing 247252-v2.0.0-mixed: 2 centers, 9 frags.
2025-05-29 11:39:35,465 - ForkPoolWorker-2 - INFO - Finished tokenizing 242143-v2.0.0-mixed: 6 centers, 22 frags.
2025-05-29 11:39:35,465 - ForkPoolWorker-6 - INFO - Tokenizing context file: 241615-v2.0.0-mixed
2025-05-29 11:39:35,465 - ForkPoolWorker-12 - INFO - Finished tokenizing 243321-v2.0.0-mixed: 2 centers, 6 frags.
2025-05-29 11:39:35,465 - ForkPoolWorker-5 - INFO - Tokenizing context file: 241919-v2.0.0-mixed
2025-05-29 11:39:35,465 - ForkPoolWorker-3 - INFO - Tokenizing context file: 247826-v2.0.0-mixed
2025-05-29 11:39:35,465 - ForkPoolWorker-12 - INFO - Tokenizing context file: 500851-v1.0.0-bad
2025-05-29 11:39:35,465 - ForkPoolWorker-2 - INFO - Tokenizing context file: 242711-v2.0.0-mixed
2025-05-29 11:39:35,466 - ForkPoolWorker-1 - INFO - Finished tokenizing 244798-v2.0.0-mixed: 2 centers, 11 frags.
2025-05-29 11:39:35,466 - ForkPoolWorker-11 - INFO - Finished tokenizing 245888-v2.0.0-mixed: 1 centers, 5 frags.
2025-05-29 11:39:35,466 - ForkPoolWorker-1 - INFO - Tokenizing context file: 242336-v2.0.0-mixed
2025-05-29 11:39:35,466 - ForkPoolWorker-4 - INFO - Finished tokenizing 243807-v2.0.0-mixed: 3 centers, 10 frags.
2025-05-29 11:39:35,466 - ForkPoolWorker-8 - INFO - Finished tokenizing 235912-v2.0.0-mixed: 3 centers, 13 frags.
2025-05-29 11:39:35,466 - ForkPoolWorker-12 - INFO - Finished tokenizing 500851-v1.0.0-bad: 1 centers, 3 frags.
2025-05-29 11:39:35,466 - ForkPoolWorker-11 - INFO - Tokenizing context file: 240518-v2.0.0-mixed
2025-05-29 11:39:35,466 - ForkPoolWorker-4 - INFO - Tokenizing context file: 242304-v2.0.0-mixed
2025-05-29 11:39:35,466 - ForkPoolWorker-12 - INFO - Tokenizing context file: 242601-v2.0.0-mixed
2025-05-29 11:39:35,466 - ForkPoolWorker-8 - INFO - Tokenizing context file: 246773-v2.0.0-mixed
2025-05-29 11:39:35,466 - ForkPoolWorker-2 - INFO - Finished tokenizing 242711-v2.0.0-mixed: 2 centers, 9 frags.
2025-05-29 11:39:35,466 - ForkPoolWorker-6 - INFO - Finished tokenizing 241615-v2.0.0-mixed: 2 centers, 8 frags.
2025-05-29 11:39:35,466 - ForkPoolWorker-7 - INFO - Finished tokenizing 242108-v2.0.0-mixed: 6 centers, 24 frags.
2025-05-29 11:39:35,466 - ForkPoolWorker-3 - INFO - Finished tokenizing 247826-v2.0.0-mixed: 2 centers, 10 frags.
2025-05-29 11:39:35,467 - ForkPoolWorker-9 - INFO - Finished tokenizing 243459-v2.0.0-mixed: 26 centers, 42 frags.
2025-05-29 11:39:35,467 - ForkPoolWorker-11 - INFO - Finished tokenizing 240518-v2.0.0-mixed: 4 centers, 11 frags.
2025-05-29 11:39:35,467 - ForkPoolWorker-8 - INFO - Finished tokenizing 246773-v2.0.0-mixed: 3 centers, 8 frags.
2025-05-29 11:39:35,467 - ForkPoolWorker-12 - INFO - Finished tokenizing 242601-v2.0.0-mixed: 4 centers, 13 frags.
2025-05-29 11:39:35,467 - ForkPoolWorker-5 - INFO - Finished tokenizing 241919-v2.0.0-mixed: 6 centers, 26 frags.
2025-05-29 11:39:35,467 - ForkPoolWorker-2 - INFO - Tokenizing context file: 242944-v2.0.0-mixed
2025-05-29 11:39:35,467 - ForkPoolWorker-6 - INFO - Tokenizing context file: 240824-v2.0.0-mixed
2025-05-29 11:39:35,467 - ForkPoolWorker-12 - INFO - Tokenizing context file: 243407-v2.0.0-mixed
2025-05-29 11:39:35,467 - ForkPoolWorker-1 - INFO - Finished tokenizing 242336-v2.0.0-mixed: 6 centers, 22 frags.
2025-05-29 11:39:35,467 - ForkPoolWorker-4 - INFO - Finished tokenizing 242304-v2.0.0-mixed: 6 centers, 26 frags.
2025-05-29 11:39:35,468 - ForkPoolWorker-5 - INFO - Tokenizing context file: 1542-v1.0.0-bad
2025-05-29 11:39:35,468 - ForkPoolWorker-10 - INFO - Finished tokenizing 243086-v2.0.0-mixed: 7 centers, 26 frags.
2025-05-29 11:39:35,468 - ForkPoolWorker-6 - INFO - Finished tokenizing 240824-v2.0.0-mixed: 4 centers, 15 frags.
2025-05-29 11:39:35,468 - ForkPoolWorker-5 - INFO - Finished tokenizing 1542-v1.0.0-bad: 2 centers, 3 frags.
2025-05-29 11:39:35,468 - ForkPoolWorker-12 - INFO - Finished tokenizing 243407-v2.0.0-mixed: 7 centers, 23 frags.
2025-05-29 11:39:35,469 - ForkPoolWorker-9 - INFO - Tokenizing context file: 500752-v1.0.0-bad
2025-05-29 11:39:35,469 - ForkPoolWorker-2 - INFO - Finished tokenizing 242944-v2.0.0-mixed: 6 centers, 35 frags.
2025-05-29 11:39:35,469 - ForkPoolWorker-9 - INFO - Finished tokenizing 500752-v1.0.0-bad: 2 centers, 3 frags.
2025-05-29 11:39:35,470 - ForkPoolWorker-11 - INFO - Tokenizing context file: 246717-v2.0.0-mixed
2025-05-29 11:39:35,470 - ForkPoolWorker-8 - INFO - Tokenizing context file: 235212-v2.0.0-mixed
2025-05-29 11:39:35,470 - ForkPoolWorker-3 - INFO - Tokenizing context file: 247725-v2.0.0-mixed
2025-05-29 11:39:35,470 - ForkPoolWorker-1 - INFO - Tokenizing context file: 234955-v2.0.0-mixed
2025-05-29 11:39:35,470 - ForkPoolWorker-7 - INFO - Tokenizing context file: 246686-v2.0.0-mixed
2025-05-29 11:39:35,471 - ForkPoolWorker-8 - INFO - Finished tokenizing 235212-v2.0.0-mixed: 3 centers, 15 frags.
2025-05-29 11:39:35,471 - ForkPoolWorker-1 - INFO - Finished tokenizing 234955-v2.0.0-mixed: 3 centers, 6 frags.
2025-05-29 11:39:35,471 - ForkPoolWorker-7 - INFO - Finished tokenizing 246686-v2.0.0-mixed: 2 centers, 11 frags.
2025-05-29 11:39:35,471 - ForkPoolWorker-11 - INFO - Finished tokenizing 246717-v2.0.0-mixed: 6 centers, 19 frags.
2025-05-29 11:39:35,472 - ForkPoolWorker-4 - INFO - Tokenizing context file: 244656-v2.0.0-mixed
2025-05-29 11:39:35,472 - ForkPoolWorker-3 - INFO - Finished tokenizing 247725-v2.0.0-mixed: 2 centers, 9 frags.
2025-05-29 11:39:35,472 - ForkPoolWorker-4 - INFO - Finished tokenizing 244656-v2.0.0-mixed: 2 centers, 8 frags.
2025-05-29 11:39:35,473 - ForkPoolWorker-10 - INFO - Tokenizing context file: 244048-v2.0.0-mixed
2025-05-29 11:39:35,473 - ForkPoolWorker-6 - INFO - Tokenizing context file: 500876-v1.0.0-bad
2025-05-29 11:39:35,473 - ForkPoolWorker-5 - INFO - Tokenizing context file: 243938-v2.0.0-mixed
2025-05-29 11:39:35,474 - ForkPoolWorker-6 - INFO - Finished tokenizing 500876-v1.0.0-bad: 1 centers, 3 frags.
2025-05-29 11:39:35,474 - ForkPoolWorker-10 - INFO - Finished tokenizing 244048-v2.0.0-mixed: 1 centers, 7 frags.
2025-05-29 11:39:35,474 - ForkPoolWorker-12 - INFO - Tokenizing context file: 242344-v2.0.0-mixed
2025-05-29 11:39:35,474 - ForkPoolWorker-5 - INFO - Finished tokenizing 243938-v2.0.0-mixed: 3 centers, 10 frags.
2025-05-29 11:39:35,474 - ForkPoolWorker-12 - INFO - Finished tokenizing 242344-v2.0.0-mixed: 4 centers, 10 frags.
2025-05-29 11:39:35,475 - ForkPoolWorker-2 - INFO - Tokenizing context file: 241882-v2.0.0-mixed
2025-05-29 11:39:35,475 - ForkPoolWorker-9 - INFO - Tokenizing context file: 248722-v2.0.0-mixed
2025-05-29 11:39:35,476 - ForkPoolWorker-8 - INFO - Tokenizing context file: 240100-v2.0.0-mixed
2025-05-29 11:39:35,476 - ForkPoolWorker-9 - INFO - Finished tokenizing 248722-v2.0.0-mixed: 3 centers, 8 frags.
2025-05-29 11:39:35,476 - ForkPoolWorker-1 - INFO - Tokenizing context file: 240006-v2.0.0-mixed
2025-05-29 11:39:35,476 - ForkPoolWorker-7 - INFO - Tokenizing context file: 247961-v2.0.0-mixed
2025-05-29 11:39:35,476 - ForkPoolWorker-1 - INFO - Finished tokenizing 240006-v2.0.0-mixed: 0 centers, 0 frags.
2025-05-29 11:39:35,476 - ForkPoolWorker-8 - INFO - Finished tokenizing 240100-v2.0.0-mixed: 4 centers, 13 frags.
2025-05-29 11:39:35,477 - ForkPoolWorker-2 - INFO - Finished tokenizing 241882-v2.0.0-mixed: 6 centers, 36 frags.
2025-05-29 11:39:35,477 - ForkPoolWorker-7 - INFO - Finished tokenizing 247961-v2.0.0-mixed: 2 centers, 8 frags.
2025-05-29 11:39:35,477 - ForkPoolWorker-11 - INFO - Tokenizing context file: 243201-v2.0.0-mixed
2025-05-29 11:39:35,477 - ForkPoolWorker-3 - INFO - Tokenizing context file: 242771-v2.0.0-mixed
2025-05-29 11:39:35,477 - ForkPoolWorker-4 - INFO - Tokenizing context file: 248701-v2.0.0-mixed
2025-05-29 11:39:35,477 - ForkPoolWorker-6 - INFO - Tokenizing context file: 244518-v2.0.0-mixed
2025-05-29 11:39:35,477 - ForkPoolWorker-10 - INFO - Tokenizing context file: 242498-v2.0.0-mixed
2025-05-29 11:39:35,477 - ForkPoolWorker-5 - INFO - Tokenizing context file: 242956-v2.0.0-mixed
2025-05-29 11:39:35,478 - ForkPoolWorker-12 - INFO - Tokenizing context file: 242461-v2.0.0-mixed
2025-05-29 11:39:35,478 - ForkPoolWorker-9 - INFO - Tokenizing context file: 241879-v2.0.0-mixed
2025-05-29 11:39:35,478 - ForkPoolWorker-1 - INFO - Tokenizing context file: 500741-v1.0.0-bad
2025-05-29 11:39:35,478 - ForkPoolWorker-6 - INFO - Finished tokenizing 244518-v2.0.0-mixed: 2 centers, 10 frags.
2025-05-29 11:39:35,478 - ForkPoolWorker-3 - INFO - Finished tokenizing 242771-v2.0.0-mixed: 4 centers, 14 frags.
2025-05-29 11:39:35,478 - ForkPoolWorker-4 - INFO - Finished tokenizing 248701-v2.0.0-mixed: 6 centers, 15 frags.
2025-05-29 11:39:35,478 - ForkPoolWorker-1 - INFO - Finished tokenizing 500741-v1.0.0-bad: 1 centers, 4 frags.
2025-05-29 11:39:35,478 - ForkPoolWorker-11 - INFO - Finished tokenizing 243201-v2.0.0-mixed: 6 centers, 23 frags.
2025-05-29 11:39:35,479 - ForkPoolWorker-10 - INFO - Finished tokenizing 242498-v2.0.0-mixed: 10 centers, 21 frags.
2025-05-29 11:39:35,479 - ForkPoolWorker-5 - INFO - Finished tokenizing 242956-v2.0.0-mixed: 7 centers, 25 frags.
2025-05-29 11:39:35,479 - ForkPoolWorker-9 - INFO - Finished tokenizing 241879-v2.0.0-mixed: 2 centers, 20 frags.
2025-05-29 11:39:35,479 - ForkPoolWorker-8 - INFO - Tokenizing context file: 241953-v2.0.0-mixed
2025-05-29 11:39:35,480 - ForkPoolWorker-12 - INFO - Finished tokenizing 242461-v2.0.0-mixed: 6 centers, 36 frags.
2025-05-29 11:39:35,480 - ForkPoolWorker-2 - INFO - Tokenizing context file: 234497-v2.0.0-mixed
2025-05-29 11:39:35,480 - ForkPoolWorker-7 - INFO - Tokenizing context file: 248716-v2.0.0-mixed
2025-05-29 11:39:35,481 - ForkPoolWorker-7 - INFO - Finished tokenizing 248716-v2.0.0-mixed: 2 centers, 9 frags.
2025-05-29 11:39:35,481 - ForkPoolWorker-6 - INFO - Tokenizing context file: 242204-v2.0.0-mixed
2025-05-29 11:39:35,481 - ForkPoolWorker-3 - INFO - Tokenizing context file: 242729-v2.0.0-mixed
2025-05-29 11:39:35,481 - ForkPoolWorker-1 - INFO - Tokenizing context file: 241936-v2.0.0-mixed
2025-05-29 11:39:35,481 - ForkPoolWorker-4 - INFO - Tokenizing context file: 242617-v2.0.0-mixed
2025-05-29 11:39:35,481 - ForkPoolWorker-2 - INFO - Finished tokenizing 234497-v2.0.0-mixed: 5 centers, 20 frags.
2025-05-29 11:39:35,481 - ForkPoolWorker-8 - INFO - Finished tokenizing 241953-v2.0.0-mixed: 26 centers, 40 frags.
2025-05-29 11:39:35,481 - ForkPoolWorker-4 - INFO - Finished tokenizing 242617-v2.0.0-mixed: 2 centers, 9 frags.
2025-05-29 11:39:35,482 - ForkPoolWorker-1 - INFO - Finished tokenizing 241936-v2.0.0-mixed: 4 centers, 14 frags.
2025-05-29 11:39:35,482 - ForkPoolWorker-3 - INFO - Finished tokenizing 242729-v2.0.0-mixed: 4 centers, 13 frags.
2025-05-29 11:39:35,482 - ForkPoolWorker-6 - INFO - Finished tokenizing 242204-v2.0.0-mixed: 6 centers, 24 frags.
2025-05-29 11:39:35,482 - ForkPoolWorker-11 - INFO - Tokenizing context file: 238876-v2.0.0-mixed
2025-05-29 11:39:35,482 - ForkPoolWorker-10 - INFO - Tokenizing context file: 244133-v2.0.0-mixed
2025-05-29 11:39:35,483 - ForkPoolWorker-5 - INFO - Tokenizing context file: 243680-v2.0.0-mixed
2025-05-29 11:39:35,483 - ForkPoolWorker-9 - INFO - Tokenizing context file: 242021-v2.0.0-mixed
2025-05-29 11:39:35,483 - ForkPoolWorker-10 - INFO - Finished tokenizing 244133-v2.0.0-mixed: 3 centers, 9 frags.
2025-05-29 11:39:35,483 - ForkPoolWorker-11 - INFO - Finished tokenizing 238876-v2.0.0-mixed: 2 centers, 7 frags.
2025-05-29 11:39:35,483 - ForkPoolWorker-12 - INFO - Tokenizing context file: 242352-v2.0.0-mixed
2025-05-29 11:39:35,483 - ForkPoolWorker-7 - INFO - Tokenizing context file: 242260-v2.0.0-mixed
2025-05-29 11:39:35,484 - ForkPoolWorker-5 - INFO - Finished tokenizing 243680-v2.0.0-mixed: 3 centers, 10 frags.
2025-05-29 11:39:35,484 - ForkPoolWorker-2 - INFO - Tokenizing context file: 234800-v2.0.0-mixed
2025-05-29 11:39:35,484 - ForkPoolWorker-12 - INFO - Finished tokenizing 242352-v2.0.0-mixed: 4 centers, 14 frags.
2025-05-29 11:39:35,484 - ForkPoolWorker-9 - INFO - Finished tokenizing 242021-v2.0.0-mixed: 7 centers, 23 frags.
2025-05-29 11:39:35,485 - ForkPoolWorker-2 - INFO - Finished tokenizing 234800-v2.0.0-mixed: 1 centers, 3 frags.
2025-05-29 11:39:35,485 - ForkPoolWorker-7 - INFO - Finished tokenizing 242260-v2.0.0-mixed: 18 centers, 25 frags.
2025-05-29 11:39:35,485 - ForkPoolWorker-8 - INFO - Tokenizing context file: 242801-v2.0.0-mixed
2025-05-29 11:39:35,486 - ForkPoolWorker-4 - INFO - Tokenizing context file: 246684-v2.0.0-mixed
2025-05-29 11:39:35,486 - ForkPoolWorker-1 - INFO - Tokenizing context file: 242644-v2.0.0-mixed
2025-05-29 11:39:35,486 - ForkPoolWorker-3 - INFO - Tokenizing context file: 242846-v2.0.0-mixed
2025-05-29 11:39:35,486 - ForkPoolWorker-8 - INFO - Finished tokenizing 242801-v2.0.0-mixed: 1 centers, 2 frags.
2025-05-29 11:39:35,486 - ForkPoolWorker-6 - INFO - Tokenizing context file: 500885-v1.0.0-bad
2025-05-29 11:39:35,486 - ForkPoolWorker-11 - INFO - Tokenizing context file: 244741-v2.0.0-mixed
2025-05-29 11:39:35,486 - ForkPoolWorker-10 - INFO - Tokenizing context file: 247351-v2.0.0-mixed
2025-05-29 11:39:35,487 - ForkPoolWorker-6 - INFO - Finished tokenizing 500885-v1.0.0-bad: 1 centers, 2 frags.
2025-05-29 11:39:35,487 - ForkPoolWorker-4 - INFO - Finished tokenizing 246684-v2.0.0-mixed: 2 centers, 11 frags.
2025-05-29 11:39:35,487 - ForkPoolWorker-5 - INFO - Tokenizing context file: 245886-v2.0.0-mixed
2025-05-29 11:39:35,487 - ForkPoolWorker-12 - INFO - Tokenizing context file: 246690-v2.0.0-mixed
2025-05-29 11:39:35,487 - ForkPoolWorker-10 - INFO - Finished tokenizing 247351-v2.0.0-mixed: 1 centers, 7 frags.
2025-05-29 11:39:35,487 - ForkPoolWorker-11 - INFO - Finished tokenizing 244741-v2.0.0-mixed: 3 centers, 8 frags.
2025-05-29 11:39:35,487 - ForkPoolWorker-9 - INFO - Tokenizing context file: 235643-v2.0.0-mixed
2025-05-29 11:39:35,487 - ForkPoolWorker-4 - INFO - Tokenizing context file: 235578-v2.0.0-mixed
2025-05-29 11:39:35,487 - ForkPoolWorker-7 - INFO - Tokenizing context file: 243312-v2.0.0-mixed
2025-05-29 11:39:35,487 - ForkPoolWorker-1 - INFO - Finished tokenizing 242644-v2.0.0-mixed: 18 centers, 25 frags.
2025-05-29 11:39:35,487 - ForkPoolWorker-6 - INFO - Tokenizing context file: 242518-v2.0.0-mixed
2025-05-29 11:39:35,487 - ForkPoolWorker-3 - INFO - Finished tokenizing 242846-v2.0.0-mixed: 4 centers, 19 frags.
2025-05-29 11:39:35,488 - ForkPoolWorker-8 - INFO - Tokenizing context file: 246265-v2.0.0-mixed
2025-05-29 11:39:35,488 - ForkPoolWorker-2 - INFO - Tokenizing context file: 241582-v2.0.0-mixed
2025-05-29 11:39:35,488 - ForkPoolWorker-10 - INFO - Tokenizing context file: 2060-v1.0.0-bad
2025-05-29 11:39:35,488 - ForkPoolWorker-5 - INFO - Finished tokenizing 245886-v2.0.0-mixed: 2 centers, 9 frags.
2025-05-29 11:39:35,488 - ForkPoolWorker-11 - INFO - Tokenizing context file: 247065-v2.0.0-mixed
2025-05-29 11:39:35,488 - ForkPoolWorker-5 - INFO - Tokenizing context file: 234468-v2.0.0-mixed
2025-05-29 11:39:35,488 - ForkPoolWorker-12 - INFO - Finished tokenizing 246690-v2.0.0-mixed: 3 centers, 15 frags.
2025-05-29 11:39:35,488 - ForkPoolWorker-9 - INFO - Finished tokenizing 235643-v2.0.0-mixed: 4 centers, 18 frags.
2025-05-29 11:39:35,488 - ForkPoolWorker-6 - INFO - Finished tokenizing 242518-v2.0.0-mixed: 2 centers, 9 frags.
2025-05-29 11:39:35,488 - ForkPoolWorker-4 - INFO - Finished tokenizing 235578-v2.0.0-mixed: 3 centers, 15 frags.
2025-05-29 11:39:35,489 - ForkPoolWorker-2 - INFO - Finished tokenizing 241582-v2.0.0-mixed: 1 centers, 4 frags.
2025-05-29 11:39:35,489 - ForkPoolWorker-10 - INFO - Finished tokenizing 2060-v1.0.0-bad: 2 centers, 6 frags.
2025-05-29 11:39:35,489 - ForkPoolWorker-8 - INFO - Finished tokenizing 246265-v2.0.0-mixed: 3 centers, 11 frags.
2025-05-29 11:39:35,489 - ForkPoolWorker-11 - INFO - Finished tokenizing 247065-v2.0.0-mixed: 2 centers, 6 frags.
2025-05-29 11:39:35,489 - ForkPoolWorker-5 - INFO - Finished tokenizing 234468-v2.0.0-mixed: 3 centers, 8 frags.
2025-05-29 11:39:35,489 - ForkPoolWorker-7 - INFO - Finished tokenizing 243312-v2.0.0-mixed: 7 centers, 24 frags.
2025-05-29 11:39:35,490 - ForkPoolWorker-3 - INFO - Tokenizing context file: 242690-v2.0.0-mixed
2025-05-29 11:39:35,490 - ForkPoolWorker-12 - INFO - Tokenizing context file: 242013-v2.0.0-mixed
2025-05-29 11:39:35,491 - ForkPoolWorker-3 - INFO - Finished tokenizing 242690-v2.0.0-mixed: 10 centers, 21 frags.
2025-05-29 11:39:35,491 - ForkPoolWorker-9 - INFO - Tokenizing context file: 247389-v2.0.0-mixed
2025-05-29 11:39:35,491 - ForkPoolWorker-6 - INFO - Tokenizing context file: 248202-v2.0.0-mixed
2025-05-29 11:39:35,491 - ForkPoolWorker-4 - INFO - Tokenizing context file: 246119-v2.0.0-mixed
2025-05-29 11:39:35,491 - ForkPoolWorker-2 - INFO - Tokenizing context file: 243504-v2.0.0-mixed
2025-05-29 11:39:35,491 - ForkPoolWorker-12 - INFO - Finished tokenizing 242013-v2.0.0-mixed: 6 centers, 28 frags.
2025-05-29 11:39:35,492 - ForkPoolWorker-4 - INFO - Finished tokenizing 246119-v2.0.0-mixed: 1 centers, 5 frags.
2025-05-29 11:39:35,492 - ForkPoolWorker-6 - INFO - Finished tokenizing 248202-v2.0.0-mixed: 2 centers, 8 frags.
2025-05-29 11:39:35,492 - ForkPoolWorker-9 - INFO - Finished tokenizing 247389-v2.0.0-mixed: 3 centers, 11 frags.
2025-05-29 11:39:35,492 - ForkPoolWorker-10 - INFO - Tokenizing context file: 242891-v2.0.0-mixed
2025-05-29 11:39:35,492 - ForkPoolWorker-8 - INFO - Tokenizing context file: 242694-v2.0.0-mixed
2025-05-29 11:39:35,492 - ForkPoolWorker-11 - INFO - Tokenizing context file: 500978-v1.0.0-bad
2025-05-29 11:39:35,492 - ForkPoolWorker-9 - INFO - Tokenizing context file: 242070-v2.0.0-mixed
2025-05-29 11:39:35,492 - ForkPoolWorker-5 - INFO - Tokenizing context file: 242737-v2.0.0-mixed
2025-05-29 11:39:35,492 - ForkPoolWorker-3 - INFO - Tokenizing context file: 239996-v2.0.0-mixed
2025-05-29 11:39:35,492 - ForkPoolWorker-2 - INFO - Finished tokenizing 243504-v2.0.0-mixed: 7 centers, 24 frags.
2025-05-29 11:39:35,492 - ForkPoolWorker-7 - INFO - Tokenizing context file: 242408-v2.0.0-mixed
2025-05-29 11:39:35,493 - ForkPoolWorker-12 - INFO - Tokenizing context file: 243206-v2.0.0-mixed
2025-05-29 11:39:35,493 - ForkPoolWorker-5 - INFO - Finished tokenizing 242737-v2.0.0-mixed: 1 centers, 2 frags.
2025-05-29 11:39:35,493 - ForkPoolWorker-11 - INFO - Finished tokenizing 500978-v1.0.0-bad: 1 centers, 4 frags.
2025-05-29 11:39:35,493 - ForkPoolWorker-8 - INFO - Finished tokenizing 242694-v2.0.0-mixed: 4 centers, 14 frags.
2025-05-29 11:39:35,494 - ForkPoolWorker-9 - INFO - Finished tokenizing 242070-v2.0.0-mixed: 2 centers, 20 frags.
2025-05-29 11:39:35,494 - ForkPoolWorker-3 - INFO - Finished tokenizing 239996-v2.0.0-mixed: 4 centers, 13 frags.
2025-05-29 11:39:35,494 - ForkPoolWorker-7 - INFO - Finished tokenizing 242408-v2.0.0-mixed: 4 centers, 12 frags.
2025-05-29 11:39:35,494 - ForkPoolWorker-10 - INFO - Finished tokenizing 242891-v2.0.0-mixed: 7 centers, 25 frags.
2025-05-29 11:39:35,494 - ForkPoolWorker-6 - INFO - Tokenizing context file: 2064-v1.0.0-bad
2025-05-29 11:39:35,494 - ForkPoolWorker-1 - INFO - Tokenizing context file: 246117-v2.0.0-mixed
2025-05-29 11:39:35,494 - ForkPoolWorker-4 - INFO - Tokenizing context file: 500811-v1.0.0-bad
2025-05-29 11:39:35,494 - ForkPoolWorker-12 - INFO - Finished tokenizing 243206-v2.0.0-mixed: 6 centers, 23 frags.
2025-05-29 11:39:35,494 - ForkPoolWorker-4 - INFO - Finished tokenizing 500811-v1.0.0-bad: 1 centers, 4 frags.
2025-05-29 11:39:35,494 - ForkPoolWorker-6 - INFO - Finished tokenizing 2064-v1.0.0-bad: 1 centers, 4 frags.
2025-05-29 11:39:35,495 - ForkPoolWorker-1 - INFO - Finished tokenizing 246117-v2.0.0-mixed: 2 centers, 8 frags.
2025-05-29 11:39:35,495 - ForkPoolWorker-2 - INFO - Tokenizing context file: 243153-v2.0.0-mixed
2025-05-29 11:39:35,495 - ForkPoolWorker-5 - INFO - Tokenizing context file: 240928-v2.0.0-mixed
2025-05-29 11:39:35,495 - ForkPoolWorker-11 - INFO - Tokenizing context file: 241823-v2.0.0-mixed
2025-05-29 11:39:35,495 - ForkPoolWorker-8 - INFO - Tokenizing context file: 248333-v2.0.0-mixed
2025-05-29 11:39:35,496 - ForkPoolWorker-9 - INFO - Tokenizing context file: 242640-v2.0.0-mixed
2025-05-29 11:39:35,496 - ForkPoolWorker-3 - INFO - Tokenizing context file: 1531-v1.0.0-bad
2025-05-29 11:39:35,496 - ForkPoolWorker-7 - INFO - Tokenizing context file: 500762-v1.0.0-bad
2025-05-29 11:39:35,496 - ForkPoolWorker-5 - INFO - Finished tokenizing 240928-v2.0.0-mixed: 2 centers, 7 frags.
2025-05-29 11:39:35,496 - ForkPoolWorker-3 - INFO - Finished tokenizing 1531-v1.0.0-bad: 2 centers, 4 frags.
2025-05-29 11:39:35,496 - ForkPoolWorker-3 - INFO - Tokenizing context file: 247429-v2.0.0-mixed
2025-05-29 11:39:35,496 - ForkPoolWorker-10 - INFO - Tokenizing context file: 241981-v2.0.0-mixed
2025-05-29 11:39:35,496 - ForkPoolWorker-6 - INFO - Tokenizing context file: 1994-v1.0.0-good
2025-05-29 11:39:35,497 - ForkPoolWorker-7 - INFO - Finished tokenizing 500762-v1.0.0-bad: 1 centers, 4 frags.
2025-05-29 11:39:35,497 - ForkPoolWorker-8 - INFO - Finished tokenizing 248333-v2.0.0-mixed: 3 centers, 11 frags.
2025-05-29 11:39:35,497 - ForkPoolWorker-7 - INFO - Tokenizing context file: 245961-v2.0.0-mixed
2025-05-29 11:39:35,497 - ForkPoolWorker-2 - INFO - Finished tokenizing 243153-v2.0.0-mixed: 4 centers, 16 frags.
2025-05-29 11:39:35,497 - ForkPoolWorker-9 - INFO - Finished tokenizing 242640-v2.0.0-mixed: 4 centers, 14 frags.
2025-05-29 11:39:35,497 - ForkPoolWorker-4 - INFO - Tokenizing context file: 241926-v2.0.0-mixed
2025-05-29 11:39:35,497 - ForkPoolWorker-6 - INFO - Finished tokenizing 1994-v1.0.0-good: 1 centers, 3 frags.
2025-05-29 11:39:35,498 - ForkPoolWorker-3 - INFO - Finished tokenizing 247429-v2.0.0-mixed: 5 centers, 15 frags.
2025-05-29 11:39:35,498 - ForkPoolWorker-7 - INFO - Finished tokenizing 245961-v2.0.0-mixed: 4 centers, 10 frags.
2025-05-29 11:39:35,498 - ForkPoolWorker-5 - INFO - Tokenizing context file: 245225-v2.0.0-mixed
2025-05-29 11:39:35,498 - ForkPoolWorker-11 - INFO - Finished tokenizing 241823-v2.0.0-mixed: 6 centers, 26 frags.
2025-05-29 11:39:35,498 - ForkPoolWorker-3 - INFO - Tokenizing context file: 247962-v2.0.0-mixed
2025-05-29 11:39:35,498 - ForkPoolWorker-1 - INFO - Tokenizing context file: 242868-v2.0.0-mixed
2025-05-29 11:39:35,498 - ForkPoolWorker-2 - INFO - Tokenizing context file: 2023-v1.0.0-bad
2025-05-29 11:39:35,498 - ForkPoolWorker-12 - INFO - Tokenizing context file: 500914-v1.0.0-bad
2025-05-29 11:39:35,499 - ForkPoolWorker-10 - INFO - Finished tokenizing 241981-v2.0.0-mixed: 6 centers, 36 frags.
2025-05-29 11:39:35,499 - ForkPoolWorker-2 - INFO - Finished tokenizing 2023-v1.0.0-bad: 2 centers, 5 frags.
2025-05-29 11:39:35,499 - ForkPoolWorker-12 - INFO - Finished tokenizing 500914-v1.0.0-bad: 2 centers, 5 frags.
2025-05-29 11:39:35,499 - ForkPoolWorker-3 - INFO - Finished tokenizing 247962-v2.0.0-mixed: 2 centers, 8 frags.
2025-05-29 11:39:35,499 - ForkPoolWorker-7 - INFO - Tokenizing context file: 246216-v2.0.0-mixed
2025-05-29 11:39:35,499 - ForkPoolWorker-11 - INFO - Tokenizing context file: 246830-v2.0.0-mixed
2025-05-29 11:39:35,498 - ForkPoolWorker-8 - INFO - Tokenizing context file: 247537-v2.0.0-mixed
2025-05-29 11:39:35,500 - ForkPoolWorker-6 - INFO - Tokenizing context file: 239081-v2.0.0-mixed
2025-05-29 11:39:35,500 - ForkPoolWorker-7 - INFO - Finished tokenizing 246216-v2.0.0-mixed: 1 centers, 7 frags.
2025-05-29 11:39:35,500 - ForkPoolWorker-4 - INFO - Finished tokenizing 241926-v2.0.0-mixed: 4 centers, 14 frags.
2025-05-29 11:39:35,500 - ForkPoolWorker-11 - INFO - Finished tokenizing 246830-v2.0.0-mixed: 2 centers, 11 frags.
2025-05-29 11:39:35,500 - ForkPoolWorker-5 - INFO - Finished tokenizing 245225-v2.0.0-mixed: 2 centers, 8 frags.
2025-05-29 11:39:35,501 - ForkPoolWorker-8 - INFO - Finished tokenizing 247537-v2.0.0-mixed: 2 centers, 9 frags.
2025-05-29 11:39:35,501 - ForkPoolWorker-9 - INFO - Tokenizing context file: 239664-v2.0.0-mixed
2025-05-29 11:39:35,501 - ForkPoolWorker-6 - INFO - Finished tokenizing 239081-v2.0.0-mixed: 2 centers, 7 frags.
2025-05-29 11:39:35,501 - ForkPoolWorker-1 - INFO - Finished tokenizing 242868-v2.0.0-mixed: 18 centers, 22 frags.
2025-05-29 11:39:35,502 - ForkPoolWorker-9 - INFO - Finished tokenizing 239664-v2.0.0-mixed: 4 centers, 14 frags.
2025-05-29 11:39:35,502 - ForkPoolWorker-10 - INFO - Tokenizing context file: 243968-v2.0.0-mixed
2025-05-29 11:39:35,502 - ForkPoolWorker-2 - INFO - Tokenizing context file: 244748-v2.0.0-mixed
2025-05-29 11:39:35,503 - ForkPoolWorker-2 - INFO - Finished tokenizing 244748-v2.0.0-mixed: 2 centers, 8 frags.
2025-05-29 11:39:35,503 - ForkPoolWorker-3 - INFO - Tokenizing context file: 238918-v2.0.0-mixed
2025-05-29 11:39:35,503 - ForkPoolWorker-12 - INFO - Tokenizing context file: 246218-v2.0.0-mixed
2025-05-29 11:39:35,503 - ForkPoolWorker-7 - INFO - Tokenizing context file: 500720-v1.0.0-bad
2025-05-29 11:39:35,504 - ForkPoolWorker-4 - INFO - Tokenizing context file: 243003-v2.0.0-mixed
2025-05-29 11:39:35,504 - ForkPoolWorker-10 - INFO - Finished tokenizing 243968-v2.0.0-mixed: 4 centers, 23 frags.
2025-05-29 11:39:35,504 - ForkPoolWorker-3 - INFO - Finished tokenizing 238918-v2.0.0-mixed: 2 centers, 7 frags.
2025-05-29 11:39:35,504 - ForkPoolWorker-7 - INFO - Finished tokenizing 500720-v1.0.0-bad: 1 centers, 3 frags.
2025-05-29 11:39:35,504 - ForkPoolWorker-12 - INFO - Finished tokenizing 246218-v2.0.0-mixed: 3 centers, 11 frags.
2025-05-29 11:39:35,505 - ForkPoolWorker-4 - INFO - Finished tokenizing 243003-v2.0.0-mixed: 6 centers, 20 frags.
2025-05-29 11:39:35,505 - ForkPoolWorker-11 - INFO - Tokenizing context file: 242918-v2.0.0-mixed
2025-05-29 11:39:35,505 - ForkPoolWorker-5 - INFO - Tokenizing context file: 242575-v2.0.0-mixed
2025-05-29 11:39:35,505 - ForkPoolWorker-8 - INFO - Tokenizing context file: 242154-v2.0.0-mixed
2025-05-29 11:39:35,505 - ForkPoolWorker-6 - INFO - Tokenizing context file: 242631-v2.0.0-mixed
2025-05-29 11:39:35,505 - ForkPoolWorker-1 - INFO - Tokenizing context file: 243751-v2.0.0-mixed
2025-05-29 11:39:35,505 - ForkPoolWorker-9 - INFO - Tokenizing context file: 234667-v2.0.0-mixed
2025-05-29 11:39:35,505 - ForkPoolWorker-2 - INFO - Tokenizing context file: 247777-v2.0.0-mixed
2025-05-29 11:39:35,506 - ForkPoolWorker-9 - INFO - Finished tokenizing 234667-v2.0.0-mixed: 1 centers, 3 frags.
2025-05-29 11:39:35,506 - ForkPoolWorker-11 - INFO - Finished tokenizing 242918-v2.0.0-mixed: 4 centers, 11 frags.
2025-05-29 11:39:35,506 - ForkPoolWorker-5 - INFO - Finished tokenizing 242575-v2.0.0-mixed: 4 centers, 16 frags.
2025-05-29 11:39:35,506 - ForkPoolWorker-6 - INFO - Finished tokenizing 242631-v2.0.0-mixed: 4 centers, 13 frags.
2025-05-29 11:39:35,506 - ForkPoolWorker-2 - INFO - Finished tokenizing 247777-v2.0.0-mixed: 2 centers, 11 frags.
2025-05-29 11:39:35,506 - ForkPoolWorker-8 - INFO - Finished tokenizing 242154-v2.0.0-mixed: 7 centers, 19 frags.
2025-05-29 11:39:35,507 - ForkPoolWorker-1 - INFO - Finished tokenizing 243751-v2.0.0-mixed: 9 centers, 29 frags.
2025-05-29 11:39:35,507 - ForkPoolWorker-10 - INFO - Tokenizing context file: 241965-v2.0.0-mixed
2025-05-29 11:39:35,507 - ForkPoolWorker-3 - INFO - Tokenizing context file: 242874-v2.0.0-mixed
2025-05-29 11:39:35,507 - ForkPoolWorker-7 - INFO - Tokenizing context file: 245269-v2.0.0-mixed
2025-05-29 11:39:35,507 - ForkPoolWorker-12 - INFO - Tokenizing context file: 239412-v2.0.0-mixed
2025-05-29 11:39:35,508 - ForkPoolWorker-10 - INFO - Finished tokenizing 241965-v2.0.0-mixed: 7 centers, 19 frags.
2025-05-29 11:39:35,508 - ForkPoolWorker-7 - INFO - Finished tokenizing 245269-v2.0.0-mixed: 2 centers, 11 frags.
2025-05-29 11:39:35,508 - ForkPoolWorker-12 - INFO - Finished tokenizing 239412-v2.0.0-mixed: 7 centers, 23 frags.
2025-05-29 11:39:35,508 - ForkPoolWorker-4 - INFO - Tokenizing context file: 246669-v2.0.0-mixed
2025-05-29 11:39:35,508 - ForkPoolWorker-9 - INFO - Tokenizing context file: 242485-v2.0.0-mixed
2025-05-29 11:39:35,508 - ForkPoolWorker-11 - INFO - Tokenizing context file: 500790-v1.0.0-bad
2025-05-29 11:39:35,509 - ForkPoolWorker-5 - INFO - Tokenizing context file: 241421-v2.0.0-mixed
2025-05-29 11:39:35,509 - ForkPoolWorker-2 - INFO - Tokenizing context file: 501009-v1.0.0-bad
2025-05-29 11:39:35,509 - ForkPoolWorker-12 - INFO - Tokenizing context file: 500882-v1.0.0-bad
2025-05-29 11:39:35,509 - ForkPoolWorker-7 - INFO - Tokenizing context file: 241712-v2.0.0-mixed
2025-05-29 11:39:35,509 - ForkPoolWorker-3 - INFO - Finished tokenizing 242874-v2.0.0-mixed: 6 centers, 28 frags.
2025-05-29 11:39:35,509 - ForkPoolWorker-11 - INFO - Finished tokenizing 500790-v1.0.0-bad: 1 centers, 5 frags.
2025-05-29 11:39:35,509 - ForkPoolWorker-12 - INFO - Finished tokenizing 500882-v1.0.0-bad: 1 centers, 1 frags.
2025-05-29 11:39:35,509 - ForkPoolWorker-3 - INFO - Tokenizing context file: 241423-v2.0.0-mixed
2025-05-29 11:39:35,509 - ForkPoolWorker-1 - INFO - Tokenizing context file: 243180-v2.0.0-mixed
2025-05-29 11:39:35,509 - ForkPoolWorker-11 - INFO - Tokenizing context file: 247109-v2.0.0-mixed
2025-05-29 11:39:35,509 - ForkPoolWorker-12 - INFO - Tokenizing context file: 242838-v2.0.0-mixed
2025-05-29 11:39:35,510 - ForkPoolWorker-5 - INFO - Finished tokenizing 241421-v2.0.0-mixed: 1 centers, 4 frags.
2025-05-29 11:39:35,510 - ForkPoolWorker-2 - INFO - Finished tokenizing 501009-v1.0.0-bad: 1 centers, 6 frags.
2025-05-29 11:39:35,510 - ForkPoolWorker-7 - INFO - Finished tokenizing 241712-v2.0.0-mixed: 3 centers, 11 frags.
2025-05-29 11:39:35,510 - ForkPoolWorker-8 - INFO - Tokenizing context file: 240156-v2.0.0-mixed
2025-05-29 11:39:35,510 - ForkPoolWorker-6 - INFO - Tokenizing context file: 238796-v2.0.0-mixed
2025-05-29 11:39:35,510 - ForkPoolWorker-5 - INFO - Tokenizing context file: 1969-v1.0.0-bad
2025-05-29 11:39:35,510 - ForkPoolWorker-3 - INFO - Finished tokenizing 241423-v2.0.0-mixed: 2 centers, 8 frags.
2025-05-29 11:39:35,510 - ForkPoolWorker-11 - INFO - Finished tokenizing 247109-v2.0.0-mixed: 2 centers, 8 frags.
2025-05-29 11:39:35,510 - ForkPoolWorker-9 - INFO - Finished tokenizing 242485-v2.0.0-mixed: 6 centers, 24 frags.
2025-05-29 11:39:35,510 - ForkPoolWorker-3 - INFO - Tokenizing context file: 1526-v1.0.0-bad
2025-05-29 11:39:35,511 - ForkPoolWorker-4 - INFO - Finished tokenizing 246669-v2.0.0-mixed: 6 centers, 22 frags.
2025-05-29 11:39:35,511 - ForkPoolWorker-1 - INFO - Finished tokenizing 243180-v2.0.0-mixed: 7 centers, 19 frags.
2025-05-29 11:39:35,511 - ForkPoolWorker-6 - INFO - Finished tokenizing 238796-v2.0.0-mixed: 2 centers, 7 frags.
2025-05-29 11:39:35,511 - ForkPoolWorker-5 - INFO - Finished tokenizing 1969-v1.0.0-bad: 3 centers, 7 frags.
2025-05-29 11:39:35,511 - ForkPoolWorker-3 - INFO - Finished tokenizing 1526-v1.0.0-bad: 3 centers, 10 frags.
2025-05-29 11:39:35,511 - ForkPoolWorker-12 - INFO - Finished tokenizing 242838-v2.0.0-mixed: 2 centers, 20 frags.
2025-05-29 11:39:35,511 - ForkPoolWorker-8 - INFO - Finished tokenizing 240156-v2.0.0-mixed: 4 centers, 13 frags.
2025-05-29 11:39:35,512 - ForkPoolWorker-11 - INFO - Tokenizing context file: 242175-v2.0.0-mixed
2025-05-29 11:39:35,512 - ForkPoolWorker-7 - INFO - Tokenizing context file: 247805-v2.0.0-mixed
2025-05-29 11:39:35,512 - ForkPoolWorker-9 - INFO - Tokenizing context file: 245463-v2.0.0-mixed
2025-05-29 11:39:35,513 - ForkPoolWorker-9 - INFO - Finished tokenizing 245463-v2.0.0-mixed: 1 centers, 7 frags.
2025-05-29 11:39:35,513 - ForkPoolWorker-7 - INFO - Finished tokenizing 247805-v2.0.0-mixed: 5 centers, 14 frags.
2025-05-29 11:39:35,513 - ForkPoolWorker-2 - INFO - Tokenizing context file: 243438-v2.0.0-mixed
2025-05-29 11:39:35,513 - ForkPoolWorker-10 - INFO - Tokenizing context file: 242266-v2.0.0-mixed
2025-05-29 11:39:35,514 - ForkPoolWorker-11 - INFO - Finished tokenizing 242175-v2.0.0-mixed: 6 centers, 35 frags.
2025-05-29 11:39:35,514 - ForkPoolWorker-4 - INFO - Tokenizing context file: 242993-v2.0.0-mixed
2025-05-29 11:39:35,514 - ForkPoolWorker-1 - INFO - Tokenizing context file: 245509-v2.0.0-mixed
2025-05-29 11:39:35,514 - ForkPoolWorker-4 - INFO - Finished tokenizing 242993-v2.0.0-mixed: 1 centers, 2 frags.
2025-05-29 11:39:35,514 - ForkPoolWorker-6 - INFO - Tokenizing context file: 1958-v1.0.0-bad
2025-05-29 11:39:35,514 - ForkPoolWorker-5 - INFO - Tokenizing context file: 243107-v2.0.0-mixed
2025-05-29 11:39:35,514 - ForkPoolWorker-4 - INFO - Tokenizing context file: 242009-v2.0.0-mixed
2025-05-29 11:39:35,514 - ForkPoolWorker-3 - INFO - Tokenizing context file: 242004-v2.0.0-mixed
2025-05-29 11:39:35,515 - ForkPoolWorker-12 - INFO - Tokenizing context file: 1494-v1.0.0-bad
2025-05-29 11:39:35,515 - ForkPoolWorker-9 - INFO - Tokenizing context file: 244521-v2.0.0-mixed
2025-05-29 11:39:35,515 - ForkPoolWorker-7 - INFO - Tokenizing context file: 500783-v1.0.0-bad
2025-05-29 11:39:35,515 - ForkPoolWorker-2 - INFO - Finished tokenizing 243438-v2.0.0-mixed: 7 centers, 26 frags.
2025-05-29 11:39:35,515 - ForkPoolWorker-1 - INFO - Finished tokenizing 245509-v2.0.0-mixed: 2 centers, 10 frags.
2025-05-29 11:39:35,515 - ForkPoolWorker-2 - INFO - Tokenizing context file: 243349-v2.0.0-mixed
2025-05-29 11:39:35,515 - ForkPoolWorker-1 - INFO - Tokenizing context file: 239187-v2.0.0-mixed
2025-05-29 11:39:35,515 - ForkPoolWorker-12 - INFO - Finished tokenizing 1494-v1.0.0-bad: 2 centers, 7 frags.
2025-05-29 11:39:35,515 - ForkPoolWorker-6 - INFO - Finished tokenizing 1958-v1.0.0-bad: 1 centers, 4 frags.
2025-05-29 11:39:35,515 - ForkPoolWorker-8 - INFO - Tokenizing context file: 248201-v2.0.0-mixed
2025-05-29 11:39:35,515 - ForkPoolWorker-4 - INFO - Finished tokenizing 242009-v2.0.0-mixed: 2 centers, 9 frags.
2025-05-29 11:39:35,515 - ForkPoolWorker-9 - INFO - Finished tokenizing 244521-v2.0.0-mixed: 2 centers, 10 frags.
2025-05-29 11:39:35,515 - ForkPoolWorker-10 - INFO - Finished tokenizing 242266-v2.0.0-mixed: 6 centers, 36 frags.
2025-05-29 11:39:35,516 - ForkPoolWorker-1 - INFO - Finished tokenizing 239187-v2.0.0-mixed: 3 centers, 6 frags.
2025-05-29 11:39:35,516 - ForkPoolWorker-8 - INFO - Finished tokenizing 248201-v2.0.0-mixed: 2 centers, 8 frags.
2025-05-29 11:39:35,516 - ForkPoolWorker-2 - INFO - Finished tokenizing 243349-v2.0.0-mixed: 4 centers, 13 frags.
2025-05-29 11:39:35,516 - ForkPoolWorker-7 - INFO - Finished tokenizing 500783-v1.0.0-bad: 1 centers, 4 frags.
2025-05-29 11:39:35,516 - ForkPoolWorker-3 - INFO - Finished tokenizing 242004-v2.0.0-mixed: 18 centers, 22 frags.
2025-05-29 11:39:35,517 - ForkPoolWorker-6 - INFO - Tokenizing context file: 242464-v2.0.0-mixed
2025-05-29 11:39:35,517 - ForkPoolWorker-11 - INFO - Tokenizing context file: 243412-v2.0.0-mixed
2025-05-29 11:39:35,517 - ForkPoolWorker-12 - INFO - Tokenizing context file: 242661-v2.0.0-mixed
2025-05-29 11:39:35,517 - ForkPoolWorker-5 - INFO - Finished tokenizing 243107-v2.0.0-mixed: 26 centers, 42 frags.
2025-05-29 11:39:35,517 - ForkPoolWorker-11 - INFO - Finished tokenizing 243412-v2.0.0-mixed: 1 centers, 2 frags.
2025-05-29 11:39:35,518 - ForkPoolWorker-4 - INFO - Tokenizing context file: 243074-v2.0.0-mixed
2025-05-29 11:39:35,518 - ForkPoolWorker-9 - INFO - Tokenizing context file: 245021-v2.0.0-mixed
2025-05-29 11:39:35,518 - ForkPoolWorker-12 - INFO - Finished tokenizing 242661-v2.0.0-mixed: 7 centers, 28 frags.
2025-05-29 11:39:35,518 - ForkPoolWorker-6 - INFO - Finished tokenizing 242464-v2.0.0-mixed: 6 centers, 37 frags.
2025-05-29 11:39:35,519 - ForkPoolWorker-10 - INFO - Tokenizing context file: 241756-v2.0.0-mixed
2025-05-29 11:39:35,519 - ForkPoolWorker-1 - INFO - Tokenizing context file: 245625-v2.0.0-mixed
2025-05-29 11:39:35,519 - ForkPoolWorker-9 - INFO - Finished tokenizing 245021-v2.0.0-mixed: 5 centers, 18 frags.
2025-05-29 11:39:35,519 - ForkPoolWorker-4 - INFO - Finished tokenizing 243074-v2.0.0-mixed: 6 centers, 23 frags.
2025-05-29 11:39:35,520 - ForkPoolWorker-1 - INFO - Finished tokenizing 245625-v2.0.0-mixed: 3 centers, 8 frags.
2025-05-29 11:39:35,520 - ForkPoolWorker-2 - INFO - Tokenizing context file: 242513-v2.0.0-mixed
2025-05-29 11:39:35,520 - ForkPoolWorker-8 - INFO - Tokenizing context file: 242277-v2.0.0-mixed
2025-05-29 11:39:35,520 - ForkPoolWorker-7 - INFO - Tokenizing context file: 242451-v2.0.0-mixed
2025-05-29 11:39:35,520 - ForkPoolWorker-10 - INFO - Finished tokenizing 241756-v2.0.0-mixed: 6 centers, 20 frags.
2025-05-29 11:39:35,520 - ForkPoolWorker-3 - INFO - Tokenizing context file: 235298-v2.0.0-mixed
2025-05-29 11:39:35,520 - ForkPoolWorker-2 - INFO - Finished tokenizing 242513-v2.0.0-mixed: 1 centers, 2 frags.
2025-05-29 11:39:35,521 - ForkPoolWorker-7 - INFO - Finished tokenizing 242451-v2.0.0-mixed: 4 centers, 18 frags.
2025-05-29 11:39:35,521 - ForkPoolWorker-5 - INFO - Tokenizing context file: 242179-v2.0.0-mixed
2025-05-29 11:39:35,521 - ForkPoolWorker-11 - INFO - Tokenizing context file: 241551-v2.0.0-mixed
2025-05-29 11:39:35,521 - ForkPoolWorker-8 - INFO - Finished tokenizing 242277-v2.0.0-mixed: 7 centers, 28 frags.
2025-05-29 11:39:35,521 - ForkPoolWorker-3 - INFO - Finished tokenizing 235298-v2.0.0-mixed: 3 centers, 15 frags.
2025-05-29 11:39:35,522 - ForkPoolWorker-12 - INFO - Tokenizing context file: 244706-v2.0.0-mixed
2025-05-29 11:39:35,522 - ForkPoolWorker-6 - INFO - Tokenizing context file: 242280-v2.0.0-mixed
2025-05-29 11:39:35,522 - ForkPoolWorker-5 - INFO - Finished tokenizing 242179-v2.0.0-mixed: 4 centers, 14 frags.
2025-05-29 11:39:35,522 - ForkPoolWorker-11 - INFO - Finished tokenizing 241551-v2.0.0-mixed: 3 centers, 18 frags.
2025-05-29 11:39:35,522 - ForkPoolWorker-12 - INFO - Finished tokenizing 244706-v2.0.0-mixed: 2 centers, 6 frags.
2025-05-29 11:39:35,523 - ForkPoolWorker-6 - INFO - Finished tokenizing 242280-v2.0.0-mixed: 4 centers, 14 frags.
2025-05-29 11:39:35,523 - ForkPoolWorker-9 - INFO - Tokenizing context file: 244501-v2.0.0-mixed
2025-05-29 11:39:35,523 - ForkPoolWorker-4 - INFO - Tokenizing context file: 242608-v2.0.0-mixed
2025-05-29 11:39:35,523 - ForkPoolWorker-1 - INFO - Tokenizing context file: 241670-v2.0.0-mixed
2025-05-29 11:39:35,524 - ForkPoolWorker-1 - INFO - Finished tokenizing 241670-v2.0.0-mixed: 3 centers, 8 frags.
2025-05-29 11:39:35,524 - ForkPoolWorker-10 - INFO - Tokenizing context file: 244374-v2.0.0-mixed
2025-05-29 11:39:35,524 - ForkPoolWorker-2 - INFO - Tokenizing context file: 242491-v2.0.0-mixed
2025-05-29 11:39:35,524 - ForkPoolWorker-4 - INFO - Finished tokenizing 242608-v2.0.0-mixed: 4 centers, 14 frags.
2025-05-29 11:39:35,524 - ForkPoolWorker-7 - INFO - Tokenizing context file: 243214-v2.0.0-mixed
2025-05-29 11:39:35,525 - ForkPoolWorker-3 - INFO - Tokenizing context file: 240702-v2.0.0-mixed
2025-05-29 11:39:35,525 - ForkPoolWorker-8 - INFO - Tokenizing context file: 247349-v2.0.0-mixed
2025-05-29 11:39:35,525 - ForkPoolWorker-9 - INFO - Finished tokenizing 244501-v2.0.0-mixed: 5 centers, 30 frags.
2025-05-29 11:39:35,525 - ForkPoolWorker-10 - INFO - Finished tokenizing 244374-v2.0.0-mixed: 2 centers, 9 frags.
2025-05-29 11:39:35,525 - ForkPoolWorker-2 - INFO - Finished tokenizing 242491-v2.0.0-mixed: 6 centers, 24 frags.
2025-05-29 11:39:35,525 - ForkPoolWorker-7 - INFO - Finished tokenizing 243214-v2.0.0-mixed: 7 centers, 26 frags.
2025-05-29 11:39:35,526 - ForkPoolWorker-5 - INFO - Tokenizing context file: 500794-v1.0.0-bad
2025-05-29 11:39:35,526 - ForkPoolWorker-11 - INFO - Tokenizing context file: 2000-v1.0.0-good
2025-05-29 11:39:35,526 - ForkPoolWorker-8 - INFO - Finished tokenizing 247349-v2.0.0-mixed: 2 centers, 10 frags.
2025-05-29 11:39:35,526 - ForkPoolWorker-3 - INFO - Finished tokenizing 240702-v2.0.0-mixed: 4 centers, 11 frags.
2025-05-29 11:39:35,526 - ForkPoolWorker-5 - INFO - Finished tokenizing 500794-v1.0.0-bad: 1 centers, 2 frags.
2025-05-29 11:39:35,526 - ForkPoolWorker-11 - INFO - Finished tokenizing 2000-v1.0.0-good: 1 centers, 2 frags.
2025-05-29 11:39:35,526 - ForkPoolWorker-7 - INFO - Tokenizing context file: 500875-v1.0.0-bad
2025-05-29 11:39:35,526 - ForkPoolWorker-11 - INFO - Tokenizing context file: 245345-v2.0.0-mixed
2025-05-29 11:39:35,526 - ForkPoolWorker-6 - INFO - Tokenizing context file: 234127-v2.0.0-mixed
2025-05-29 11:39:35,527 - ForkPoolWorker-7 - INFO - Finished tokenizing 500875-v1.0.0-bad: 2 centers, 3 frags.
2025-05-29 11:39:35,527 - ForkPoolWorker-11 - INFO - Finished tokenizing 245345-v2.0.0-mixed: 3 centers, 8 frags.
2025-05-29 11:39:35,528 - ForkPoolWorker-6 - INFO - Finished tokenizing 234127-v2.0.0-mixed: 4 centers, 14 frags.
2025-05-29 11:39:35,528 - ForkPoolWorker-4 - INFO - Tokenizing context file: 247045-v2.0.0-mixed
2025-05-29 11:39:35,528 - ForkPoolWorker-9 - INFO - Tokenizing context file: 243190-v2.0.0-mixed
2025-05-29 11:39:35,528 - ForkPoolWorker-10 - INFO - Tokenizing context file: 242705-v2.0.0-mixed
2025-05-29 11:39:35,528 - ForkPoolWorker-2 - INFO - Tokenizing context file: 242217-v2.0.0-mixed
2025-05-29 11:39:35,528 - ForkPoolWorker-12 - INFO - Tokenizing context file: 239027-v2.0.0-mixed
2025-05-29 11:39:35,529 - ForkPoolWorker-10 - INFO - Finished tokenizing 242705-v2.0.0-mixed: 1 centers, 2 frags.
2025-05-29 11:39:35,529 - ForkPoolWorker-2 - INFO - Finished tokenizing 242217-v2.0.0-mixed: 4 centers, 13 frags.
2025-05-29 11:39:35,529 - ForkPoolWorker-12 - INFO - Finished tokenizing 239027-v2.0.0-mixed: 5 centers, 13 frags.
2025-05-29 11:39:35,530 - ForkPoolWorker-3 - INFO - Tokenizing context file: 1955-v1.0.0-bad
2025-05-29 11:39:35,530 - ForkPoolWorker-8 - INFO - Tokenizing context file: 247381-v2.0.0-mixed
2025-05-29 11:39:35,529 - ForkPoolWorker-9 - INFO - Finished tokenizing 243190-v2.0.0-mixed: 18 centers, 25 frags.
2025-05-29 11:39:35,530 - ForkPoolWorker-12 - INFO - Tokenizing context file: 242283-v2.0.0-mixed
2025-05-29 11:39:35,530 - ForkPoolWorker-5 - INFO - Tokenizing context file: 500819-v1.0.0-bad
2025-05-29 11:39:35,530 - ForkPoolWorker-1 - INFO - Tokenizing context file: 1952-v1.0.0-bad
2025-05-29 11:39:35,530 - ForkPoolWorker-4 - INFO - Finished tokenizing 247045-v2.0.0-mixed: 5 centers, 29 frags.
2025-05-29 11:39:35,530 - ForkPoolWorker-7 - INFO - Tokenizing context file: 248670-v2.0.0-mixed
2025-05-29 11:39:35,530 - ForkPoolWorker-6 - INFO - Tokenizing context file: 248010-v2.0.0-mixed
2025-05-29 11:39:35,530 - ForkPoolWorker-10 - INFO - Tokenizing context file: 244231-v2.0.0-mixed
2025-05-29 11:39:35,530 - ForkPoolWorker-2 - INFO - Tokenizing context file: 243084-v2.0.0-mixed
2025-05-29 11:39:35,530 - ForkPoolWorker-11 - INFO - Tokenizing context file: 241834-v2.0.0-mixed
2025-05-29 11:39:35,530 - ForkPoolWorker-1 - INFO - Finished tokenizing 1952-v1.0.0-bad: 1 centers, 6 frags.
2025-05-29 11:39:35,531 - ForkPoolWorker-3 - INFO - Finished tokenizing 1955-v1.0.0-bad: 2 centers, 8 frags.
2025-05-29 11:39:35,530 - ForkPoolWorker-5 - INFO - Finished tokenizing 500819-v1.0.0-bad: 1 centers, 3 frags.
2025-05-29 11:39:35,531 - ForkPoolWorker-9 - INFO - Tokenizing context file: 242376-v2.0.0-mixed
2025-05-29 11:39:35,531 - ForkPoolWorker-10 - INFO - Finished tokenizing 244231-v2.0.0-mixed: 1 centers, 5 frags.
2025-05-29 11:39:35,531 - ForkPoolWorker-5 - INFO - Tokenizing context file: 246861-v2.0.0-mixed
2025-05-29 11:39:35,531 - ForkPoolWorker-3 - INFO - Tokenizing context file: 248668-v2.0.0-mixed
2025-05-29 11:39:35,531 - ForkPoolWorker-10 - INFO - Tokenizing context file: 244372-v2.0.0-mixed
2025-05-29 11:39:35,531 - ForkPoolWorker-1 - INFO - Tokenizing context file: 248249-v2.0.0-mixed
2025-05-29 11:39:35,531 - ForkPoolWorker-6 - INFO - Finished tokenizing 248010-v2.0.0-mixed: 2 centers, 8 frags.
2025-05-29 11:39:35,531 - ForkPoolWorker-8 - INFO - Finished tokenizing 247381-v2.0.0-mixed: 5 centers, 18 frags.
2025-05-29 11:39:35,531 - ForkPoolWorker-7 - INFO - Finished tokenizing 248670-v2.0.0-mixed: 2 centers, 9 frags.
2025-05-29 11:39:35,531 - ForkPoolWorker-6 - INFO - Tokenizing context file: 241709-v2.0.0-mixed
2025-05-29 11:39:35,531 - ForkPoolWorker-7 - INFO - Tokenizing context file: 244777-v2.0.0-mixed
2025-05-29 11:39:35,531 - ForkPoolWorker-8 - INFO - Tokenizing context file: 242769-v2.0.0-mixed
2025-05-29 11:39:35,531 - ForkPoolWorker-12 - INFO - Finished tokenizing 242283-v2.0.0-mixed: 7 centers, 25 frags.
2025-05-29 11:39:35,531 - ForkPoolWorker-11 - INFO - Finished tokenizing 241834-v2.0.0-mixed: 7 centers, 19 frags.
2025-05-29 11:39:35,531 - ForkPoolWorker-12 - INFO - Tokenizing context file: 239900-v2.0.0-mixed
2025-05-29 11:39:35,532 - ForkPoolWorker-11 - INFO - Tokenizing context file: 241987-v2.0.0-mixed
2025-05-29 11:39:35,532 - ForkPoolWorker-4 - INFO - Tokenizing context file: 245274-v2.0.0-mixed
2025-05-29 11:39:35,532 - ForkPoolWorker-6 - INFO - Finished tokenizing 241709-v2.0.0-mixed: 1 centers, 4 frags.
2025-05-29 11:39:35,532 - ForkPoolWorker-9 - INFO - Finished tokenizing 242376-v2.0.0-mixed: 4 centers, 14 frags.
2025-05-29 11:39:35,532 - ForkPoolWorker-3 - INFO - Finished tokenizing 248668-v2.0.0-mixed: 2 centers, 9 frags.
2025-05-29 11:39:35,532 - ForkPoolWorker-9 - INFO - Tokenizing context file: 240746-v2.0.0-mixed
2025-05-29 11:39:35,532 - ForkPoolWorker-10 - INFO - Finished tokenizing 244372-v2.0.0-mixed: 2 centers, 9 frags.
2025-05-29 11:39:35,532 - ForkPoolWorker-8 - INFO - Finished tokenizing 242769-v2.0.0-mixed: 1 centers, 2 frags.
2025-05-29 11:39:35,532 - ForkPoolWorker-2 - INFO - Finished tokenizing 243084-v2.0.0-mixed: 7 centers, 19 frags.
2025-05-29 11:39:35,533 - ForkPoolWorker-12 - INFO - Finished tokenizing 239900-v2.0.0-mixed: 4 centers, 11 frags.
2025-05-29 11:39:35,533 - ForkPoolWorker-9 - INFO - Finished tokenizing 240746-v2.0.0-mixed: 1 centers, 2 frags.
2025-05-29 11:39:35,533 - ForkPoolWorker-11 - INFO - Finished tokenizing 241987-v2.0.0-mixed: 4 centers, 14 frags.
2025-05-29 11:39:35,533 - ForkPoolWorker-1 - INFO - Finished tokenizing 248249-v2.0.0-mixed: 2 centers, 10 frags.
2025-05-29 11:39:35,533 - ForkPoolWorker-4 - INFO - Finished tokenizing 245274-v2.0.0-mixed: 2 centers, 11 frags.
2025-05-29 11:39:35,533 - ForkPoolWorker-5 - INFO - Finished tokenizing 246861-v2.0.0-mixed: 5 centers, 30 frags.
2025-05-29 11:39:35,533 - ForkPoolWorker-3 - INFO - Tokenizing context file: 245744-v2.0.0-mixed
2025-05-29 11:39:35,533 - ForkPoolWorker-10 - INFO - Tokenizing context file: 248575-v2.0.0-mixed
2025-05-29 11:39:35,533 - ForkPoolWorker-8 - INFO - Tokenizing context file: 244921-v2.0.0-mixed
2025-05-29 11:39:35,533 - ForkPoolWorker-6 - INFO - Tokenizing context file: 242643-v2.0.0-mixed
2025-05-29 11:39:35,533 - ForkPoolWorker-2 - INFO - Tokenizing context file: 500931-v1.0.0-bad
2025-05-29 11:39:35,533 - ForkPoolWorker-5 - INFO - Tokenizing context file: 247657-v2.0.0-mixed
2025-05-29 11:39:35,533 - ForkPoolWorker-12 - INFO - Tokenizing context file: 241933-v2.0.0-mixed
2025-05-29 11:39:35,533 - ForkPoolWorker-7 - INFO - Finished tokenizing 244777-v2.0.0-mixed: 3 centers, 8 frags.
2025-05-29 11:39:35,533 - ForkPoolWorker-11 - INFO - Tokenizing context file: 242061-v2.0.0-mixed
2025-05-29 11:39:35,533 - ForkPoolWorker-9 - INFO - Tokenizing context file: 242992-v2.0.0-mixed
2025-05-29 11:39:35,533 - ForkPoolWorker-4 - INFO - Tokenizing context file: 234625-v2.0.0-mixed
2025-05-29 11:39:35,533 - ForkPoolWorker-7 - INFO - Tokenizing context file: 248649-v2.0.0-mixed
2025-05-29 11:39:35,533 - ForkPoolWorker-1 - INFO - Tokenizing context file: 239878-v2.0.0-mixed
2025-05-29 11:39:35,534 - ForkPoolWorker-2 - INFO - Finished tokenizing 500931-v1.0.0-bad: 1 centers, 2 frags.
2025-05-29 11:39:35,534 - ForkPoolWorker-3 - INFO - Finished tokenizing 245744-v2.0.0-mixed: 1 centers, 5 frags.
2025-05-29 11:39:35,534 - ForkPoolWorker-2 - INFO - Tokenizing context file: 243360-v2.0.0-mixed
2025-05-29 11:39:35,534 - ForkPoolWorker-1 - INFO - Finished tokenizing 239878-v2.0.0-mixed: 0 centers, 0 frags.
2025-05-29 11:39:35,534 - ForkPoolWorker-8 - INFO - Finished tokenizing 244921-v2.0.0-mixed: 3 centers, 8 frags.
2025-05-29 11:39:35,534 - ForkPoolWorker-3 - INFO - Tokenizing context file: 248345-v2.0.0-mixed
2025-05-29 11:39:35,534 - ForkPoolWorker-1 - INFO - Tokenizing context file: 500774-v1.0.0-bad
2025-05-29 11:39:35,534 - ForkPoolWorker-10 - INFO - Finished tokenizing 248575-v2.0.0-mixed: 1 centers, 5 frags.
2025-05-29 11:39:35,534 - ForkPoolWorker-8 - INFO - Tokenizing context file: 242988-v2.0.0-mixed
2025-05-29 11:39:35,534 - ForkPoolWorker-4 - INFO - Finished tokenizing 234625-v2.0.0-mixed: 3 centers, 7 frags.
2025-05-29 11:39:35,534 - ForkPoolWorker-5 - INFO - Finished tokenizing 247657-v2.0.0-mixed: 3 centers, 8 frags.
2025-05-29 11:39:35,534 - ForkPoolWorker-7 - INFO - Finished tokenizing 248649-v2.0.0-mixed: 4 centers, 10 frags.
2025-05-29 11:39:35,534 - ForkPoolWorker-10 - INFO - Tokenizing context file: 235576-v2.0.0-mixed
2025-05-29 11:39:35,534 - ForkPoolWorker-7 - INFO - Tokenizing context file: 234766-v2.0.0-mixed
2025-05-29 11:39:35,534 - ForkPoolWorker-4 - INFO - Tokenizing context file: 500924-v1.0.0-bad
2025-05-29 11:39:35,534 - ForkPoolWorker-11 - INFO - Finished tokenizing 242061-v2.0.0-mixed: 7 centers, 19 frags.
2025-05-29 11:39:35,534 - ForkPoolWorker-9 - INFO - Finished tokenizing 242992-v2.0.0-mixed: 4 centers, 14 frags.
2025-05-29 11:39:35,535 - ForkPoolWorker-3 - INFO - Finished tokenizing 248345-v2.0.0-mixed: 3 centers, 11 frags.
2025-05-29 11:39:35,535 - ForkPoolWorker-12 - INFO - Finished tokenizing 241933-v2.0.0-mixed: 7 centers, 21 frags.
2025-05-29 11:39:35,535 - ForkPoolWorker-6 - INFO - Finished tokenizing 242643-v2.0.0-mixed: 4 centers, 18 frags.
2025-05-29 11:39:35,535 - ForkPoolWorker-7 - INFO - Finished tokenizing 234766-v2.0.0-mixed: 1 centers, 3 frags.
2025-05-29 11:39:35,535 - ForkPoolWorker-4 - INFO - Finished tokenizing 500924-v1.0.0-bad: 1 centers, 5 frags.
2025-05-29 11:39:35,535 - ForkPoolWorker-1 - INFO - Finished tokenizing 500774-v1.0.0-bad: 1 centers, 5 frags.
2025-05-29 11:39:35,535 - ForkPoolWorker-2 - INFO - Finished tokenizing 243360-v2.0.0-mixed: 4 centers, 18 frags.
2025-05-29 11:39:35,535 - ForkPoolWorker-10 - INFO - Finished tokenizing 235576-v2.0.0-mixed: 3 centers, 15 frags.
2025-05-29 11:39:35,535 - ForkPoolWorker-8 - INFO - Finished tokenizing 242988-v2.0.0-mixed: 7 centers, 27 frags.
2025-05-29 11:39:35,536 - ForkPoolWorker-5 - INFO - Tokenizing context file: 242560-v2.0.0-mixed
2025-05-29 11:39:35,536 - ForkPoolWorker-11 - INFO - Tokenizing context file: 2043-v1.0.0-bad
2025-05-29 11:39:35,536 - ForkPoolWorker-9 - INFO - Tokenizing context file: 247985-v2.0.0-mixed
2025-05-29 11:39:35,536 - ForkPoolWorker-3 - INFO - Tokenizing context file: 240889-v2.0.0-mixed
2025-05-29 11:39:35,536 - ForkPoolWorker-11 - INFO - Finished tokenizing 2043-v1.0.0-bad: 1 centers, 4 frags.
2025-05-29 11:39:35,536 - ForkPoolWorker-12 - INFO - Tokenizing context file: 245637-v2.0.0-mixed
2025-05-29 11:39:35,537 - ForkPoolWorker-6 - INFO - Tokenizing context file: 234131-v2.0.0-mixed
2025-05-29 11:39:35,537 - ForkPoolWorker-7 - INFO - Tokenizing context file: 242295-v2.0.0-mixed
2025-05-29 11:39:35,537 - ForkPoolWorker-4 - INFO - Tokenizing context file: 235620-v2.0.0-mixed
2025-05-29 11:39:35,537 - ForkPoolWorker-9 - INFO - Finished tokenizing 247985-v2.0.0-mixed: 3 centers, 8 frags.
2025-05-29 11:39:35,537 - ForkPoolWorker-1 - INFO - Tokenizing context file: 2053-v1.0.0-bad
2025-05-29 11:39:35,537 - ForkPoolWorker-12 - INFO - Finished tokenizing 245637-v2.0.0-mixed: 3 centers, 8 frags.
2025-05-29 11:39:35,537 - ForkPoolWorker-3 - INFO - Finished tokenizing 240889-v2.0.0-mixed: 2 centers, 7 frags.
2025-05-29 11:39:35,537 - ForkPoolWorker-1 - INFO - Finished tokenizing 2053-v1.0.0-bad: 2 centers, 4 frags.
2025-05-29 11:39:35,538 - ForkPoolWorker-5 - INFO - Finished tokenizing 242560-v2.0.0-mixed: 6 centers, 37 frags.
2025-05-29 11:39:35,538 - ForkPoolWorker-6 - INFO - Finished tokenizing 234131-v2.0.0-mixed: 4 centers, 11 frags.
2025-05-29 11:39:35,538 - ForkPoolWorker-7 - INFO - Finished tokenizing 242295-v2.0.0-mixed: 2 centers, 9 frags.
2025-05-29 11:39:35,538 - ForkPoolWorker-2 - INFO - Tokenizing context file: 235479-v2.0.0-mixed
2025-05-29 11:39:35,538 - ForkPoolWorker-4 - INFO - Finished tokenizing 235620-v2.0.0-mixed: 3 centers, 15 frags.
2025-05-29 11:39:35,538 - ForkPoolWorker-10 - INFO - Tokenizing context file: 241772-v2.0.0-mixed
2025-05-29 11:39:35,539 - ForkPoolWorker-8 - INFO - Tokenizing context file: 246761-v2.0.0-mixed
2025-05-29 11:39:35,539 - ForkPoolWorker-11 - INFO - Tokenizing context file: 242079-v2.0.0-mixed
2025-05-29 11:39:35,539 - ForkPoolWorker-9 - INFO - Tokenizing context file: 235321-v2.0.0-mixed
2025-05-29 11:39:35,539 - ForkPoolWorker-2 - INFO - Finished tokenizing 235479-v2.0.0-mixed: 7 centers, 20 frags.
2025-05-29 11:39:35,539 - ForkPoolWorker-10 - INFO - Finished tokenizing 241772-v2.0.0-mixed: 7 centers, 27 frags.
2025-05-29 11:39:35,539 - ForkPoolWorker-8 - INFO - Finished tokenizing 246761-v2.0.0-mixed: 4 centers, 9 frags.
2025-05-29 11:39:35,540 - ForkPoolWorker-12 - INFO - Tokenizing context file: 500801-v1.0.0-bad
2025-05-29 11:39:35,540 - ForkPoolWorker-9 - INFO - Finished tokenizing 235321-v2.0.0-mixed: 6 centers, 16 frags.
2025-05-29 11:39:35,540 - ForkPoolWorker-3 - INFO - Tokenizing context file: 242126-v2.0.0-mixed
2025-05-29 11:39:35,540 - ForkPoolWorker-1 - INFO - Tokenizing context file: 243955-v2.0.0-mixed
2025-05-29 11:39:35,540 - ForkPoolWorker-12 - INFO - Finished tokenizing 500801-v1.0.0-bad: 1 centers, 4 frags.
2025-05-29 11:39:35,540 - ForkPoolWorker-11 - INFO - Finished tokenizing 242079-v2.0.0-mixed: 6 centers, 35 frags.
2025-05-29 11:39:35,541 - ForkPoolWorker-1 - INFO - Finished tokenizing 243955-v2.0.0-mixed: 4 centers, 19 frags.
2025-05-29 11:39:35,541 - ForkPoolWorker-3 - INFO - Finished tokenizing 242126-v2.0.0-mixed: 7 centers, 27 frags.
2025-05-29 11:39:35,541 - ForkPoolWorker-5 - INFO - Tokenizing context file: 244973-v2.0.0-mixed
2025-05-29 11:39:35,542 - ForkPoolWorker-5 - INFO - Finished tokenizing 244973-v2.0.0-mixed: 5 centers, 18 frags.
2025-05-29 11:39:35,542 - ForkPoolWorker-3 - INFO - Tokenizing context file: 243014-v2.0.0-mixed
2025-05-29 11:39:35,543 - ForkPoolWorker-7 - INFO - Tokenizing context file: 247089-v2.0.0-mixed
2025-05-29 11:39:35,544 - ForkPoolWorker-3 - INFO - Finished tokenizing 243014-v2.0.0-mixed: 4 centers, 11 frags.
2025-05-29 11:39:35,544 - ForkPoolWorker-7 - INFO - Finished tokenizing 247089-v2.0.0-mixed: 3 centers, 9 frags.
2025-05-29 11:39:35,544 - ForkPoolWorker-4 - INFO - Tokenizing context file: 245581-v2.0.0-mixed
2025-05-29 11:39:35,544 - ForkPoolWorker-2 - INFO - Tokenizing context file: 243394-v2.0.0-mixed
2025-05-29 11:39:35,544 - ForkPoolWorker-3 - INFO - Tokenizing context file: 242829-v2.0.0-mixed
2025-05-29 11:39:35,545 - ForkPoolWorker-4 - INFO - Finished tokenizing 245581-v2.0.0-mixed: 3 centers, 8 frags.
2025-05-29 11:39:35,545 - ForkPoolWorker-10 - INFO - Tokenizing context file: 242614-v2.0.0-mixed
2025-05-29 11:39:35,545 - ForkPoolWorker-2 - INFO - Finished tokenizing 243394-v2.0.0-mixed: 6 centers, 23 frags.
2025-05-29 11:39:35,545 - ForkPoolWorker-3 - INFO - Finished tokenizing 242829-v2.0.0-mixed: 7 centers, 19 frags.
2025-05-29 11:39:35,545 - ForkPoolWorker-9 - INFO - Tokenizing context file: 246149-v2.0.0-mixed
2025-05-29 11:39:35,545 - ForkPoolWorker-12 - INFO - Tokenizing context file: 241079-v2.0.0-mixed
2025-05-29 11:39:35,546 - ForkPoolWorker-10 - INFO - Finished tokenizing 242614-v2.0.0-mixed: 2 centers, 9 frags.
2025-05-29 11:39:35,546 - ForkPoolWorker-9 - INFO - Finished tokenizing 246149-v2.0.0-mixed: 6 centers, 15 frags.
2025-05-29 11:39:35,546 - ForkPoolWorker-12 - INFO - Finished tokenizing 241079-v2.0.0-mixed: 5 centers, 13 frags.
2025-05-29 11:39:35,546 - ForkPoolWorker-12 - INFO - Tokenizing context file: 242512-v2.0.0-mixed
2025-05-29 11:39:35,546 - ForkPoolWorker-11 - INFO - Tokenizing context file: 242032-v2.0.0-mixed
2025-05-29 11:39:35,546 - ForkPoolWorker-1 - INFO - Tokenizing context file: 243456-v2.0.0-mixed
2025-05-29 11:39:35,547 - ForkPoolWorker-5 - INFO - Tokenizing context file: 243850-v2.0.0-mixed
2025-05-29 11:39:35,547 - ForkPoolWorker-7 - INFO - Tokenizing context file: 243722-v2.0.0-mixed
2025-05-29 11:39:35,547 - ForkPoolWorker-11 - INFO - Finished tokenizing 242032-v2.0.0-mixed: 4 centers, 14 frags.
2025-05-29 11:39:35,547 - ForkPoolWorker-12 - INFO - Finished tokenizing 242512-v2.0.0-mixed: 4 centers, 14 frags.
2025-05-29 11:39:35,547 - ForkPoolWorker-7 - INFO - Finished tokenizing 243722-v2.0.0-mixed: 3 centers, 10 frags.
2025-05-29 11:39:35,547 - ForkPoolWorker-5 - INFO - Finished tokenizing 243850-v2.0.0-mixed: 3 centers, 10 frags.
2025-05-29 11:39:35,548 - ForkPoolWorker-1 - INFO - Finished tokenizing 243456-v2.0.0-mixed: 4 centers, 18 frags.
2025-05-29 11:39:35,548 - ForkPoolWorker-8 - INFO - Tokenizing context file: 243058-v2.0.0-mixed
2025-05-29 11:39:35,548 - ForkPoolWorker-4 - INFO - Tokenizing context file: 245128-v2.0.0-mixed
2025-05-29 11:39:35,548 - ForkPoolWorker-2 - INFO - Tokenizing context file: 242736-v2.0.0-mixed
2025-05-29 11:39:35,548 - ForkPoolWorker-3 - INFO - Tokenizing context file: 245721-v2.0.0-mixed
2025-05-29 11:39:35,548 - ForkPoolWorker-10 - INFO - Tokenizing context file: 243373-v2.0.0-mixed
2025-05-29 11:39:35,548 - ForkPoolWorker-9 - INFO - Tokenizing context file: 242834-v2.0.0-mixed
2025-05-29 11:39:35,549 - ForkPoolWorker-4 - INFO - Finished tokenizing 245128-v2.0.0-mixed: 2 centers, 8 frags.
2025-05-29 11:39:35,549 - ForkPoolWorker-8 - INFO - Finished tokenizing 243058-v2.0.0-mixed: 1 centers, 2 frags.
2025-05-29 11:39:35,549 - ForkPoolWorker-9 - INFO - Finished tokenizing 242834-v2.0.0-mixed: 1 centers, 2 frags.
2025-05-29 11:39:35,549 - ForkPoolWorker-3 - INFO - Finished tokenizing 245721-v2.0.0-mixed: 3 centers, 8 frags.
2025-05-29 11:39:35,549 - ForkPoolWorker-2 - INFO - Finished tokenizing 242736-v2.0.0-mixed: 4 centers, 14 frags.
2025-05-29 11:39:35,550 - ForkPoolWorker-10 - INFO - Finished tokenizing 243373-v2.0.0-mixed: 7 centers, 27 frags.
2025-05-29 11:39:35,550 - ForkPoolWorker-6 - INFO - Tokenizing context file: 235120-v2.0.0-mixed
2025-05-29 11:39:35,550 - ForkPoolWorker-11 - INFO - Tokenizing context file: 500944-v1.0.0-bad
2025-05-29 11:39:35,550 - ForkPoolWorker-12 - INFO - Tokenizing context file: 248081-v2.0.0-mixed
2025-05-29 11:39:35,551 - ForkPoolWorker-12 - INFO - Finished tokenizing 248081-v2.0.0-mixed: 3 centers, 8 frags.
2025-05-29 11:39:35,551 - ForkPoolWorker-6 - INFO - Finished tokenizing 235120-v2.0.0-mixed: 3 centers, 6 frags.
2025-05-29 11:39:35,551 - ForkPoolWorker-11 - INFO - Finished tokenizing 500944-v1.0.0-bad: 3 centers, 10 frags.
2025-05-29 11:39:35,551 - ForkPoolWorker-5 - INFO - Tokenizing context file: 246834-v2.0.0-mixed
2025-05-29 11:39:35,551 - ForkPoolWorker-7 - INFO - Tokenizing context file: 234365-v2.0.0-mixed
2025-05-29 11:39:35,551 - ForkPoolWorker-1 - INFO - Tokenizing context file: 235492-v2.0.0-mixed
2025-05-29 11:39:35,552 - ForkPoolWorker-7 - INFO - Finished tokenizing 234365-v2.0.0-mixed: 5 centers, 11 frags.
2025-05-29 11:39:35,552 - ForkPoolWorker-5 - INFO - Finished tokenizing 246834-v2.0.0-mixed: 3 centers, 15 frags.
2025-05-29 11:39:35,552 - ForkPoolWorker-1 - INFO - Finished tokenizing 235492-v2.0.0-mixed: 3 centers, 13 frags.
2025-05-29 11:39:35,553 - ForkPoolWorker-4 - INFO - Tokenizing context file: 245065-v2.0.0-mixed
2025-05-29 11:39:35,553 - ForkPoolWorker-9 - INFO - Tokenizing context file: 243305-v2.0.0-mixed
2025-05-29 11:39:35,553 - ForkPoolWorker-8 - INFO - Tokenizing context file: 240282-v2.0.0-mixed
2025-05-29 11:39:35,553 - ForkPoolWorker-2 - INFO - Tokenizing context file: 240699-v2.0.0-mixed
2025-05-29 11:39:35,553 - ForkPoolWorker-3 - INFO - Tokenizing context file: 247682-v2.0.0-mixed
2025-05-29 11:39:35,553 - ForkPoolWorker-10 - INFO - Tokenizing context file: 243418-v2.0.0-mixed
2025-05-29 11:39:35,554 - ForkPoolWorker-12 - INFO - Tokenizing context file: 242318-v2.0.0-mixed
2025-05-29 11:39:35,554 - ForkPoolWorker-9 - INFO - Finished tokenizing 243305-v2.0.0-mixed: 4 centers, 14 frags.
2025-05-29 11:39:35,554 - ForkPoolWorker-6 - INFO - Tokenizing context file: 243005-v2.0.0-mixed
2025-05-29 11:39:35,554 - ForkPoolWorker-8 - INFO - Finished tokenizing 240282-v2.0.0-mixed: 4 centers, 13 frags.
2025-05-29 11:39:35,554 - ForkPoolWorker-3 - INFO - Finished tokenizing 247682-v2.0.0-mixed: 2 centers, 9 frags.
2025-05-29 11:39:35,554 - ForkPoolWorker-4 - INFO - Finished tokenizing 245065-v2.0.0-mixed: 3 centers, 10 frags.
2025-05-29 11:39:35,554 - ForkPoolWorker-10 - INFO - Finished tokenizing 243418-v2.0.0-mixed: 2 centers, 6 frags.
2025-05-29 11:39:35,554 - ForkPoolWorker-11 - INFO - Tokenizing context file: 243057-v2.0.0-mixed
2025-05-29 11:39:35,554 - ForkPoolWorker-7 - INFO - Tokenizing context file: 242753-v2.0.0-mixed
2025-05-29 11:39:35,555 - ForkPoolWorker-5 - INFO - Tokenizing context file: 245317-v2.0.0-mixed
2025-05-29 11:39:35,555 - ForkPoolWorker-1 - INFO - Tokenizing context file: 500906-v1.0.0-bad
2025-05-29 11:39:35,555 - ForkPoolWorker-9 - INFO - Tokenizing context file: 243099-v2.0.0-mixed
2025-05-29 11:39:35,555 - ForkPoolWorker-8 - INFO - Tokenizing context file: 247300-v2.0.0-mixed
2025-05-29 11:39:35,555 - ForkPoolWorker-3 - INFO - Tokenizing context file: 242996-v2.0.0-mixed
2025-05-29 11:39:35,555 - ForkPoolWorker-4 - INFO - Tokenizing context file: 500759-v1.0.0-bad
2025-05-29 11:39:35,555 - ForkPoolWorker-10 - INFO - Tokenizing context file: 248102-v2.0.0-mixed
2025-05-29 11:39:35,555 - ForkPoolWorker-11 - INFO - Finished tokenizing 243057-v2.0.0-mixed: 1 centers, 2 frags.
2025-05-29 11:39:35,555 - ForkPoolWorker-11 - INFO - Tokenizing context file: 243135-v2.0.0-mixed
2025-05-29 11:39:35,555 - ForkPoolWorker-12 - INFO - Finished tokenizing 242318-v2.0.0-mixed: 7 centers, 27 frags.
2025-05-29 11:39:35,555 - ForkPoolWorker-6 - INFO - Finished tokenizing 243005-v2.0.0-mixed: 6 centers, 21 frags.
2025-05-29 11:39:35,555 - ForkPoolWorker-2 - INFO - Finished tokenizing 240699-v2.0.0-mixed: 6 centers, 40 frags.
2025-05-29 11:39:35,555 - ForkPoolWorker-6 - INFO - Tokenizing context file: 500780-v1.0.0-bad
2025-05-29 11:39:35,555 - ForkPoolWorker-12 - INFO - Tokenizing context file: 235338-v2.0.0-mixed
2025-05-29 11:39:35,555 - ForkPoolWorker-1 - INFO - Finished tokenizing 500906-v1.0.0-bad: 1 centers, 4 frags.
2025-05-29 11:39:35,556 - ForkPoolWorker-9 - INFO - Finished tokenizing 243099-v2.0.0-mixed: 2 centers, 6 frags.
2025-05-29 11:39:35,556 - ForkPoolWorker-2 - INFO - Tokenizing context file: 242039-v2.0.0-mixed
2025-05-29 11:39:35,556 - ForkPoolWorker-9 - INFO - Tokenizing context file: 248623-v2.0.0-mixed
2025-05-29 11:39:35,556 - ForkPoolWorker-1 - INFO - Tokenizing context file: 242682-v2.0.0-mixed
2025-05-29 11:39:35,556 - ForkPoolWorker-8 - INFO - Finished tokenizing 247300-v2.0.0-mixed: 2 centers, 11 frags.
2025-05-29 11:39:35,556 - ForkPoolWorker-8 - INFO - Tokenizing context file: 242910-v2.0.0-mixed
2025-05-29 11:39:35,556 - ForkPoolWorker-5 - INFO - Finished tokenizing 245317-v2.0.0-mixed: 2 centers, 9 frags.
2025-05-29 11:39:35,556 - ForkPoolWorker-6 - INFO - Finished tokenizing 500780-v1.0.0-bad: 2 centers, 4 frags.
2025-05-29 11:39:35,557 - ForkPoolWorker-6 - INFO - Tokenizing context file: 242468-v2.0.0-mixed
2025-05-29 11:39:35,557 - ForkPoolWorker-5 - INFO - Tokenizing context file: 500843-v1.0.0-bad
2025-05-29 11:39:35,557 - ForkPoolWorker-3 - INFO - Finished tokenizing 242996-v2.0.0-mixed: 18 centers, 23 frags.
2025-05-29 11:39:35,557 - ForkPoolWorker-3 - INFO - Tokenizing context file: 240601-v2.0.0-mixed
2025-05-29 11:39:35,557 - ForkPoolWorker-12 - INFO - Finished tokenizing 235338-v2.0.0-mixed: 3 centers, 15 frags.
2025-05-29 11:39:35,557 - ForkPoolWorker-12 - INFO - Tokenizing context file: 234998-v2.0.0-mixed
2025-05-29 11:39:35,557 - ForkPoolWorker-9 - INFO - Finished tokenizing 248623-v2.0.0-mixed: 1 centers, 7 frags.
2025-05-29 11:39:35,557 - ForkPoolWorker-9 - INFO - Tokenizing context file: 243964-v2.0.0-mixed
2025-05-29 11:39:35,557 - ForkPoolWorker-5 - INFO - Finished tokenizing 500843-v1.0.0-bad: 1 centers, 4 frags.
2025-05-29 11:39:35,557 - ForkPoolWorker-5 - INFO - Tokenizing context file: 242789-v2.0.0-mixed
2025-05-29 11:39:35,557 - ForkPoolWorker-8 - INFO - Finished tokenizing 242910-v2.0.0-mixed: 4 centers, 13 frags.
2025-05-29 11:39:35,557 - ForkPoolWorker-8 - INFO - Tokenizing context file: 243183-v2.0.0-mixed
2025-05-29 11:39:35,558 - ForkPoolWorker-7 - INFO - Finished tokenizing 242753-v2.0.0-mixed: 26 centers, 40 frags.
2025-05-29 11:39:35,558 - ForkPoolWorker-7 - INFO - Tokenizing context file: 501003-v1.0.0-bad
2025-05-29 11:39:35,558 - ForkPoolWorker-6 - INFO - Finished tokenizing 242468-v2.0.0-mixed: 5 centers, 17 frags.
2025-05-29 11:39:35,558 - ForkPoolWorker-6 - INFO - Tokenizing context file: 234767-v2.0.0-mixed
2025-05-29 11:39:35,558 - ForkPoolWorker-11 - INFO - Finished tokenizing 243135-v2.0.0-mixed: 6 centers, 17 frags.
2025-05-29 11:39:35,558 - ForkPoolWorker-11 - INFO - Tokenizing context file: 240773-v2.0.0-mixed
2025-05-29 11:39:35,558 - ForkPoolWorker-4 - INFO - Finished tokenizing 500759-v1.0.0-bad: 1 centers, 4 frags.
2025-05-29 11:39:35,558 - ForkPoolWorker-4 - INFO - Tokenizing context file: 245366-v2.0.0-mixed
2025-05-29 11:39:35,558 - ForkPoolWorker-2 - INFO - Finished tokenizing 242039-v2.0.0-mixed: 2 centers, 9 frags.
2025-05-29 11:39:35,559 - ForkPoolWorker-6 - INFO - Finished tokenizing 234767-v2.0.0-mixed: 1 centers, 3 frags.
2025-05-29 11:39:35,559 - ForkPoolWorker-10 - INFO - Finished tokenizing 248102-v2.0.0-mixed: 2 centers, 11 frags.
2025-05-29 11:39:35,559 - ForkPoolWorker-7 - INFO - Finished tokenizing 501003-v1.0.0-bad: 0 centers, 0 frags.
2025-05-29 11:39:35,559 - ForkPoolWorker-1 - INFO - Finished tokenizing 242682-v2.0.0-mixed: 6 centers, 28 frags.
2025-05-29 11:39:35,559 - ForkPoolWorker-11 - INFO - Finished tokenizing 240773-v2.0.0-mixed: 1 centers, 2 frags.
2025-05-29 11:39:35,559 - ForkPoolWorker-9 - INFO - Finished tokenizing 243964-v2.0.0-mixed: 7 centers, 30 frags.
2025-05-29 11:39:35,559 - ForkPoolWorker-12 - INFO - Finished tokenizing 234998-v2.0.0-mixed: 1 centers, 4 frags.
2025-05-29 11:39:35,559 - ForkPoolWorker-4 - INFO - Finished tokenizing 245366-v2.0.0-mixed: 2 centers, 9 frags.
2025-05-29 11:39:35,559 - ForkPoolWorker-5 - INFO - Finished tokenizing 242789-v2.0.0-mixed: 7 centers, 23 frags.
2025-05-29 11:39:35,559 - ForkPoolWorker-3 - INFO - Finished tokenizing 240601-v2.0.0-mixed: 18 centers, 32 frags.
2025-05-29 11:39:35,559 - ForkPoolWorker-8 - INFO - Finished tokenizing 243183-v2.0.0-mixed: 7 centers, 23 frags.
2025-05-29 11:39:35,561 - ForkPoolWorker-2 - INFO - Tokenizing context file: 242373-v2.0.0-mixed
2025-05-29 11:39:35,561 - ForkPoolWorker-6 - INFO - Tokenizing context file: 242941-v2.0.0-mixed
2025-05-29 11:39:35,561 - ForkPoolWorker-10 - INFO - Tokenizing context file: 240971-v2.0.0-mixed
2025-05-29 11:39:35,561 - ForkPoolWorker-7 - INFO - Tokenizing context file: 234122-v2.0.0-mixed
2025-05-29 11:39:35,561 - ForkPoolWorker-1 - INFO - Tokenizing context file: 241735-v2.0.0-mixed
2025-05-29 11:39:35,561 - ForkPoolWorker-11 - INFO - Tokenizing context file: 243950-v2.0.0-mixed
2025-05-29 11:39:35,561 - ForkPoolWorker-10 - INFO - Finished tokenizing 240971-v2.0.0-mixed: 2 centers, 7 frags.
2025-05-29 11:39:35,562 - ForkPoolWorker-9 - INFO - Tokenizing context file: 242271-v2.0.0-mixed
2025-05-29 11:39:35,562 - ForkPoolWorker-12 - INFO - Tokenizing context file: 239417-v2.0.0-mixed
2025-05-29 11:39:35,562 - ForkPoolWorker-4 - INFO - Tokenizing context file: 242044-v2.0.0-mixed
2025-05-29 11:39:35,562 - ForkPoolWorker-2 - INFO - Finished tokenizing 242373-v2.0.0-mixed: 7 centers, 28 frags.
2025-05-29 11:39:35,562 - ForkPoolWorker-1 - INFO - Finished tokenizing 241735-v2.0.0-mixed: 4 centers, 12 frags.
2025-05-29 11:39:35,562 - ForkPoolWorker-6 - INFO - Finished tokenizing 242941-v2.0.0-mixed: 6 centers, 36 frags.
2025-05-29 11:39:35,562 - ForkPoolWorker-12 - INFO - Finished tokenizing 239417-v2.0.0-mixed: 0 centers, 0 frags.
2025-05-29 11:39:35,563 - ForkPoolWorker-7 - INFO - Finished tokenizing 234122-v2.0.0-mixed: 6 centers, 36 frags.
2025-05-29 11:39:35,563 - ForkPoolWorker-11 - INFO - Finished tokenizing 243950-v2.0.0-mixed: 4 centers, 15 frags.
2025-05-29 11:39:35,563 - ForkPoolWorker-2 - INFO - Tokenizing context file: 242764-v2.0.0-mixed
2025-05-29 11:39:35,563 - ForkPoolWorker-4 - INFO - Finished tokenizing 242044-v2.0.0-mixed: 6 centers, 20 frags.
2025-05-29 11:39:35,564 - ForkPoolWorker-9 - INFO - Finished tokenizing 242271-v2.0.0-mixed: 6 centers, 35 frags.
2025-05-29 11:39:35,564 - ForkPoolWorker-2 - INFO - Finished tokenizing 242764-v2.0.0-mixed: 7 centers, 25 frags.
2025-05-29 11:39:35,564 - ForkPoolWorker-3 - INFO - Tokenizing context file: 241749-v2.0.0-mixed
2025-05-29 11:39:35,565 - ForkPoolWorker-8 - INFO - Tokenizing context file: 240694-v2.0.0-mixed
2025-05-29 11:39:35,565 - ForkPoolWorker-10 - INFO - Tokenizing context file: 248479-v2.0.0-mixed
2025-05-29 11:39:35,565 - ForkPoolWorker-1 - INFO - Tokenizing context file: 243351-v2.0.0-mixed
2025-05-29 11:39:35,565 - ForkPoolWorker-6 - INFO - Tokenizing context file: 244424-v2.0.0-mixed
2025-05-29 11:39:35,565 - ForkPoolWorker-12 - INFO - Tokenizing context file: 244413-v2.0.0-mixed
2025-05-29 11:39:35,565 - ForkPoolWorker-3 - INFO - Finished tokenizing 241749-v2.0.0-mixed: 6 centers, 20 frags.
2025-05-29 11:39:35,566 - ForkPoolWorker-12 - INFO - Finished tokenizing 244413-v2.0.0-mixed: 3 centers, 8 frags.
2025-05-29 11:39:35,566 - ForkPoolWorker-8 - INFO - Finished tokenizing 240694-v2.0.0-mixed: 2 centers, 9 frags.
2025-05-29 11:39:35,566 - ForkPoolWorker-10 - INFO - Finished tokenizing 248479-v2.0.0-mixed: 1 centers, 5 frags.
2025-05-29 11:39:35,566 - ForkPoolWorker-6 - INFO - Finished tokenizing 244424-v2.0.0-mixed: 1 centers, 5 frags.
2025-05-29 11:39:35,566 - ForkPoolWorker-1 - INFO - Finished tokenizing 243351-v2.0.0-mixed: 6 centers, 17 frags.
2025-05-29 11:39:35,567 - ForkPoolWorker-7 - INFO - Tokenizing context file: 242899-v2.0.0-mixed
2025-05-29 11:39:35,567 - ForkPoolWorker-11 - INFO - Tokenizing context file: 245601-v2.0.0-mixed
2025-05-29 11:39:35,568 - ForkPoolWorker-5 - INFO - Tokenizing context file: 1491-v1.0.0-bad
2025-05-29 11:39:35,568 - ForkPoolWorker-7 - INFO - Finished tokenizing 242899-v2.0.0-mixed: 4 centers, 14 frags.
2025-05-29 11:39:35,568 - ForkPoolWorker-4 - INFO - Tokenizing context file: 242872-v2.0.0-mixed
2025-05-29 11:39:35,568 - ForkPoolWorker-5 - INFO - Finished tokenizing 1491-v1.0.0-bad: 1 centers, 4 frags.
2025-05-29 11:39:35,568 - ForkPoolWorker-11 - INFO - Finished tokenizing 245601-v2.0.0-mixed: 2 centers, 8 frags.
2025-05-29 11:39:35,568 - ForkPoolWorker-9 - INFO - Tokenizing context file: 241453-v2.0.0-mixed
2025-05-29 11:39:35,569 - ForkPoolWorker-4 - INFO - Finished tokenizing 242872-v2.0.0-mixed: 2 centers, 9 frags.
2025-05-29 11:39:35,569 - ForkPoolWorker-9 - INFO - Finished tokenizing 241453-v2.0.0-mixed: 1 centers, 4 frags.
2025-05-29 11:39:35,570 - ForkPoolWorker-2 - INFO - Tokenizing context file: 235213-v2.0.0-mixed
2025-05-29 11:39:35,570 - ForkPoolWorker-3 - INFO - Tokenizing context file: 242541-v2.0.0-mixed
2025-05-29 11:39:35,571 - ForkPoolWorker-12 - INFO - Tokenizing context file: 243211-v2.0.0-mixed
2025-05-29 11:39:35,571 - ForkPoolWorker-2 - INFO - Finished tokenizing 235213-v2.0.0-mixed: 3 centers, 15 frags.
2025-05-29 11:39:35,571 - ForkPoolWorker-8 - INFO - Tokenizing context file: 500940-v1.0.0-bad
2025-05-29 11:39:35,571 - ForkPoolWorker-10 - INFO - Tokenizing context file: 242105-v2.0.0-mixed
2025-05-29 11:39:35,571 - ForkPoolWorker-6 - INFO - Tokenizing context file: 247341-v2.0.0-mixed
2025-05-29 11:39:35,571 - ForkPoolWorker-3 - INFO - Finished tokenizing 242541-v2.0.0-mixed: 7 centers, 19 frags.
2025-05-29 11:39:35,571 - ForkPoolWorker-2 - INFO - Tokenizing context file: 242029-v2.0.0-mixed
2025-05-29 11:39:35,571 - ForkPoolWorker-7 - INFO - Tokenizing context file: 245792-v2.0.0-mixed
2025-05-29 11:39:35,571 - ForkPoolWorker-5 - INFO - Tokenizing context file: 242783-v2.0.0-mixed
2025-05-29 11:39:35,571 - ForkPoolWorker-11 - INFO - Tokenizing context file: 247113-v2.0.0-mixed
2025-05-29 11:39:35,571 - ForkPoolWorker-1 - INFO - Tokenizing context file: 244700-v2.0.0-mixed
2025-05-29 11:39:35,571 - ForkPoolWorker-3 - INFO - Tokenizing context file: 246737-v2.0.0-mixed
2025-05-29 11:39:35,571 - ForkPoolWorker-8 - INFO - Finished tokenizing 500940-v1.0.0-bad: 2 centers, 3 frags.
2025-05-29 11:39:35,571 - ForkPoolWorker-8 - INFO - Tokenizing context file: 242405-v2.0.0-mixed
2025-05-29 11:39:35,572 - ForkPoolWorker-10 - INFO - Finished tokenizing 242105-v2.0.0-mixed: 2 centers, 9 frags.
2025-05-29 11:39:35,572 - ForkPoolWorker-4 - INFO - Tokenizing context file: 242264-v2.0.0-mixed
2025-05-29 11:39:35,572 - ForkPoolWorker-10 - INFO - Tokenizing context file: 243157-v2.0.0-mixed
2025-05-29 11:39:35,572 - ForkPoolWorker-6 - INFO - Finished tokenizing 247341-v2.0.0-mixed: 3 centers, 11 frags.
2025-05-29 11:39:35,572 - ForkPoolWorker-7 - INFO - Finished tokenizing 245792-v2.0.0-mixed: 1 centers, 7 frags.
2025-05-29 11:39:35,572 - ForkPoolWorker-9 - INFO - Tokenizing context file: 242836-v2.0.0-mixed
2025-05-29 11:39:35,572 - ForkPoolWorker-1 - INFO - Finished tokenizing 244700-v2.0.0-mixed: 2 centers, 8 frags.
2025-05-29 11:39:35,572 - ForkPoolWorker-12 - INFO - Finished tokenizing 243211-v2.0.0-mixed: 4 centers, 17 frags.
2025-05-29 11:39:35,572 - ForkPoolWorker-3 - INFO - Finished tokenizing 246737-v2.0.0-mixed: 3 centers, 13 frags.
2025-05-29 11:39:35,573 - ForkPoolWorker-5 - INFO - Finished tokenizing 242783-v2.0.0-mixed: 6 centers, 26 frags.
2025-05-29 11:39:35,573 - ForkPoolWorker-2 - INFO - Finished tokenizing 242029-v2.0.0-mixed: 7 centers, 21 frags.
2025-05-29 11:39:35,573 - ForkPoolWorker-10 - INFO - Finished tokenizing 243157-v2.0.0-mixed: 4 centers, 13 frags.
2025-05-29 11:39:35,573 - ForkPoolWorker-6 - INFO - Tokenizing context file: 239904-v2.0.0-mixed
2025-05-29 11:39:35,573 - ForkPoolWorker-7 - INFO - Tokenizing context file: 243356-v2.0.0-mixed
2025-05-29 11:39:35,573 - ForkPoolWorker-1 - INFO - Tokenizing context file: 241720-v2.0.0-mixed
2025-05-29 11:39:35,573 - ForkPoolWorker-10 - INFO - Tokenizing context file: 241455-v2.0.0-mixed
2025-05-29 11:39:35,573 - ForkPoolWorker-5 - INFO - Tokenizing context file: 245513-v2.0.0-mixed
2025-05-29 11:39:35,573 - ForkPoolWorker-2 - INFO - Tokenizing context file: 241961-v2.0.0-mixed
2025-05-29 11:39:35,573 - ForkPoolWorker-8 - INFO - Finished tokenizing 242405-v2.0.0-mixed: 7 centers, 23 frags.
2025-05-29 11:39:35,573 - ForkPoolWorker-11 - INFO - Finished tokenizing 247113-v2.0.0-mixed: 2 centers, 6 frags.
2025-05-29 11:39:35,573 - ForkPoolWorker-4 - INFO - Finished tokenizing 242264-v2.0.0-mixed: 2 centers, 7 frags.
2025-05-29 11:39:35,573 - ForkPoolWorker-12 - INFO - Tokenizing context file: 242043-v2.0.0-mixed
2025-05-29 11:39:35,573 - ForkPoolWorker-11 - INFO - Tokenizing context file: 500798-v1.0.0-bad
2025-05-29 11:39:35,573 - ForkPoolWorker-3 - INFO - Tokenizing context file: 241817-v2.0.0-mixed
2025-05-29 11:39:35,574 - ForkPoolWorker-8 - INFO - Tokenizing context file: 234964-v2.0.0-mixed
2025-05-29 11:39:35,574 - ForkPoolWorker-4 - INFO - Tokenizing context file: 244941-v2.0.0-mixed
2025-05-29 11:39:35,574 - ForkPoolWorker-1 - INFO - Finished tokenizing 241720-v2.0.0-mixed: 2 centers, 9 frags.
2025-05-29 11:39:35,574 - ForkPoolWorker-1 - INFO - Tokenizing context file: 500729-v1.0.0-bad
2025-05-29 11:39:35,574 - ForkPoolWorker-9 - INFO - Finished tokenizing 242836-v2.0.0-mixed: 18 centers, 25 frags.
2025-05-29 11:39:35,574 - ForkPoolWorker-10 - INFO - Finished tokenizing 241455-v2.0.0-mixed: 2 centers, 10 frags.
2025-05-29 11:39:35,574 - ForkPoolWorker-5 - INFO - Finished tokenizing 245513-v2.0.0-mixed: 2 centers, 10 frags.
2025-05-29 11:39:35,574 - ForkPoolWorker-9 - INFO - Tokenizing context file: 242642-v2.0.0-mixed
2025-05-29 11:39:35,574 - ForkPoolWorker-10 - INFO - Tokenizing context file: 242371-v2.0.0-mixed
2025-05-29 11:39:35,574 - ForkPoolWorker-5 - INFO - Tokenizing context file: 243484-v2.0.0-mixed
2025-05-29 11:39:35,574 - ForkPoolWorker-11 - INFO - Finished tokenizing 500798-v1.0.0-bad: 2 centers, 4 frags.
2025-05-29 11:39:35,574 - ForkPoolWorker-2 - INFO - Finished tokenizing 241961-v2.0.0-mixed: 4 centers, 13 frags.
2025-05-29 11:39:35,574 - ForkPoolWorker-11 - INFO - Tokenizing context file: 242286-v2.0.0-mixed
2025-05-29 11:39:35,574 - ForkPoolWorker-8 - INFO - Finished tokenizing 234964-v2.0.0-mixed: 1 centers, 3 frags.
2025-05-29 11:39:35,574 - ForkPoolWorker-2 - INFO - Tokenizing context file: 242135-v2.0.0-mixed
2025-05-29 11:39:35,574 - ForkPoolWorker-8 - INFO - Tokenizing context file: 235829-v2.0.0-mixed
2025-05-29 11:39:35,574 - ForkPoolWorker-3 - INFO - Finished tokenizing 241817-v2.0.0-mixed: 2 centers, 9 frags.
2025-05-29 11:39:35,574 - ForkPoolWorker-6 - INFO - Finished tokenizing 239904-v2.0.0-mixed: 7 centers, 27 frags.
2025-05-29 11:39:35,574 - ForkPoolWorker-3 - INFO - Tokenizing context file: 240166-v2.0.0-mixed
2025-05-29 11:39:35,574 - ForkPoolWorker-6 - INFO - Tokenizing context file: 242185-v2.0.0-mixed
2025-05-29 11:39:35,575 - ForkPoolWorker-9 - INFO - Finished tokenizing 242642-v2.0.0-mixed: 1 centers, 2 frags.
2025-05-29 11:39:35,575 - ForkPoolWorker-9 - INFO - Tokenizing context file: 241574-v2.0.0-mixed
2025-05-29 11:39:35,575 - ForkPoolWorker-1 - INFO - Finished tokenizing 500729-v1.0.0-bad: 2 centers, 4 frags.
2025-05-29 11:39:35,575 - ForkPoolWorker-1 - INFO - Tokenizing context file: 243390-v2.0.0-mixed
2025-05-29 11:39:35,575 - ForkPoolWorker-4 - INFO - Finished tokenizing 244941-v2.0.0-mixed: 2 centers, 11 frags.
2025-05-29 11:39:35,575 - ForkPoolWorker-3 - INFO - Finished tokenizing 240166-v2.0.0-mixed: 1 centers, 2 frags.
2025-05-29 11:39:35,575 - ForkPoolWorker-12 - INFO - Finished tokenizing 242043-v2.0.0-mixed: 6 centers, 20 frags.
2025-05-29 11:39:35,575 - ForkPoolWorker-10 - INFO - Finished tokenizing 242371-v2.0.0-mixed: 4 centers, 14 frags.
2025-05-29 11:39:35,575 - ForkPoolWorker-2 - INFO - Finished tokenizing 242135-v2.0.0-mixed: 2 centers, 9 frags.
2025-05-29 11:39:35,575 - ForkPoolWorker-3 - INFO - Tokenizing context file: 247108-v2.0.0-mixed
2025-05-29 11:39:35,575 - ForkPoolWorker-4 - INFO - Tokenizing context file: 246617-v2.0.0-mixed
2025-05-29 11:39:35,575 - ForkPoolWorker-12 - INFO - Tokenizing context file: 242359-v2.0.0-mixed
2025-05-29 11:39:35,575 - ForkPoolWorker-10 - INFO - Tokenizing context file: 243397-v2.0.0-mixed
2025-05-29 11:39:35,575 - ForkPoolWorker-2 - INFO - Tokenizing context file: 244046-v2.0.0-mixed
2025-05-29 11:39:35,575 - ForkPoolWorker-5 - INFO - Finished tokenizing 243484-v2.0.0-mixed: 6 centers, 17 frags.
2025-05-29 11:39:35,576 - ForkPoolWorker-5 - INFO - Tokenizing context file: 242666-v2.0.0-mixed
2025-05-29 11:39:35,576 - ForkPoolWorker-8 - INFO - Finished tokenizing 235829-v2.0.0-mixed: 3 centers, 13 frags.
2025-05-29 11:39:35,576 - ForkPoolWorker-3 - INFO - Finished tokenizing 247108-v2.0.0-mixed: 2 centers, 8 frags.
2025-05-29 11:39:35,576 - ForkPoolWorker-8 - INFO - Tokenizing context file: 500957-v1.0.0-bad
2025-05-29 11:39:35,576 - ForkPoolWorker-11 - INFO - Finished tokenizing 242286-v2.0.0-mixed: 7 centers, 26 frags.
2025-05-29 11:39:35,576 - ForkPoolWorker-3 - INFO - Tokenizing context file: 240713-v2.0.0-mixed
2025-05-29 11:39:35,576 - ForkPoolWorker-9 - INFO - Finished tokenizing 241574-v2.0.0-mixed: 3 centers, 9 frags.
2025-05-29 11:39:35,576 - ForkPoolWorker-2 - INFO - Finished tokenizing 244046-v2.0.0-mixed: 2 centers, 10 frags.
2025-05-29 11:39:35,576 - ForkPoolWorker-11 - INFO - Tokenizing context file: 242140-v2.0.0-mixed
2025-05-29 11:39:35,576 - ForkPoolWorker-9 - INFO - Tokenizing context file: 242313-v2.0.0-mixed
2025-05-29 11:39:35,576 - ForkPoolWorker-2 - INFO - Tokenizing context file: 245839-v2.0.0-mixed
2025-05-29 11:39:35,576 - ForkPoolWorker-6 - INFO - Finished tokenizing 242185-v2.0.0-mixed: 4 centers, 16 frags.
2025-05-29 11:39:35,576 - ForkPoolWorker-6 - INFO - Tokenizing context file: 244557-v2.0.0-mixed
2025-05-29 11:39:35,577 - ForkPoolWorker-10 - INFO - Finished tokenizing 243397-v2.0.0-mixed: 4 centers, 17 frags.
2025-05-29 11:39:35,577 - ForkPoolWorker-10 - INFO - Tokenizing context file: 242679-v2.0.0-mixed
2025-05-29 11:39:35,577 - ForkPoolWorker-8 - INFO - Finished tokenizing 500957-v1.0.0-bad: 1 centers, 4 frags.
2025-05-29 11:39:35,577 - ForkPoolWorker-7 - INFO - Finished tokenizing 243356-v2.0.0-mixed: 6 centers, 17 frags.
2025-05-29 11:39:35,577 - ForkPoolWorker-8 - INFO - Tokenizing context file: 242034-v2.0.0-mixed
2025-05-29 11:39:35,577 - ForkPoolWorker-1 - INFO - Finished tokenizing 243390-v2.0.0-mixed: 6 centers, 27 frags.
2025-05-29 11:39:35,577 - ForkPoolWorker-3 - INFO - Finished tokenizing 240713-v2.0.0-mixed: 4 centers, 14 frags.
2025-05-29 11:39:35,577 - ForkPoolWorker-2 - INFO - Finished tokenizing 245839-v2.0.0-mixed: 1 centers, 5 frags.
2025-05-29 11:39:35,577 - ForkPoolWorker-9 - INFO - Finished tokenizing 242313-v2.0.0-mixed: 4 centers, 13 frags.
2025-05-29 11:39:35,577 - ForkPoolWorker-8 - INFO - Finished tokenizing 242034-v2.0.0-mixed: 1 centers, 2 frags.
2025-05-29 11:39:35,578 - ForkPoolWorker-12 - INFO - Finished tokenizing 242359-v2.0.0-mixed: 2 centers, 20 frags.
2025-05-29 11:39:35,578 - ForkPoolWorker-10 - INFO - Finished tokenizing 242679-v2.0.0-mixed: 2 centers, 9 frags.
2025-05-29 11:39:35,578 - ForkPoolWorker-11 - INFO - Finished tokenizing 242140-v2.0.0-mixed: 6 centers, 20 frags.
2025-05-29 11:39:35,578 - ForkPoolWorker-5 - INFO - Finished tokenizing 242666-v2.0.0-mixed: 7 centers, 21 frags.
2025-05-29 11:39:35,578 - ForkPoolWorker-7 - INFO - Tokenizing context file: 241982-v2.0.0-mixed
2025-05-29 11:39:35,578 - ForkPoolWorker-4 - INFO - Finished tokenizing 246617-v2.0.0-mixed: 4 centers, 9 frags.
2025-05-29 11:39:35,578 - ForkPoolWorker-1 - INFO - Tokenizing context file: 242046-v2.0.0-mixed
2025-05-29 11:39:35,578 - ForkPoolWorker-3 - INFO - Tokenizing context file: 242627-v2.0.0-mixed
2025-05-29 11:39:35,578 - ForkPoolWorker-2 - INFO - Tokenizing context file: 242219-v2.0.0-mixed
2025-05-29 11:39:35,578 - ForkPoolWorker-9 - INFO - Tokenizing context file: 243958-v2.0.0-mixed
2025-05-29 11:39:35,578 - ForkPoolWorker-8 - INFO - Tokenizing context file: 242671-v2.0.0-mixed
2025-05-29 11:39:35,578 - ForkPoolWorker-6 - INFO - Finished tokenizing 244557-v2.0.0-mixed: 3 centers, 11 frags.
2025-05-29 11:39:35,579 - ForkPoolWorker-1 - INFO - Finished tokenizing 242046-v2.0.0-mixed: 4 centers, 13 frags.
2025-05-29 11:39:35,579 - ForkPoolWorker-9 - INFO - Finished tokenizing 243958-v2.0.0-mixed: 4 centers, 12 frags.
2025-05-29 11:39:35,579 - ForkPoolWorker-8 - INFO - Finished tokenizing 242671-v2.0.0-mixed: 4 centers, 16 frags.
2025-05-29 11:39:35,579 - ForkPoolWorker-7 - INFO - Finished tokenizing 241982-v2.0.0-mixed: 4 centers, 19 frags.
2025-05-29 11:39:35,579 - ForkPoolWorker-3 - INFO - Finished tokenizing 242627-v2.0.0-mixed: 4 centers, 15 frags.
2025-05-29 11:39:35,580 - ForkPoolWorker-2 - INFO - Finished tokenizing 242219-v2.0.0-mixed: 7 centers, 25 frags.
2025-05-29 11:39:35,580 - ForkPoolWorker-12 - INFO - Tokenizing context file: 2187-v1.0.0-bad
2025-05-29 11:39:35,580 - ForkPoolWorker-10 - INFO - Tokenizing context file: 242147-v2.0.0-mixed
2025-05-29 11:39:35,580 - ForkPoolWorker-12 - INFO - Finished tokenizing 2187-v1.0.0-bad: 1 centers, 4 frags.
2025-05-29 11:39:35,581 - ForkPoolWorker-10 - INFO - Finished tokenizing 242147-v2.0.0-mixed: 4 centers, 15 frags.
2025-05-29 11:39:35,581 - ForkPoolWorker-2 - INFO - Tokenizing context file: 246869-v2.0.0-mixed
2025-05-29 11:39:35,582 - ForkPoolWorker-2 - INFO - Finished tokenizing 246869-v2.0.0-mixed: 3 centers, 11 frags.
2025-05-29 11:39:35,583 - ForkPoolWorker-5 - INFO - Tokenizing context file: 246929-v2.0.0-mixed
2025-05-29 11:39:35,583 - ForkPoolWorker-4 - INFO - Tokenizing context file: 243919-v2.0.0-mixed
2025-05-29 11:39:35,583 - ForkPoolWorker-6 - INFO - Tokenizing context file: 243441-v2.0.0-mixed
2025-05-29 11:39:35,584 - ForkPoolWorker-5 - INFO - Finished tokenizing 246929-v2.0.0-mixed: 2 centers, 10 frags.
2025-05-29 11:39:35,584 - ForkPoolWorker-4 - INFO - Finished tokenizing 243919-v2.0.0-mixed: 4 centers, 13 frags.
2025-05-29 11:39:35,584 - ForkPoolWorker-1 - INFO - Tokenizing context file: 243249-v2.0.0-mixed
2025-05-29 11:39:35,584 - ForkPoolWorker-9 - INFO - Tokenizing context file: 242503-v2.0.0-mixed
2025-05-29 11:39:35,584 - ForkPoolWorker-6 - INFO - Finished tokenizing 243441-v2.0.0-mixed: 4 centers, 16 frags.
2025-05-29 11:39:35,584 - ForkPoolWorker-8 - INFO - Tokenizing context file: 234794-v2.0.0-mixed
2025-05-29 11:39:35,585 - ForkPoolWorker-7 - INFO - Tokenizing context file: 242504-v2.0.0-mixed
2025-05-29 11:39:35,585 - ForkPoolWorker-3 - INFO - Tokenizing context file: 243480-v2.0.0-mixed
2025-05-29 11:39:35,585 - ForkPoolWorker-9 - INFO - Finished tokenizing 242503-v2.0.0-mixed: 4 centers, 12 frags.
2025-05-29 11:39:35,585 - ForkPoolWorker-8 - INFO - Finished tokenizing 234794-v2.0.0-mixed: 5 centers, 12 frags.
2025-05-29 11:39:35,585 - ForkPoolWorker-1 - INFO - Finished tokenizing 243249-v2.0.0-mixed: 4 centers, 16 frags.
2025-05-29 11:39:35,585 - ForkPoolWorker-3 - INFO - Finished tokenizing 243480-v2.0.0-mixed: 2 centers, 6 frags.
2025-05-29 11:39:35,585 - ForkPoolWorker-12 - INFO - Tokenizing context file: 242860-v2.0.0-mixed
2025-05-29 11:39:35,585 - ForkPoolWorker-11 - INFO - Tokenizing context file: 242959-v2.0.0-mixed
2025-05-29 11:39:35,586 - ForkPoolWorker-3 - INFO - Tokenizing context file: 241357-v2.0.0-mixed
2025-05-29 11:39:35,586 - ForkPoolWorker-10 - INFO - Tokenizing context file: 2188-v1.0.0-bad
2025-05-29 11:39:35,586 - ForkPoolWorker-4 - INFO - Tokenizing context file: 241916-v2.0.0-mixed
2025-05-29 11:39:35,586 - ForkPoolWorker-7 - INFO - Finished tokenizing 242504-v2.0.0-mixed: 4 centers, 12 frags.
2025-05-29 11:39:35,586 - ForkPoolWorker-7 - INFO - Tokenizing context file: 244422-v2.0.0-mixed
2025-05-29 11:39:35,586 - ForkPoolWorker-3 - INFO - Finished tokenizing 241357-v2.0.0-mixed: 1 centers, 4 frags.
2025-05-29 11:39:35,586 - ForkPoolWorker-10 - INFO - Finished tokenizing 2188-v1.0.0-bad: 1 centers, 4 frags.
2025-05-29 11:39:35,586 - ForkPoolWorker-2 - INFO - Tokenizing context file: 244847-v2.0.0-mixed
2025-05-29 11:39:35,587 - ForkPoolWorker-11 - INFO - Finished tokenizing 242959-v2.0.0-mixed: 4 centers, 16 frags.
2025-05-29 11:39:35,587 - ForkPoolWorker-12 - INFO - Finished tokenizing 242860-v2.0.0-mixed: 7 centers, 25 frags.
2025-05-29 11:39:35,587 - ForkPoolWorker-7 - INFO - Finished tokenizing 244422-v2.0.0-mixed: 2 centers, 9 frags.
2025-05-29 11:39:35,587 - ForkPoolWorker-7 - INFO - Tokenizing context file: 243292-v2.0.0-mixed
2025-05-29 11:39:35,588 - ForkPoolWorker-8 - INFO - Tokenizing context file: 245178-v2.0.0-mixed
2025-05-29 11:39:35,587 - ForkPoolWorker-9 - INFO - Tokenizing context file: 500870-v1.0.0-bad
2025-05-29 11:39:35,588 - ForkPoolWorker-1 - INFO - Tokenizing context file: 500754-v1.0.0-bad
2025-05-29 11:39:35,588 - ForkPoolWorker-2 - INFO - Finished tokenizing 244847-v2.0.0-mixed: 1 centers, 5 frags.
2025-05-29 11:39:35,588 - ForkPoolWorker-4 - INFO - Finished tokenizing 241916-v2.0.0-mixed: 6 centers, 24 frags.
2025-05-29 11:39:35,588 - ForkPoolWorker-9 - INFO - Finished tokenizing 500870-v1.0.0-bad: 1 centers, 4 frags.
2025-05-29 11:39:35,589 - ForkPoolWorker-1 - INFO - Finished tokenizing 500754-v1.0.0-bad: 2 centers, 4 frags.
2025-05-29 11:39:35,589 - ForkPoolWorker-8 - INFO - Finished tokenizing 245178-v2.0.0-mixed: 2 centers, 9 frags.
2025-05-29 11:39:35,589 - ForkPoolWorker-7 - INFO - Finished tokenizing 243292-v2.0.0-mixed: 6 centers, 17 frags.
2025-05-29 11:39:35,589 - ForkPoolWorker-5 - INFO - Tokenizing context file: 243007-v2.0.0-mixed
2025-05-29 11:39:35,589 - ForkPoolWorker-10 - INFO - Tokenizing context file: 501012-v1.0.0-bad
2025-05-29 11:39:35,589 - ForkPoolWorker-6 - INFO - Tokenizing context file: 241888-v2.0.0-mixed
2025-05-29 11:39:35,589 - ForkPoolWorker-11 - INFO - Tokenizing context file: 245412-v2.0.0-mixed
2025-05-29 11:39:35,590 - ForkPoolWorker-12 - INFO - Tokenizing context file: 501049-v1.0.0-bad
2025-05-29 11:39:35,590 - ForkPoolWorker-3 - INFO - Tokenizing context file: 235871-v2.0.0-mixed
2025-05-29 11:39:35,590 - ForkPoolWorker-2 - INFO - Tokenizing context file: 244279-v2.0.0-mixed
2025-05-29 11:39:35,590 - ForkPoolWorker-10 - INFO - Finished tokenizing 501012-v1.0.0-bad: 1 centers, 2 frags.
2025-05-29 11:39:35,590 - ForkPoolWorker-12 - INFO - Finished tokenizing 501049-v1.0.0-bad: 0 centers, 0 frags.
2025-05-29 11:39:35,590 - ForkPoolWorker-11 - INFO - Finished tokenizing 245412-v2.0.0-mixed: 2 centers, 11 frags.
2025-05-29 11:39:35,590 - ForkPoolWorker-4 - INFO - Tokenizing context file: 235241-v2.0.0-mixed
2025-05-29 11:39:35,591 - ForkPoolWorker-12 - INFO - Tokenizing context file: 237340-v2.0.0-mixed
2025-05-29 11:39:35,591 - ForkPoolWorker-9 - INFO - Tokenizing context file: 248477-v2.0.0-mixed
2025-05-29 11:39:35,591 - ForkPoolWorker-8 - INFO - Tokenizing context file: 242942-v2.0.0-mixed
2025-05-29 11:39:35,591 - ForkPoolWorker-1 - INFO - Tokenizing context file: 246641-v2.0.0-mixed
2025-05-29 11:39:35,591 - ForkPoolWorker-2 - INFO - Finished tokenizing 244279-v2.0.0-mixed: 1 centers, 5 frags.
2025-05-29 11:39:35,591 - ForkPoolWorker-5 - INFO - Finished tokenizing 243007-v2.0.0-mixed: 6 centers, 22 frags.
2025-05-29 11:39:35,591 - ForkPoolWorker-3 - INFO - Finished tokenizing 235871-v2.0.0-mixed: 3 centers, 13 frags.
2025-05-29 11:39:35,591 - ForkPoolWorker-6 - INFO - Finished tokenizing 241888-v2.0.0-mixed: 6 centers, 35 frags.
2025-05-29 11:39:35,591 - ForkPoolWorker-9 - INFO - Finished tokenizing 248477-v2.0.0-mixed: 2 centers, 8 frags.
2025-05-29 11:39:35,592 - ForkPoolWorker-1 - INFO - Finished tokenizing 246641-v2.0.0-mixed: 3 centers, 12 frags.
2025-05-29 11:39:35,592 - ForkPoolWorker-8 - INFO - Finished tokenizing 242942-v2.0.0-mixed: 4 centers, 19 frags.
2025-05-29 11:39:35,592 - ForkPoolWorker-12 - INFO - Finished tokenizing 237340-v2.0.0-mixed: 5 centers, 14 frags.
2025-05-29 11:39:35,592 - ForkPoolWorker-4 - INFO - Finished tokenizing 235241-v2.0.0-mixed: 7 centers, 22 frags.
2025-05-29 11:39:35,592 - ForkPoolWorker-7 - INFO - Tokenizing context file: 243094-v2.0.0-mixed
2025-05-29 11:39:35,592 - ForkPoolWorker-11 - INFO - Tokenizing context file: 240969-v2.0.0-mixed
2025-05-29 11:39:35,592 - ForkPoolWorker-10 - INFO - Tokenizing context file: 241878-v2.0.0-mixed
2025-05-29 11:39:35,592 - ForkPoolWorker-2 - INFO - Tokenizing context file: 235199-v2.0.0-mixed
2025-05-29 11:39:35,593 - ForkPoolWorker-11 - INFO - Finished tokenizing 240969-v2.0.0-mixed: 2 centers, 7 frags.
2025-05-29 11:39:35,593 - ForkPoolWorker-4 - INFO - Tokenizing context file: 500856-v1.0.0-bad
2025-05-29 11:39:35,593 - ForkPoolWorker-3 - INFO - Tokenizing context file: 243119-v2.0.0-mixed
2025-05-29 11:39:35,593 - ForkPoolWorker-11 - INFO - Tokenizing context file: 240362-v2.0.0-mixed
2025-05-29 11:39:35,593 - ForkPoolWorker-10 - INFO - Finished tokenizing 241878-v2.0.0-mixed: 2 centers, 20 frags.
2025-05-29 11:39:35,594 - ForkPoolWorker-4 - INFO - Finished tokenizing 500856-v1.0.0-bad: 1 centers, 3 frags.
2025-05-29 11:39:35,594 - ForkPoolWorker-2 - INFO - Finished tokenizing 235199-v2.0.0-mixed: 7 centers, 32 frags.
2025-05-29 11:39:35,594 - ForkPoolWorker-11 - INFO - Finished tokenizing 240362-v2.0.0-mixed: 4 centers, 14 frags.
2025-05-29 11:39:35,594 - ForkPoolWorker-7 - INFO - Finished tokenizing 243094-v2.0.0-mixed: 18 centers, 25 frags.
2025-05-29 11:39:35,594 - ForkPoolWorker-6 - INFO - Tokenizing context file: 246145-v2.0.0-mixed
2025-05-29 11:39:35,594 - ForkPoolWorker-1 - INFO - Tokenizing context file: 243486-v2.0.0-mixed
2025-05-29 11:39:35,594 - ForkPoolWorker-3 - INFO - Finished tokenizing 243119-v2.0.0-mixed: 7 centers, 23 frags.
2025-05-29 11:39:35,595 - ForkPoolWorker-8 - INFO - Tokenizing context file: 242068-v2.0.0-mixed
2025-05-29 11:39:35,595 - ForkPoolWorker-12 - INFO - Tokenizing context file: 240589-v2.0.0-mixed
2025-05-29 11:39:35,595 - ForkPoolWorker-6 - INFO - Finished tokenizing 246145-v2.0.0-mixed: 4 centers, 10 frags.
2025-05-29 11:39:35,596 - ForkPoolWorker-1 - INFO - Finished tokenizing 243486-v2.0.0-mixed: 6 centers, 27 frags.
2025-05-29 11:39:35,596 - ForkPoolWorker-5 - INFO - Tokenizing context file: 245077-v2.0.0-mixed
2025-05-29 11:39:35,596 - ForkPoolWorker-9 - INFO - Tokenizing context file: 240595-v2.0.0-mixed
2025-05-29 11:39:35,596 - ForkPoolWorker-12 - INFO - Finished tokenizing 240589-v2.0.0-mixed: 6 centers, 26 frags.
2025-05-29 11:39:35,596 - ForkPoolWorker-8 - INFO - Finished tokenizing 242068-v2.0.0-mixed: 18 centers, 25 frags.
2025-05-29 11:39:35,597 - ForkPoolWorker-5 - INFO - Finished tokenizing 245077-v2.0.0-mixed: 3 centers, 9 frags.
2025-05-29 11:39:35,597 - ForkPoolWorker-10 - INFO - Tokenizing context file: 243430-v2.0.0-mixed
2025-05-29 11:39:35,597 - ForkPoolWorker-4 - INFO - Tokenizing context file: 248572-v2.0.0-mixed
2025-05-29 11:39:35,597 - ForkPoolWorker-2 - INFO - Tokenizing context file: 244305-v2.0.0-mixed
2025-05-29 11:39:35,597 - ForkPoolWorker-11 - INFO - Tokenizing context file: 241992-v2.0.0-mixed
2025-05-29 11:39:35,598 - ForkPoolWorker-4 - INFO - Finished tokenizing 248572-v2.0.0-mixed: 2 centers, 8 frags.
2025-05-29 11:39:35,598 - ForkPoolWorker-10 - INFO - Finished tokenizing 243430-v2.0.0-mixed: 6 centers, 23 frags.
2025-05-29 11:39:35,598 - ForkPoolWorker-9 - INFO - Finished tokenizing 240595-v2.0.0-mixed: 29 centers, 47 frags.
2025-05-29 11:39:35,598 - ForkPoolWorker-2 - INFO - Finished tokenizing 244305-v2.0.0-mixed: 4 centers, 12 frags.
2025-05-29 11:39:35,598 - ForkPoolWorker-11 - INFO - Finished tokenizing 241992-v2.0.0-mixed: 4 centers, 14 frags.
2025-05-29 11:39:35,598 - ForkPoolWorker-3 - INFO - Tokenizing context file: 247207-v2.0.0-mixed
2025-05-29 11:39:35,598 - ForkPoolWorker-7 - INFO - Tokenizing context file: 242917-v2.0.0-mixed
2025-05-29 11:39:35,599 - ForkPoolWorker-3 - INFO - Finished tokenizing 247207-v2.0.0-mixed: 1 centers, 5 frags.
2025-05-29 11:39:35,599 - ForkPoolWorker-6 - INFO - Tokenizing context file: 248524-v2.0.0-mixed
2025-05-29 11:39:35,599 - ForkPoolWorker-1 - INFO - Tokenizing context file: 246166-v2.0.0-mixed
2025-05-29 11:39:35,599 - ForkPoolWorker-7 - INFO - Finished tokenizing 242917-v2.0.0-mixed: 7 centers, 21 frags.
2025-05-29 11:39:35,600 - ForkPoolWorker-1 - INFO - Finished tokenizing 246166-v2.0.0-mixed: 2 centers, 8 frags.
2025-05-29 11:39:35,600 - ForkPoolWorker-6 - INFO - Finished tokenizing 248524-v2.0.0-mixed: 2 centers, 11 frags.
2025-05-29 11:39:35,600 - ForkPoolWorker-12 - INFO - Tokenizing context file: 240870-v2.0.0-mixed
2025-05-29 11:39:35,601 - ForkPoolWorker-12 - INFO - Finished tokenizing 240870-v2.0.0-mixed: 4 centers, 15 frags.
2025-05-29 11:39:35,601 - ForkPoolWorker-8 - INFO - Tokenizing context file: 243503-v2.0.0-mixed
2025-05-29 11:39:35,601 - ForkPoolWorker-5 - INFO - Tokenizing context file: 242670-v2.0.0-mixed
2025-05-29 11:39:35,601 - ForkPoolWorker-4 - INFO - Tokenizing context file: 1972-v1.0.0-good
2025-05-29 11:39:35,602 - ForkPoolWorker-4 - INFO - Finished tokenizing 1972-v1.0.0-good: 2 centers, 6 frags.
2025-05-29 11:39:35,602 - ForkPoolWorker-10 - INFO - Tokenizing context file: 1986-v1.0.0-good
2025-05-29 11:39:35,602 - ForkPoolWorker-8 - INFO - Finished tokenizing 243503-v2.0.0-mixed: 7 centers, 23 frags.
2025-05-29 11:39:35,602 - ForkPoolWorker-5 - INFO - Finished tokenizing 242670-v2.0.0-mixed: 7 centers, 26 frags.
2025-05-29 11:39:35,603 - ForkPoolWorker-10 - INFO - Finished tokenizing 1986-v1.0.0-good: 2 centers, 7 frags.
2025-05-29 11:39:35,603 - ForkPoolWorker-9 - INFO - Tokenizing context file: 500746-v1.0.0-bad
2025-05-29 11:39:35,604 - ForkPoolWorker-9 - INFO - Finished tokenizing 500746-v1.0.0-bad: 1 centers, 5 frags.
2025-05-29 11:39:35,604 - ForkPoolWorker-2 - INFO - Tokenizing context file: 242955-v2.0.0-mixed
2025-05-29 11:39:35,605 - ForkPoolWorker-11 - INFO - Tokenizing context file: 500792-v1.0.0-bad
2025-05-29 11:39:35,605 - ForkPoolWorker-3 - INFO - Tokenizing context file: 500898-v1.0.0-bad
2025-05-29 11:39:35,605 - ForkPoolWorker-7 - INFO - Tokenizing context file: 245842-v2.0.0-mixed
2025-05-29 11:39:35,605 - ForkPoolWorker-11 - INFO - Finished tokenizing 500792-v1.0.0-bad: 1 centers, 4 frags.
2025-05-29 11:39:35,605 - ForkPoolWorker-1 - INFO - Tokenizing context file: 242990-v2.0.0-mixed
2025-05-29 11:39:35,605 - ForkPoolWorker-6 - INFO - Tokenizing context file: 500952-v1.0.0-bad
2025-05-29 11:39:35,605 - ForkPoolWorker-3 - INFO - Finished tokenizing 500898-v1.0.0-bad: 1 centers, 4 frags.
2025-05-29 11:39:35,606 - ForkPoolWorker-7 - INFO - Finished tokenizing 245842-v2.0.0-mixed: 2 centers, 8 frags.
2025-05-29 11:39:35,606 - ForkPoolWorker-6 - INFO - Finished tokenizing 500952-v1.0.0-bad: 1 centers, 2 frags.
2025-05-29 11:39:35,606 - ForkPoolWorker-2 - INFO - Finished tokenizing 242955-v2.0.0-mixed: 7 centers, 25 frags.
2025-05-29 11:39:35,606 - ForkPoolWorker-12 - INFO - Tokenizing context file: 242842-v2.0.0-mixed
2025-05-29 11:39:35,606 - ForkPoolWorker-6 - INFO - Tokenizing context file: 243392-v2.0.0-mixed
2025-05-29 11:39:35,606 - ForkPoolWorker-8 - INFO - Tokenizing context file: 247532-v2.0.0-mixed
2025-05-29 11:39:35,607 - ForkPoolWorker-1 - INFO - Finished tokenizing 242990-v2.0.0-mixed: 7 centers, 27 frags.
2025-05-29 11:39:35,607 - ForkPoolWorker-5 - INFO - Tokenizing context file: 242827-v2.0.0-mixed
2025-05-29 11:39:35,607 - ForkPoolWorker-10 - INFO - Tokenizing context file: 241980-v2.0.0-mixed
2025-05-29 11:39:35,607 - ForkPoolWorker-9 - INFO - Tokenizing context file: 242590-v2.0.0-mixed
2025-05-29 11:39:35,607 - ForkPoolWorker-11 - INFO - Tokenizing context file: 2046-v1.0.0-bad
2025-05-29 11:39:35,607 - ForkPoolWorker-8 - INFO - Finished tokenizing 247532-v2.0.0-mixed: 2 centers, 8 frags.
2025-05-29 11:39:35,607 - ForkPoolWorker-3 - INFO - Tokenizing context file: 241847-v2.0.0-mixed
2025-05-29 11:39:35,608 - ForkPoolWorker-6 - INFO - Finished tokenizing 243392-v2.0.0-mixed: 4 centers, 18 frags.
2025-05-29 11:39:35,608 - ForkPoolWorker-7 - INFO - Tokenizing context file: 243329-v2.0.0-mixed
2025-05-29 11:39:35,608 - ForkPoolWorker-6 - INFO - Tokenizing context file: 244988-v2.0.0-mixed
2025-05-29 11:39:35,608 - ForkPoolWorker-12 - INFO - Finished tokenizing 242842-v2.0.0-mixed: 6 centers, 36 frags.
2025-05-29 11:39:35,608 - ForkPoolWorker-4 - INFO - Tokenizing context file: 242022-v2.0.0-mixed
2025-05-29 11:39:35,608 - ForkPoolWorker-12 - INFO - Tokenizing context file: 245453-v2.0.0-mixed
2025-05-29 11:39:35,608 - ForkPoolWorker-8 - INFO - Tokenizing context file: 234361-v2.0.0-mixed
2025-05-29 11:39:35,608 - ForkPoolWorker-3 - INFO - Finished tokenizing 241847-v2.0.0-mixed: 2 centers, 9 frags.
2025-05-29 11:39:35,608 - ForkPoolWorker-9 - INFO - Finished tokenizing 242590-v2.0.0-mixed: 4 centers, 13 frags.
2025-05-29 11:39:35,609 - ForkPoolWorker-11 - INFO - Finished tokenizing 2046-v1.0.0-bad: 6 centers, 23 frags.
2025-05-29 11:39:35,609 - ForkPoolWorker-10 - INFO - Finished tokenizing 241980-v2.0.0-mixed: 6 centers, 22 frags.
2025-05-29 11:39:35,609 - ForkPoolWorker-6 - INFO - Finished tokenizing 244988-v2.0.0-mixed: 2 centers, 10 frags.
2025-05-29 11:39:35,609 - ForkPoolWorker-8 - INFO - Finished tokenizing 234361-v2.0.0-mixed: 3 centers, 7 frags.
2025-05-29 11:39:35,609 - ForkPoolWorker-5 - INFO - Finished tokenizing 242827-v2.0.0-mixed: 7 centers, 23 frags.
2025-05-29 11:39:35,609 - ForkPoolWorker-12 - INFO - Finished tokenizing 245453-v2.0.0-mixed: 3 centers, 11 frags.
2025-05-29 11:39:35,609 - ForkPoolWorker-4 - INFO - Finished tokenizing 242022-v2.0.0-mixed: 4 centers, 14 frags.
2025-05-29 11:39:35,609 - ForkPoolWorker-7 - INFO - Finished tokenizing 243329-v2.0.0-mixed: 6 centers, 23 frags.
2025-05-29 11:39:35,610 - ForkPoolWorker-3 - INFO - Tokenizing context file: 242267-v2.0.0-mixed
2025-05-29 11:39:35,610 - ForkPoolWorker-9 - INFO - Tokenizing context file: 241753-v2.0.0-mixed
2025-05-29 11:39:35,610 - ForkPoolWorker-2 - INFO - Tokenizing context file: 500975-v1.0.0-bad
2025-05-29 11:39:35,610 - ForkPoolWorker-11 - INFO - Tokenizing context file: 500916-v1.0.0-bad
2025-05-29 11:39:35,611 - ForkPoolWorker-10 - INFO - Tokenizing context file: 243172-v2.0.0-mixed
2025-05-29 11:39:35,611 - ForkPoolWorker-2 - INFO - Finished tokenizing 500975-v1.0.0-bad: 1 centers, 4 frags.
2025-05-29 11:39:35,611 - ForkPoolWorker-9 - INFO - Finished tokenizing 241753-v2.0.0-mixed: 2 centers, 9 frags.
2025-05-29 11:39:35,611 - ForkPoolWorker-1 - INFO - Tokenizing context file: 501041-v1.0.0-bad
2025-05-29 11:39:35,611 - ForkPoolWorker-6 - INFO - Tokenizing context file: 243498-v2.0.0-mixed
2025-05-29 11:39:35,611 - ForkPoolWorker-8 - INFO - Tokenizing context file: 241382-v2.0.0-mixed
2025-05-29 11:39:35,611 - ForkPoolWorker-11 - INFO - Finished tokenizing 500916-v1.0.0-bad: 1 centers, 4 frags.
2025-05-29 11:39:35,612 - ForkPoolWorker-3 - INFO - Finished tokenizing 242267-v2.0.0-mixed: 6 centers, 22 frags.
2025-05-29 11:39:35,612 - ForkPoolWorker-1 - INFO - Finished tokenizing 501041-v1.0.0-bad: 1 centers, 5 frags.
2025-05-29 11:39:35,612 - ForkPoolWorker-10 - INFO - Finished tokenizing 243172-v2.0.0-mixed: 10 centers, 22 frags.
2025-05-29 11:39:35,612 - ForkPoolWorker-5 - INFO - Tokenizing context file: 237308-v2.0.0-mixed
2025-05-29 11:39:35,612 - ForkPoolWorker-12 - INFO - Tokenizing context file: 243978-v2.0.0-mixed
2025-05-29 11:39:35,612 - ForkPoolWorker-8 - INFO - Finished tokenizing 241382-v2.0.0-mixed: 3 centers, 9 frags.
2025-05-29 11:39:35,612 - ForkPoolWorker-6 - INFO - Finished tokenizing 243498-v2.0.0-mixed: 4 centers, 14 frags.
2025-05-29 11:39:35,612 - ForkPoolWorker-4 - INFO - Tokenizing context file: 241872-v2.0.0-mixed
2025-05-29 11:39:35,613 - ForkPoolWorker-2 - INFO - Tokenizing context file: 248152-v2.0.0-mixed
2025-05-29 11:39:35,613 - ForkPoolWorker-7 - INFO - Tokenizing context file: 241052-v2.0.0-mixed
2025-05-29 11:39:35,613 - ForkPoolWorker-9 - INFO - Tokenizing context file: 1486-v1.0.0-bad
2025-05-29 11:39:35,613 - ForkPoolWorker-11 - INFO - Tokenizing context file: 242429-v2.0.0-mixed
2025-05-29 11:39:35,613 - ForkPoolWorker-3 - INFO - Tokenizing context file: 243139-v2.0.0-mixed
2025-05-29 11:39:35,613 - ForkPoolWorker-1 - INFO - Tokenizing context file: 242862-v2.0.0-mixed
2025-05-29 11:39:35,613 - ForkPoolWorker-10 - INFO - Tokenizing context file: 243415-v2.0.0-mixed
2025-05-29 11:39:35,613 - ForkPoolWorker-9 - INFO - Finished tokenizing 1486-v1.0.0-bad: 1 centers, 4 frags.
2025-05-29 11:39:35,613 - ForkPoolWorker-8 - INFO - Tokenizing context file: 241094-v2.0.0-mixed
2025-05-29 11:39:35,613 - ForkPoolWorker-5 - INFO - Finished tokenizing 237308-v2.0.0-mixed: 5 centers, 16 frags.
2025-05-29 11:39:35,613 - ForkPoolWorker-9 - INFO - Tokenizing context file: 242865-v2.0.0-mixed
2025-05-29 11:39:35,613 - ForkPoolWorker-2 - INFO - Finished tokenizing 248152-v2.0.0-mixed: 1 centers, 5 frags.
2025-05-29 11:39:35,614 - ForkPoolWorker-4 - INFO - Finished tokenizing 241872-v2.0.0-mixed: 4 centers, 14 frags.
2025-05-29 11:39:35,614 - ForkPoolWorker-7 - INFO - Finished tokenizing 241052-v2.0.0-mixed: 2 centers, 7 frags.
2025-05-29 11:39:35,614 - ForkPoolWorker-12 - INFO - Finished tokenizing 243978-v2.0.0-mixed: 6 centers, 32 frags.
2025-05-29 11:39:35,614 - ForkPoolWorker-9 - INFO - Finished tokenizing 242865-v2.0.0-mixed: 1 centers, 2 frags.
2025-05-29 11:39:35,614 - ForkPoolWorker-8 - INFO - Finished tokenizing 241094-v2.0.0-mixed: 2 centers, 7 frags.
2025-05-29 11:39:35,614 - ForkPoolWorker-5 - INFO - Tokenizing context file: 243629-v2.0.0-mixed
2025-05-29 11:39:35,614 - ForkPoolWorker-6 - INFO - Tokenizing context file: 242822-v2.0.0-mixed
2025-05-29 11:39:35,614 - ForkPoolWorker-2 - INFO - Tokenizing context file: 241925-v2.0.0-mixed
2025-05-29 11:39:35,614 - ForkPoolWorker-4 - INFO - Tokenizing context file: 241818-v2.0.0-mixed
2025-05-29 11:39:35,614 - ForkPoolWorker-10 - INFO - Finished tokenizing 243415-v2.0.0-mixed: 6 centers, 17 frags.
2025-05-29 11:39:35,614 - ForkPoolWorker-7 - INFO - Tokenizing context file: 2066-v1.0.0-good
2025-05-29 11:39:35,614 - ForkPoolWorker-9 - INFO - Tokenizing context file: 237336-v2.0.0-mixed
2025-05-29 11:39:35,614 - ForkPoolWorker-12 - INFO - Tokenizing context file: 248325-v2.0.0-mixed
2025-05-29 11:39:35,614 - ForkPoolWorker-8 - INFO - Tokenizing context file: 245465-v2.0.0-mixed
2025-05-29 11:39:35,614 - ForkPoolWorker-10 - INFO - Tokenizing context file: 500989-v1.0.0-bad
2025-05-29 11:39:35,615 - ForkPoolWorker-1 - INFO - Finished tokenizing 242862-v2.0.0-mixed: 7 centers, 26 frags.
2025-05-29 11:39:35,615 - ForkPoolWorker-1 - INFO - Tokenizing context file: 500760-v1.0.0-bad
2025-05-29 11:39:35,615 - ForkPoolWorker-9 - INFO - Finished tokenizing 237336-v2.0.0-mixed: 4 centers, 14 frags.
2025-05-29 11:39:35,615 - ForkPoolWorker-5 - INFO - Finished tokenizing 243629-v2.0.0-mixed: 4 centers, 12 frags.
2025-05-29 11:39:35,616 - ForkPoolWorker-3 - INFO - Finished tokenizing 243139-v2.0.0-mixed: 26 centers, 42 frags.
2025-05-29 11:39:35,616 - ForkPoolWorker-9 - INFO - Tokenizing context file: 241725-v2.0.0-mixed
2025-05-29 11:39:35,616 - ForkPoolWorker-12 - INFO - Finished tokenizing 248325-v2.0.0-mixed: 6 centers, 18 frags.
2025-05-29 11:39:35,616 - ForkPoolWorker-8 - INFO - Finished tokenizing 245465-v2.0.0-mixed: 2 centers, 10 frags.
2025-05-29 11:39:35,616 - ForkPoolWorker-2 - INFO - Finished tokenizing 241925-v2.0.0-mixed: 7 centers, 23 frags.
2025-05-29 11:39:35,616 - ForkPoolWorker-11 - INFO - Finished tokenizing 242429-v2.0.0-mixed: 6 centers, 21 frags.
2025-05-29 11:39:35,616 - ForkPoolWorker-4 - INFO - Finished tokenizing 241818-v2.0.0-mixed: 6 centers, 28 frags.
2025-05-29 11:39:35,616 - ForkPoolWorker-10 - INFO - Finished tokenizing 500989-v1.0.0-bad: 1 centers, 5 frags.
2025-05-29 11:39:35,617 - ForkPoolWorker-6 - INFO - Finished tokenizing 242822-v2.0.0-mixed: 4 centers, 11 frags.
2025-05-29 11:39:35,617 - ForkPoolWorker-7 - INFO - Finished tokenizing 2066-v1.0.0-good: 1 centers, 5 frags.
2025-05-29 11:39:35,617 - ForkPoolWorker-1 - INFO - Finished tokenizing 500760-v1.0.0-bad: 1 centers, 4 frags.
2025-05-29 11:39:35,617 - ForkPoolWorker-5 - INFO - Tokenizing context file: 500872-v1.0.0-bad
2025-05-29 11:39:35,618 - ForkPoolWorker-9 - INFO - Finished tokenizing 241725-v2.0.0-mixed: 6 centers, 28 frags.
2025-05-29 11:39:35,618 - ForkPoolWorker-5 - INFO - Finished tokenizing 500872-v1.0.0-bad: 1 centers, 3 frags.
2025-05-29 11:39:35,618 - ForkPoolWorker-3 - INFO - Tokenizing context file: 244097-v2.0.0-mixed
2025-05-29 11:39:35,619 - ForkPoolWorker-3 - INFO - Finished tokenizing 244097-v2.0.0-mixed: 3 centers, 15 frags.
2025-05-29 11:39:35,619 - ForkPoolWorker-12 - INFO - Tokenizing context file: 243128-v2.0.0-mixed
2025-05-29 11:39:35,619 - ForkPoolWorker-8 - INFO - Tokenizing context file: 248482-v2.0.0-mixed
2025-05-29 11:39:35,620 - ForkPoolWorker-2 - INFO - Tokenizing context file: 240256-v2.0.0-mixed
2025-05-29 11:39:35,620 - ForkPoolWorker-11 - INFO - Tokenizing context file: 242561-v2.0.0-mixed
2025-05-29 11:39:35,620 - ForkPoolWorker-12 - INFO - Finished tokenizing 243128-v2.0.0-mixed: 2 centers, 6 frags.
2025-05-29 11:39:35,620 - ForkPoolWorker-8 - INFO - Finished tokenizing 248482-v2.0.0-mixed: 3 centers, 8 frags.
2025-05-29 11:39:35,620 - ForkPoolWorker-4 - INFO - Tokenizing context file: 241851-v2.0.0-mixed
2025-05-29 11:39:35,620 - ForkPoolWorker-10 - INFO - Tokenizing context file: 246640-v2.0.0-mixed
2025-05-29 11:39:35,620 - ForkPoolWorker-6 - INFO - Tokenizing context file: 239064-v2.0.0-mixed
2025-05-29 11:39:35,621 - ForkPoolWorker-2 - INFO - Finished tokenizing 240256-v2.0.0-mixed: 7 centers, 25 frags.
2025-05-29 11:39:35,621 - ForkPoolWorker-7 - INFO - Tokenizing context file: 234898-v2.0.0-mixed
2025-05-29 11:39:35,621 - ForkPoolWorker-1 - INFO - Tokenizing context file: 242837-v2.0.0-mixed
2025-05-29 11:39:35,621 - ForkPoolWorker-9 - INFO - Tokenizing context file: 242537-v2.0.0-mixed
2025-05-29 11:39:35,621 - ForkPoolWorker-10 - INFO - Finished tokenizing 246640-v2.0.0-mixed: 1 centers, 5 frags.
2025-05-29 11:39:35,621 - ForkPoolWorker-5 - INFO - Tokenizing context file: 234235-v2.0.0-mixed
2025-05-29 11:39:35,621 - ForkPoolWorker-6 - INFO - Finished tokenizing 239064-v2.0.0-mixed: 3 centers, 11 frags.
2025-05-29 11:39:35,622 - ForkPoolWorker-4 - INFO - Finished tokenizing 241851-v2.0.0-mixed: 6 centers, 20 frags.
2025-05-29 11:39:35,622 - ForkPoolWorker-7 - INFO - Finished tokenizing 234898-v2.0.0-mixed: 1 centers, 3 frags.
2025-05-29 11:39:35,622 - ForkPoolWorker-11 - INFO - Finished tokenizing 242561-v2.0.0-mixed: 26 centers, 40 frags.
2025-05-29 11:39:35,622 - ForkPoolWorker-5 - INFO - Finished tokenizing 234235-v2.0.0-mixed: 1 centers, 3 frags.
2025-05-29 11:39:35,622 - ForkPoolWorker-9 - INFO - Finished tokenizing 242537-v2.0.0-mixed: 4 centers, 13 frags.
2025-05-29 11:39:35,622 - ForkPoolWorker-2 - INFO - Tokenizing context file: 242778-v2.0.0-mixed
2025-05-29 11:39:35,622 - ForkPoolWorker-12 - INFO - Tokenizing context file: 242823-v2.0.0-mixed
2025-05-29 11:39:35,622 - ForkPoolWorker-8 - INFO - Tokenizing context file: 1962-v1.0.0-good
2025-05-29 11:39:35,623 - ForkPoolWorker-1 - INFO - Finished tokenizing 242837-v2.0.0-mixed: 6 centers, 32 frags.
2025-05-29 11:39:35,623 - ForkPoolWorker-9 - INFO - Tokenizing context file: 248346-v2.0.0-mixed
2025-05-29 11:39:35,623 - ForkPoolWorker-10 - INFO - Tokenizing context file: 1980-v1.0.0-good
2025-05-29 11:39:35,623 - ForkPoolWorker-8 - INFO - Finished tokenizing 1962-v1.0.0-good: 2 centers, 4 frags.
2025-05-29 11:39:35,623 - ForkPoolWorker-12 - INFO - Finished tokenizing 242823-v2.0.0-mixed: 4 centers, 13 frags.
2025-05-29 11:39:35,623 - ForkPoolWorker-12 - INFO - Tokenizing context file: 242873-v2.0.0-mixed
2025-05-29 11:39:35,623 - ForkPoolWorker-1 - INFO - Tokenizing context file: 242084-v2.0.0-mixed
2025-05-29 11:39:35,624 - ForkPoolWorker-10 - INFO - Finished tokenizing 1980-v1.0.0-good: 1 centers, 4 frags.
2025-05-29 11:39:35,624 - ForkPoolWorker-2 - INFO - Finished tokenizing 242778-v2.0.0-mixed: 6 centers, 28 frags.
2025-05-29 11:39:35,624 - ForkPoolWorker-12 - INFO - Finished tokenizing 242873-v2.0.0-mixed: 2 centers, 9 frags.
2025-05-29 11:39:35,624 - ForkPoolWorker-9 - INFO - Finished tokenizing 248346-v2.0.0-mixed: 3 centers, 11 frags.
2025-05-29 11:39:35,624 - ForkPoolWorker-4 - INFO - Tokenizing context file: 242227-v2.0.0-mixed
2025-05-29 11:39:35,624 - ForkPoolWorker-5 - INFO - Tokenizing context file: 242015-v2.0.0-mixed
2025-05-29 11:39:35,625 - ForkPoolWorker-1 - INFO - Finished tokenizing 242084-v2.0.0-mixed: 5 centers, 17 frags.
2025-05-29 11:39:35,625 - ForkPoolWorker-4 - INFO - Finished tokenizing 242227-v2.0.0-mixed: 4 centers, 14 frags.
2025-05-29 11:39:35,625 - ForkPoolWorker-5 - INFO - Finished tokenizing 242015-v2.0.0-mixed: 6 centers, 26 frags.
2025-05-29 11:39:35,626 - ForkPoolWorker-11 - INFO - Tokenizing context file: 500934-v1.0.0-bad
2025-05-29 11:39:35,626 - ForkPoolWorker-11 - INFO - Finished tokenizing 500934-v1.0.0-bad: 2 centers, 4 frags.
2025-05-29 11:39:35,626 - ForkPoolWorker-3 - INFO - Tokenizing context file: 500890-v1.0.0-bad
2025-05-29 11:39:35,626 - ForkPoolWorker-6 - INFO - Tokenizing context file: 242161-v2.0.0-mixed
2025-05-29 11:39:35,626 - ForkPoolWorker-8 - INFO - Tokenizing context file: 235786-v2.0.0-mixed
2025-05-29 11:39:35,626 - ForkPoolWorker-7 - INFO - Tokenizing context file: 242035-v2.0.0-mixed
2025-05-29 11:39:35,626 - ForkPoolWorker-10 - INFO - Tokenizing context file: 246537-v2.0.0-mixed
2025-05-29 11:39:35,627 - ForkPoolWorker-6 - INFO - Finished tokenizing 242161-v2.0.0-mixed: 1 centers, 2 frags.
2025-05-29 11:39:35,627 - ForkPoolWorker-3 - INFO - Finished tokenizing 500890-v1.0.0-bad: 1 centers, 4 frags.
2025-05-29 11:39:35,627 - ForkPoolWorker-7 - INFO - Finished tokenizing 242035-v2.0.0-mixed: 4 centers, 14 frags.
2025-05-29 11:39:35,627 - ForkPoolWorker-10 - INFO - Finished tokenizing 246537-v2.0.0-mixed: 3 centers, 9 frags.
2025-05-29 11:39:35,627 - ForkPoolWorker-12 - INFO - Tokenizing context file: 243969-v2.0.0-mixed
2025-05-29 11:39:35,628 - ForkPoolWorker-9 - INFO - Tokenizing context file: 246122-v2.0.0-mixed
2025-05-29 11:39:35,628 - ForkPoolWorker-8 - INFO - Finished tokenizing 235786-v2.0.0-mixed: 3 centers, 15 frags.
2025-05-29 11:39:35,628 - ForkPoolWorker-12 - INFO - Finished tokenizing 243969-v2.0.0-mixed: 1 centers, 4 frags.
2025-05-29 11:39:35,628 - ForkPoolWorker-2 - INFO - Tokenizing context file: 241900-v2.0.0-mixed
2025-05-29 11:39:35,628 - ForkPoolWorker-1 - INFO - Tokenizing context file: 241752-v2.0.0-mixed
2025-05-29 11:39:35,628 - ForkPoolWorker-9 - INFO - Finished tokenizing 246122-v2.0.0-mixed: 3 centers, 8 frags.
2025-05-29 11:39:35,629 - ForkPoolWorker-4 - INFO - Tokenizing context file: 500786-v1.0.0-bad
2025-05-29 11:39:35,629 - ForkPoolWorker-5 - INFO - Tokenizing context file: 243179-v2.0.0-mixed
2025-05-29 11:39:35,629 - ForkPoolWorker-1 - INFO - Finished tokenizing 241752-v2.0.0-mixed: 2 centers, 9 frags.
2025-05-29 11:39:35,629 - ForkPoolWorker-6 - INFO - Tokenizing context file: 243967-v2.0.0-mixed
2025-05-29 11:39:35,629 - ForkPoolWorker-11 - INFO - Tokenizing context file: 246101-v2.0.0-mixed
2025-05-29 11:39:35,629 - ForkPoolWorker-3 - INFO - Tokenizing context file: 242692-v2.0.0-mixed
2025-05-29 11:39:35,629 - ForkPoolWorker-10 - INFO - Tokenizing context file: 239105-v2.0.0-mixed
2025-05-29 11:39:35,629 - ForkPoolWorker-1 - INFO - Tokenizing context file: 243357-v2.0.0-mixed
2025-05-29 11:39:35,629 - ForkPoolWorker-8 - INFO - Tokenizing context file: 241581-v2.0.0-mixed
2025-05-29 11:39:35,630 - ForkPoolWorker-12 - INFO - Tokenizing context file: 244140-v2.0.0-mixed
2025-05-29 11:39:35,630 - ForkPoolWorker-9 - INFO - Tokenizing context file: 242131-v2.0.0-mixed
2025-05-29 11:39:35,630 - ForkPoolWorker-2 - INFO - Finished tokenizing 241900-v2.0.0-mixed: 7 centers, 25 frags.
2025-05-29 11:39:35,630 - ForkPoolWorker-2 - INFO - Tokenizing context file: 243896-v2.0.0-mixed
2025-05-29 11:39:35,630 - ForkPoolWorker-4 - INFO - Finished tokenizing 500786-v1.0.0-bad: 1 centers, 4 frags.
2025-05-29 11:39:35,630 - ForkPoolWorker-7 - INFO - Tokenizing context file: 244549-v2.0.0-mixed
2025-05-29 11:39:35,630 - ForkPoolWorker-4 - INFO - Tokenizing context file: 241859-v2.0.0-mixed
2025-05-29 11:39:35,630 - ForkPoolWorker-10 - INFO - Finished tokenizing 239105-v2.0.0-mixed: 4 centers, 9 frags.
2025-05-29 11:39:35,630 - ForkPoolWorker-8 - INFO - Finished tokenizing 241581-v2.0.0-mixed: 1 centers, 4 frags.
2025-05-29 11:39:35,630 - ForkPoolWorker-12 - INFO - Finished tokenizing 244140-v2.0.0-mixed: 2 centers, 8 frags.
2025-05-29 11:39:35,630 - ForkPoolWorker-8 - INFO - Tokenizing context file: 247729-v2.0.0-mixed
2025-05-29 11:39:35,630 - ForkPoolWorker-5 - INFO - Finished tokenizing 243179-v2.0.0-mixed: 4 centers, 17 frags.
2025-05-29 11:39:35,630 - ForkPoolWorker-10 - INFO - Tokenizing context file: 1987-v1.0.0-bad
2025-05-29 11:39:35,630 - ForkPoolWorker-12 - INFO - Tokenizing context file: 500979-v1.0.0-bad
2025-05-29 11:39:35,631 - ForkPoolWorker-5 - INFO - Tokenizing context file: 247813-v2.0.0-mixed
2025-05-29 11:39:35,631 - ForkPoolWorker-3 - INFO - Finished tokenizing 242692-v2.0.0-mixed: 5 centers, 21 frags.
2025-05-29 11:39:35,631 - ForkPoolWorker-2 - INFO - Finished tokenizing 243896-v2.0.0-mixed: 3 centers, 10 frags.
2025-05-29 11:39:35,631 - ForkPoolWorker-10 - INFO - Finished tokenizing 1987-v1.0.0-bad: 1 centers, 4 frags.
2025-05-29 11:39:35,631 - ForkPoolWorker-1 - INFO - Finished tokenizing 243357-v2.0.0-mixed: 6 centers, 27 frags.
2025-05-29 11:39:35,631 - ForkPoolWorker-9 - INFO - Finished tokenizing 242131-v2.0.0-mixed: 4 centers, 14 frags.
2025-05-29 11:39:35,631 - ForkPoolWorker-8 - INFO - Finished tokenizing 247729-v2.0.0-mixed: 2 centers, 9 frags.
2025-05-29 11:39:35,631 - ForkPoolWorker-4 - INFO - Finished tokenizing 241859-v2.0.0-mixed: 4 centers, 15 frags.
2025-05-29 11:39:35,632 - ForkPoolWorker-6 - INFO - Finished tokenizing 243967-v2.0.0-mixed: 4 centers, 25 frags.
2025-05-29 11:39:35,632 - ForkPoolWorker-3 - INFO - Tokenizing context file: 245069-v2.0.0-mixed
2025-05-29 11:39:35,632 - ForkPoolWorker-2 - INFO - Tokenizing context file: 243877-v2.0.0-mixed
2025-05-29 11:39:35,632 - ForkPoolWorker-5 - INFO - Finished tokenizing 247813-v2.0.0-mixed: 3 centers, 11 frags.
2025-05-29 11:39:35,632 - ForkPoolWorker-10 - INFO - Tokenizing context file: 234965-v2.0.0-mixed
2025-05-29 11:39:35,632 - ForkPoolWorker-11 - INFO - Finished tokenizing 246101-v2.0.0-mixed: 6 centers, 15 frags.
2025-05-29 11:39:35,632 - ForkPoolWorker-12 - INFO - Finished tokenizing 500979-v1.0.0-bad: 1 centers, 4 frags.
2025-05-29 11:39:35,632 - ForkPoolWorker-10 - INFO - Finished tokenizing 234965-v2.0.0-mixed: 1 centers, 3 frags.
2025-05-29 11:39:35,633 - ForkPoolWorker-7 - INFO - Finished tokenizing 244549-v2.0.0-mixed: 5 centers, 30 frags.
2025-05-29 11:39:35,633 - ForkPoolWorker-3 - INFO - Finished tokenizing 245069-v2.0.0-mixed: 5 centers, 15 frags.
2025-05-29 11:39:35,633 - ForkPoolWorker-1 - INFO - Tokenizing context file: 242111-v2.0.0-mixed
2025-05-29 11:39:35,634 - ForkPoolWorker-7 - INFO - Tokenizing context file: 242530-v2.0.0-mixed
2025-05-29 11:39:35,634 - ForkPoolWorker-2 - INFO - Finished tokenizing 243877-v2.0.0-mixed: 6 centers, 33 frags.
2025-05-29 11:39:35,634 - ForkPoolWorker-8 - INFO - Tokenizing context file: 242005-v2.0.0-mixed
2025-05-29 11:39:35,634 - ForkPoolWorker-1 - INFO - Finished tokenizing 242111-v2.0.0-mixed: 6 centers, 26 frags.
2025-05-29 11:39:35,635 - ForkPoolWorker-7 - INFO - Finished tokenizing 242530-v2.0.0-mixed: 10 centers, 19 frags.
2025-05-29 11:39:35,635 - ForkPoolWorker-4 - INFO - Tokenizing context file: 241552-v2.0.0-mixed
2025-05-29 11:39:35,635 - ForkPoolWorker-6 - INFO - Tokenizing context file: 241976-v2.0.0-mixed
2025-05-29 11:39:35,635 - ForkPoolWorker-8 - INFO - Finished tokenizing 242005-v2.0.0-mixed: 6 centers, 24 frags.
2025-05-29 11:39:35,636 - ForkPoolWorker-5 - INFO - Tokenizing context file: 243335-v2.0.0-mixed
2025-05-29 11:39:35,636 - ForkPoolWorker-11 - INFO - Tokenizing context file: 241853-v2.0.0-mixed
2025-05-29 11:39:35,636 - ForkPoolWorker-12 - INFO - Tokenizing context file: 243262-v2.0.0-mixed
2025-05-29 11:39:35,636 - ForkPoolWorker-10 - INFO - Tokenizing context file: 242649-v2.0.0-mixed
2025-05-29 11:39:35,636 - ForkPoolWorker-9 - INFO - Tokenizing context file: 242522-v2.0.0-mixed
2025-05-29 11:39:35,636 - ForkPoolWorker-3 - INFO - Tokenizing context file: 1519-v1.0.0-bad
2025-05-29 11:39:35,636 - ForkPoolWorker-6 - INFO - Finished tokenizing 241976-v2.0.0-mixed: 2 centers, 7 frags.
2025-05-29 11:39:35,637 - ForkPoolWorker-4 - INFO - Finished tokenizing 241552-v2.0.0-mixed: 3 centers, 18 frags.
2025-05-29 11:39:35,637 - ForkPoolWorker-10 - INFO - Finished tokenizing 242649-v2.0.0-mixed: 2 centers, 7 frags.
2025-05-29 11:39:35,637 - ForkPoolWorker-3 - INFO - Finished tokenizing 1519-v1.0.0-bad: 3 centers, 10 frags.
2025-05-29 11:39:35,637 - ForkPoolWorker-5 - INFO - Finished tokenizing 243335-v2.0.0-mixed: 7 centers, 22 frags.
2025-05-29 11:39:35,638 - ForkPoolWorker-11 - INFO - Finished tokenizing 241853-v2.0.0-mixed: 6 centers, 21 frags.
2025-05-29 11:39:35,638 - ForkPoolWorker-2 - INFO - Tokenizing context file: 244705-v2.0.0-mixed
2025-05-29 11:39:35,638 - ForkPoolWorker-9 - INFO - Finished tokenizing 242522-v2.0.0-mixed: 6 centers, 21 frags.
2025-05-29 11:39:35,638 - ForkPoolWorker-1 - INFO - Tokenizing context file: 500745-v1.0.0-bad
2025-05-29 11:39:35,638 - ForkPoolWorker-7 - INFO - Tokenizing context file: 500799-v1.0.0-bad
2025-05-29 11:39:35,639 - ForkPoolWorker-6 - INFO - Tokenizing context file: 242688-v2.0.0-mixed
2025-05-29 11:39:35,639 - ForkPoolWorker-8 - INFO - Tokenizing context file: 500776-v1.0.0-bad
2025-05-29 11:39:35,639 - ForkPoolWorker-4 - INFO - Tokenizing context file: 243487-v2.0.0-mixed
2025-05-29 11:39:35,639 - ForkPoolWorker-2 - INFO - Finished tokenizing 244705-v2.0.0-mixed: 2 centers, 6 frags.
2025-05-29 11:39:35,639 - ForkPoolWorker-12 - INFO - Finished tokenizing 243262-v2.0.0-mixed: 6 centers, 27 frags.
2025-05-29 11:39:35,639 - ForkPoolWorker-7 - INFO - Finished tokenizing 500799-v1.0.0-bad: 2 centers, 3 frags.
2025-05-29 11:39:35,639 - ForkPoolWorker-1 - INFO - Finished tokenizing 500745-v1.0.0-bad: 1 centers, 4 frags.
2025-05-29 11:39:35,640 - ForkPoolWorker-8 - INFO - Finished tokenizing 500776-v1.0.0-bad: 1 centers, 4 frags.
2025-05-29 11:39:35,640 - ForkPoolWorker-10 - INFO - Tokenizing context file: 234734-v2.0.0-mixed
2025-05-29 11:39:35,640 - ForkPoolWorker-3 - INFO - Tokenizing context file: 243162-v2.0.0-mixed
2025-05-29 11:39:35,640 - ForkPoolWorker-5 - INFO - Tokenizing context file: 1954-v1.0.0-bad
2025-05-29 11:39:35,640 - ForkPoolWorker-4 - INFO - Finished tokenizing 243487-v2.0.0-mixed: 6 centers, 17 frags.
2025-05-29 11:39:35,640 - ForkPoolWorker-11 - INFO - Tokenizing context file: 501015-v1.0.0-bad
2025-05-29 11:39:35,640 - ForkPoolWorker-4 - INFO - Tokenizing context file: 240696-v2.0.0-mixed
2025-05-29 11:39:35,640 - ForkPoolWorker-9 - INFO - Tokenizing context file: 242422-v2.0.0-mixed
2025-05-29 11:39:35,640 - ForkPoolWorker-6 - INFO - Finished tokenizing 242688-v2.0.0-mixed: 6 centers, 26 frags.
2025-05-29 11:39:35,641 - ForkPoolWorker-10 - INFO - Finished tokenizing 234734-v2.0.0-mixed: 1 centers, 3 frags.
2025-05-29 11:39:35,641 - ForkPoolWorker-3 - INFO - Finished tokenizing 243162-v2.0.0-mixed: 2 centers, 6 frags.
2025-05-29 11:39:35,641 - ForkPoolWorker-5 - INFO - Finished tokenizing 1954-v1.0.0-bad: 2 centers, 11 frags.
2025-05-29 11:39:35,641 - ForkPoolWorker-4 - INFO - Finished tokenizing 240696-v2.0.0-mixed: 2 centers, 7 frags.
2025-05-29 11:39:35,641 - ForkPoolWorker-11 - INFO - Finished tokenizing 501015-v1.0.0-bad: 1 centers, 3 frags.
2025-05-29 11:39:35,641 - ForkPoolWorker-9 - INFO - Finished tokenizing 242422-v2.0.0-mixed: 2 centers, 9 frags.
2025-05-29 11:39:35,642 - ForkPoolWorker-12 - INFO - Tokenizing context file: 243178-v2.0.0-mixed
2025-05-29 11:39:35,642 - ForkPoolWorker-7 - INFO - Tokenizing context file: 242808-v2.0.0-mixed
2025-05-29 11:39:35,642 - ForkPoolWorker-1 - INFO - Tokenizing context file: 242604-v2.0.0-mixed
2025-05-29 11:39:35,642 - ForkPoolWorker-8 - INFO - Tokenizing context file: 242605-v2.0.0-mixed
2025-05-29 11:39:35,642 - ForkPoolWorker-2 - INFO - Tokenizing context file: 247901-v2.0.0-mixed
2025-05-29 11:39:35,643 - ForkPoolWorker-7 - INFO - Finished tokenizing 242808-v2.0.0-mixed: 2 centers, 9 frags.
2025-05-29 11:39:35,643 - ForkPoolWorker-12 - INFO - Finished tokenizing 243178-v2.0.0-mixed: 4 centers, 14 frags.
2025-05-29 11:39:35,643 - ForkPoolWorker-2 - INFO - Finished tokenizing 247901-v2.0.0-mixed: 5 centers, 12 frags.
2025-05-29 11:39:35,644 - ForkPoolWorker-1 - INFO - Finished tokenizing 242604-v2.0.0-mixed: 7 centers, 27 frags.
2025-05-29 11:39:35,644 - ForkPoolWorker-8 - INFO - Finished tokenizing 242605-v2.0.0-mixed: 7 centers, 21 frags.
2025-05-29 11:39:35,644 - ForkPoolWorker-6 - INFO - Tokenizing context file: 242881-v2.0.0-mixed
2025-05-29 11:39:35,644 - ForkPoolWorker-10 - INFO - Tokenizing context file: 245841-v2.0.0-mixed
2025-05-29 11:39:35,644 - ForkPoolWorker-5 - INFO - Tokenizing context file: 243127-v2.0.0-mixed
2025-05-29 11:39:35,644 - ForkPoolWorker-3 - INFO - Tokenizing context file: 242329-v2.0.0-mixed
2025-05-29 11:39:35,645 - ForkPoolWorker-11 - INFO - Tokenizing context file: 244593-v2.0.0-mixed
2025-05-29 11:39:35,645 - ForkPoolWorker-4 - INFO - Tokenizing context file: 244328-v2.0.0-mixed
2025-05-29 11:39:35,645 - ForkPoolWorker-7 - INFO - Tokenizing context file: 243076-v2.0.0-mixed
2025-05-29 11:39:35,645 - ForkPoolWorker-9 - INFO - Tokenizing context file: 248103-v2.0.0-mixed
2025-05-29 11:39:35,645 - ForkPoolWorker-12 - INFO - Tokenizing context file: 240584-v2.0.0-mixed
2025-05-29 11:39:35,646 - ForkPoolWorker-9 - INFO - Finished tokenizing 248103-v2.0.0-mixed: 1 centers, 7 frags.
2025-05-29 11:39:35,646 - ForkPoolWorker-4 - INFO - Finished tokenizing 244328-v2.0.0-mixed: 1 centers, 7 frags.
2025-05-29 11:39:35,646 - ForkPoolWorker-11 - INFO - Finished tokenizing 244593-v2.0.0-mixed: 3 centers, 9 frags.
2025-05-29 11:39:35,646 - ForkPoolWorker-3 - INFO - Finished tokenizing 242329-v2.0.0-mixed: 2 centers, 9 frags.
2025-05-29 11:39:35,646 - ForkPoolWorker-12 - INFO - Finished tokenizing 240584-v2.0.0-mixed: 2 centers, 8 frags.
2025-05-29 11:39:35,646 - ForkPoolWorker-10 - INFO - Finished tokenizing 245841-v2.0.0-mixed: 2 centers, 8 frags.
2025-05-29 11:39:35,646 - ForkPoolWorker-7 - INFO - Finished tokenizing 243076-v2.0.0-mixed: 10 centers, 22 frags.
2025-05-29 11:39:35,646 - ForkPoolWorker-5 - INFO - Finished tokenizing 243127-v2.0.0-mixed: 6 centers, 17 frags.
2025-05-29 11:39:35,647 - ForkPoolWorker-6 - INFO - Finished tokenizing 242881-v2.0.0-mixed: 26 centers, 40 frags.
2025-05-29 11:39:35,647 - ForkPoolWorker-2 - INFO - Tokenizing context file: 242521-v2.0.0-mixed
2025-05-29 11:39:35,647 - ForkPoolWorker-1 - INFO - Tokenizing context file: 244426-v2.0.0-mixed
2025-05-29 11:39:35,648 - ForkPoolWorker-8 - INFO - Tokenizing context file: 242750-v2.0.0-mixed
2025-05-29 11:39:35,648 - ForkPoolWorker-9 - INFO - Tokenizing context file: 241811-v2.0.0-mixed
2025-05-29 11:39:35,648 - ForkPoolWorker-11 - INFO - Tokenizing context file: 243295-v2.0.0-mixed
2025-05-29 11:39:35,648 - ForkPoolWorker-2 - INFO - Finished tokenizing 242521-v2.0.0-mixed: 2 centers, 9 frags.
2025-05-29 11:39:35,648 - ForkPoolWorker-4 - INFO - Tokenizing context file: 243445-v2.0.0-mixed
2025-05-29 11:39:35,648 - ForkPoolWorker-3 - INFO - Tokenizing context file: 235563-v2.0.0-mixed
2025-05-29 11:39:35,648 - ForkPoolWorker-2 - INFO - Tokenizing context file: 248006-v2.0.0-mixed
2025-05-29 11:39:35,648 - ForkPoolWorker-1 - INFO - Finished tokenizing 244426-v2.0.0-mixed: 3 centers, 13 frags.
2025-05-29 11:39:35,649 - ForkPoolWorker-10 - INFO - Tokenizing context file: 239836-v2.0.0-mixed
2025-05-29 11:39:35,649 - ForkPoolWorker-7 - INFO - Tokenizing context file: 243464-v2.0.0-mixed
2025-05-29 11:39:35,649 - ForkPoolWorker-1 - INFO - Tokenizing context file: 243389-v2.0.0-mixed
2025-05-29 11:39:35,649 - ForkPoolWorker-12 - INFO - Tokenizing context file: 242478-v2.0.0-mixed
2025-05-29 11:39:35,649 - ForkPoolWorker-2 - INFO - Finished tokenizing 248006-v2.0.0-mixed: 2 centers, 8 frags.
2025-05-29 11:39:35,649 - ForkPoolWorker-9 - INFO - Finished tokenizing 241811-v2.0.0-mixed: 4 centers, 14 frags.
2025-05-29 11:39:35,649 - ForkPoolWorker-11 - INFO - Finished tokenizing 243295-v2.0.0-mixed: 6 centers, 17 frags.
2025-05-29 11:39:35,649 - ForkPoolWorker-4 - INFO - Finished tokenizing 243445-v2.0.0-mixed: 4 centers, 13 frags.
2025-05-29 11:39:35,650 - ForkPoolWorker-7 - INFO - Finished tokenizing 243464-v2.0.0-mixed: 4 centers, 12 frags.
2025-05-29 11:39:35,650 - ForkPoolWorker-10 - INFO - Finished tokenizing 239836-v2.0.0-mixed: 4 centers, 15 frags.
2025-05-29 11:39:35,650 - ForkPoolWorker-8 - INFO - Finished tokenizing 242750-v2.0.0-mixed: 4 centers, 19 frags.
2025-05-29 11:39:35,650 - ForkPoolWorker-1 - INFO - Finished tokenizing 243389-v2.0.0-mixed: 6 centers, 27 frags.
2025-05-29 11:39:35,650 - ForkPoolWorker-12 - INFO - Finished tokenizing 242478-v2.0.0-mixed: 7 centers, 26 frags.
2025-05-29 11:39:35,651 - ForkPoolWorker-3 - INFO - Finished tokenizing 235563-v2.0.0-mixed: 9 centers, 43 frags.
2025-05-29 11:39:35,651 - ForkPoolWorker-5 - INFO - Tokenizing context file: 235172-v2.0.0-mixed
2025-05-29 11:39:35,651 - ForkPoolWorker-2 - INFO - Tokenizing context file: 241977-v2.0.0-mixed
2025-05-29 11:39:35,651 - ForkPoolWorker-6 - INFO - Tokenizing context file: 234117-v2.0.0-mixed
2025-05-29 11:39:35,651 - ForkPoolWorker-9 - INFO - Tokenizing context file: 234464-v2.0.0-mixed
2025-05-29 11:39:35,651 - ForkPoolWorker-4 - INFO - Tokenizing context file: 500823-v1.0.0-bad
2025-05-29 11:39:35,651 - ForkPoolWorker-11 - INFO - Tokenizing context file: 245698-v2.0.0-mixed
2025-05-29 11:39:35,652 - ForkPoolWorker-7 - INFO - Tokenizing context file: 500990-v1.0.0-bad
2025-05-29 11:39:35,652 - ForkPoolWorker-10 - INFO - Tokenizing context file: 2030-v1.0.0-bad
2025-05-29 11:39:35,652 - ForkPoolWorker-1 - INFO - Tokenizing context file: 244567-v2.0.0-mixed
2025-05-29 11:39:35,652 - ForkPoolWorker-8 - INFO - Tokenizing context file: 243963-v2.0.0-mixed
2025-05-29 11:39:35,652 - ForkPoolWorker-12 - INFO - Tokenizing context file: 242777-v2.0.0-mixed
2025-05-29 11:39:35,652 - ForkPoolWorker-3 - INFO - Tokenizing context file: 500753-v1.0.0-bad
2025-05-29 11:39:35,652 - ForkPoolWorker-2 - INFO - Finished tokenizing 241977-v2.0.0-mixed: 2 centers, 7 frags.
2025-05-29 11:39:35,652 - ForkPoolWorker-4 - INFO - Finished tokenizing 500823-v1.0.0-bad: 1 centers, 4 frags.
2025-05-29 11:39:35,652 - ForkPoolWorker-2 - INFO - Tokenizing context file: 243443-v2.0.0-mixed
2025-05-29 11:39:35,652 - ForkPoolWorker-4 - INFO - Tokenizing context file: 243297-v2.0.0-mixed
2025-05-29 11:39:35,652 - ForkPoolWorker-7 - INFO - Finished tokenizing 500990-v1.0.0-bad: 2 centers, 5 frags.
2025-05-29 11:39:35,652 - ForkPoolWorker-10 - INFO - Finished tokenizing 2030-v1.0.0-bad: 2 centers, 4 frags.
2025-05-29 11:39:35,652 - ForkPoolWorker-7 - INFO - Tokenizing context file: 245036-v2.0.0-mixed
2025-05-29 11:39:35,652 - ForkPoolWorker-10 - INFO - Tokenizing context file: 245981-v2.0.0-mixed
2025-05-29 11:39:35,652 - ForkPoolWorker-1 - INFO - Finished tokenizing 244567-v2.0.0-mixed: 1 centers, 7 frags.
2025-05-29 11:39:35,652 - ForkPoolWorker-11 - INFO - Finished tokenizing 245698-v2.0.0-mixed: 2 centers, 10 frags.
2025-05-29 11:39:35,652 - ForkPoolWorker-5 - INFO - Finished tokenizing 235172-v2.0.0-mixed: 3 centers, 15 frags.
2025-05-29 11:39:35,653 - ForkPoolWorker-1 - INFO - Tokenizing context file: 242000-v2.0.0-mixed
2025-05-29 11:39:35,653 - ForkPoolWorker-3 - INFO - Finished tokenizing 500753-v1.0.0-bad: 1 centers, 3 frags.
2025-05-29 11:39:35,653 - ForkPoolWorker-12 - INFO - Finished tokenizing 242777-v2.0.0-mixed: 2 centers, 9 frags.
2025-05-29 11:39:35,653 - ForkPoolWorker-11 - INFO - Tokenizing context file: 245740-v2.0.0-mixed
2025-05-29 11:39:35,653 - ForkPoolWorker-12 - INFO - Tokenizing context file: 234629-v2.0.0-mixed
2025-05-29 11:39:35,653 - ForkPoolWorker-5 - INFO - Tokenizing context file: 243342-v2.0.0-mixed
2025-05-29 11:39:35,653 - ForkPoolWorker-3 - INFO - Tokenizing context file: 235787-v2.0.0-mixed
2025-05-29 11:39:35,653 - ForkPoolWorker-9 - INFO - Finished tokenizing 234464-v2.0.0-mixed: 5 centers, 17 frags.
2025-05-29 11:39:35,653 - ForkPoolWorker-9 - INFO - Tokenizing context file: 239909-v2.0.0-mixed
2025-05-29 11:39:35,653 - ForkPoolWorker-7 - INFO - Finished tokenizing 245036-v2.0.0-mixed: 2 centers, 10 frags.
2025-05-29 11:39:35,653 - ForkPoolWorker-10 - INFO - Finished tokenizing 245981-v2.0.0-mixed: 2 centers, 10 frags.
2025-05-29 11:39:35,653 - ForkPoolWorker-7 - INFO - Tokenizing context file: 246407-v2.0.0-mixed
2025-05-29 11:39:35,653 - ForkPoolWorker-10 - INFO - Tokenizing context file: 243428-v2.0.0-mixed
2025-05-29 11:39:35,653 - ForkPoolWorker-2 - INFO - Finished tokenizing 243443-v2.0.0-mixed: 1 centers, 2 frags.
2025-05-29 11:39:35,653 - ForkPoolWorker-11 - INFO - Finished tokenizing 245740-v2.0.0-mixed: 2 centers, 8 frags.
2025-05-29 11:39:35,653 - ForkPoolWorker-8 - INFO - Finished tokenizing 243963-v2.0.0-mixed: 7 centers, 25 frags.
2025-05-29 11:39:35,654 - ForkPoolWorker-2 - INFO - Tokenizing context file: 241746-v2.0.0-mixed
2025-05-29 11:39:35,654 - ForkPoolWorker-11 - INFO - Tokenizing context file: 500897-v1.0.0-bad
2025-05-29 11:39:35,654 - ForkPoolWorker-4 - INFO - Finished tokenizing 243297-v2.0.0-mixed: 6 centers, 23 frags.
2025-05-29 11:39:35,654 - ForkPoolWorker-8 - INFO - Tokenizing context file: 243158-v2.0.0-mixed
2025-05-29 11:39:35,654 - ForkPoolWorker-1 - INFO - Finished tokenizing 242000-v2.0.0-mixed: 4 centers, 14 frags.
2025-05-29 11:39:35,654 - ForkPoolWorker-4 - INFO - Tokenizing context file: 243077-v2.0.0-mixed
2025-05-29 11:39:35,654 - ForkPoolWorker-6 - INFO - Finished tokenizing 234117-v2.0.0-mixed: 6 centers, 34 frags.
2025-05-29 11:39:35,654 - ForkPoolWorker-1 - INFO - Tokenizing context file: 242238-v2.0.0-mixed
2025-05-29 11:39:35,654 - ForkPoolWorker-9 - INFO - Finished tokenizing 239909-v2.0.0-mixed: 0 centers, 0 frags.
2025-05-29 11:39:35,654 - ForkPoolWorker-9 - INFO - Tokenizing context file: 242558-v2.0.0-mixed
2025-05-29 11:39:35,654 - ForkPoolWorker-6 - INFO - Tokenizing context file: 247709-v2.0.0-mixed
2025-05-29 11:39:35,654 - ForkPoolWorker-3 - INFO - Finished tokenizing 235787-v2.0.0-mixed: 3 centers, 15 frags.
2025-05-29 11:39:35,654 - ForkPoolWorker-2 - INFO - Finished tokenizing 241746-v2.0.0-mixed: 1 centers, 2 frags.
2025-05-29 11:39:35,654 - ForkPoolWorker-3 - INFO - Tokenizing context file: 248718-v2.0.0-mixed
2025-05-29 11:39:35,654 - ForkPoolWorker-11 - INFO - Finished tokenizing 500897-v1.0.0-bad: 1 centers, 4 frags.
2025-05-29 11:39:35,654 - ForkPoolWorker-2 - INFO - Tokenizing context file: 242647-v2.0.0-mixed
2025-05-29 11:39:35,654 - ForkPoolWorker-11 - INFO - Tokenizing context file: 242830-v2.0.0-mixed
2025-05-29 11:39:35,655 - ForkPoolWorker-10 - INFO - Finished tokenizing 243428-v2.0.0-mixed: 10 centers, 22 frags.
2025-05-29 11:39:35,655 - ForkPoolWorker-5 - INFO - Finished tokenizing 243342-v2.0.0-mixed: 7 centers, 26 frags.
2025-05-29 11:39:35,655 - ForkPoolWorker-3 - INFO - Finished tokenizing 248718-v2.0.0-mixed: 2 centers, 9 frags.
2025-05-29 11:39:35,655 - ForkPoolWorker-1 - INFO - Finished tokenizing 242238-v2.0.0-mixed: 4 centers, 13 frags.
2025-05-29 11:39:35,655 - ForkPoolWorker-12 - INFO - Finished tokenizing 234629-v2.0.0-mixed: 5 centers, 16 frags.
2025-05-29 11:39:35,655 - ForkPoolWorker-6 - INFO - Finished tokenizing 247709-v2.0.0-mixed: 5 centers, 13 frags.
2025-05-29 11:39:35,655 - ForkPoolWorker-3 - INFO - Tokenizing context file: 244461-v2.0.0-mixed
2025-05-29 11:39:35,655 - ForkPoolWorker-5 - INFO - Tokenizing context file: 242957-v2.0.0-mixed
2025-05-29 11:39:35,655 - ForkPoolWorker-1 - INFO - Tokenizing context file: 245221-v2.0.0-mixed
2025-05-29 11:39:35,655 - ForkPoolWorker-12 - INFO - Tokenizing context file: 240610-v2.0.0-mixed
2025-05-29 11:39:35,655 - ForkPoolWorker-10 - INFO - Tokenizing context file: 245558-v2.0.0-mixed
2025-05-29 11:39:35,655 - ForkPoolWorker-4 - INFO - Finished tokenizing 243077-v2.0.0-mixed: 4 centers, 17 frags.
2025-05-29 11:39:35,655 - ForkPoolWorker-7 - INFO - Finished tokenizing 246407-v2.0.0-mixed: 1 centers, 7 frags.
2025-05-29 11:39:35,655 - ForkPoolWorker-6 - INFO - Tokenizing context file: 243508-v2.0.0-mixed
2025-05-29 11:39:35,655 - ForkPoolWorker-8 - INFO - Finished tokenizing 243158-v2.0.0-mixed: 18 centers, 25 frags.
2025-05-29 11:39:35,655 - ForkPoolWorker-9 - INFO - Finished tokenizing 242558-v2.0.0-mixed: 4 centers, 19 frags.
2025-05-29 11:39:35,656 - ForkPoolWorker-7 - INFO - Tokenizing context file: 245984-v2.0.0-mixed
2025-05-29 11:39:35,656 - ForkPoolWorker-8 - INFO - Tokenizing context file: 242189-v2.0.0-mixed
2025-05-29 11:39:35,656 - ForkPoolWorker-9 - INFO - Tokenizing context file: 241789-v2.0.0-mixed
2025-05-29 11:39:35,656 - ForkPoolWorker-4 - INFO - Tokenizing context file: 242695-v2.0.0-mixed
2025-05-29 11:39:35,656 - ForkPoolWorker-6 - INFO - Finished tokenizing 243508-v2.0.0-mixed: 1 centers, 2 frags.
2025-05-29 11:39:35,656 - ForkPoolWorker-3 - INFO - Finished tokenizing 244461-v2.0.0-mixed: 3 centers, 8 frags.
2025-05-29 11:39:35,656 - ForkPoolWorker-10 - INFO - Finished tokenizing 245558-v2.0.0-mixed: 2 centers, 8 frags.
2025-05-29 11:39:35,656 - ForkPoolWorker-1 - INFO - Finished tokenizing 245221-v2.0.0-mixed: 2 centers, 8 frags.
2025-05-29 11:39:35,656 - ForkPoolWorker-3 - INFO - Tokenizing context file: 246924-v2.0.0-mixed
2025-05-29 11:39:35,656 - ForkPoolWorker-6 - INFO - Tokenizing context file: 243136-v2.0.0-mixed
2025-05-29 11:39:35,656 - ForkPoolWorker-10 - INFO - Tokenizing context file: 244497-v2.0.0-mixed
2025-05-29 11:39:35,656 - ForkPoolWorker-1 - INFO - Tokenizing context file: 243282-v2.0.0-mixed
2025-05-29 11:39:35,657 - ForkPoolWorker-2 - INFO - Finished tokenizing 242647-v2.0.0-mixed: 2 centers, 20 frags.
2025-05-29 11:39:35,657 - ForkPoolWorker-5 - INFO - Finished tokenizing 242957-v2.0.0-mixed: 7 centers, 19 frags.
2025-05-29 11:39:35,657 - ForkPoolWorker-7 - INFO - Finished tokenizing 245984-v2.0.0-mixed: 1 centers, 7 frags.
2025-05-29 11:39:35,657 - ForkPoolWorker-5 - INFO - Tokenizing context file: 245692-v2.0.0-mixed
2025-05-29 11:39:35,657 - ForkPoolWorker-7 - INFO - Tokenizing context file: 239041-v2.0.0-mixed
2025-05-29 11:39:35,657 - ForkPoolWorker-2 - INFO - Tokenizing context file: 500800-v1.0.0-bad
2025-05-29 11:39:35,657 - ForkPoolWorker-11 - INFO - Finished tokenizing 242830-v2.0.0-mixed: 7 centers, 27 frags.
2025-05-29 11:39:35,657 - ForkPoolWorker-11 - INFO - Tokenizing context file: 241889-v2.0.0-mixed
2025-05-29 11:39:35,657 - ForkPoolWorker-3 - INFO - Finished tokenizing 246924-v2.0.0-mixed: 2 centers, 10 frags.
2025-05-29 11:39:35,657 - ForkPoolWorker-4 - INFO - Finished tokenizing 242695-v2.0.0-mixed: 4 centers, 12 frags.
2025-05-29 11:39:35,657 - ForkPoolWorker-3 - INFO - Tokenizing context file: 241778-v2.0.0-mixed
2025-05-29 11:39:35,657 - ForkPoolWorker-4 - INFO - Tokenizing context file: 243852-v2.0.0-mixed
2025-05-29 11:39:35,657 - ForkPoolWorker-1 - INFO - Finished tokenizing 243282-v2.0.0-mixed: 4 centers, 14 frags.
2025-05-29 11:39:35,657 - ForkPoolWorker-12 - INFO - Finished tokenizing 240610-v2.0.0-mixed: 6 centers, 31 frags.
2025-05-29 11:39:35,658 - ForkPoolWorker-1 - INFO - Tokenizing context file: 242431-v2.0.0-mixed
2025-05-29 11:39:35,658 - ForkPoolWorker-12 - INFO - Tokenizing context file: 248007-v2.0.0-mixed
2025-05-29 11:39:35,658 - ForkPoolWorker-5 - INFO - Finished tokenizing 245692-v2.0.0-mixed: 2 centers, 11 frags.
2025-05-29 11:39:35,658 - ForkPoolWorker-7 - INFO - Finished tokenizing 239041-v2.0.0-mixed: 2 centers, 7 frags.
2025-05-29 11:39:35,658 - ForkPoolWorker-5 - INFO - Tokenizing context file: 239932-v2.0.0-mixed
2025-05-29 11:39:35,658 - ForkPoolWorker-7 - INFO - Tokenizing context file: 243027-v2.0.0-mixed
2025-05-29 11:39:35,658 - ForkPoolWorker-3 - INFO - Finished tokenizing 241778-v2.0.0-mixed: 1 centers, 2 frags.
2025-05-29 11:39:35,658 - ForkPoolWorker-6 - INFO - Finished tokenizing 243136-v2.0.0-mixed: 4 centers, 18 frags.
2025-05-29 11:39:35,658 - ForkPoolWorker-10 - INFO - Finished tokenizing 244497-v2.0.0-mixed: 3 centers, 8 frags.
2025-05-29 11:39:35,658 - ForkPoolWorker-3 - INFO - Tokenizing context file: 242766-v2.0.0-mixed
2025-05-29 11:39:35,658 - ForkPoolWorker-10 - INFO - Tokenizing context file: 243320-v2.0.0-mixed
2025-05-29 11:39:35,658 - ForkPoolWorker-2 - INFO - Finished tokenizing 500800-v1.0.0-bad: 1 centers, 4 frags.
2025-05-29 11:39:35,658 - ForkPoolWorker-6 - INFO - Tokenizing context file: 242576-v2.0.0-mixed
2025-05-29 11:39:35,658 - ForkPoolWorker-2 - INFO - Tokenizing context file: 243105-v2.0.0-mixed
2025-05-29 11:39:35,659 - ForkPoolWorker-9 - INFO - Finished tokenizing 241789-v2.0.0-mixed: 6 centers, 36 frags.
2025-05-29 11:39:35,659 - ForkPoolWorker-9 - INFO - Tokenizing context file: 246957-v2.0.0-mixed
2025-05-29 11:39:35,659 - ForkPoolWorker-8 - INFO - Finished tokenizing 242189-v2.0.0-mixed: 7 centers, 19 frags.
2025-05-29 11:39:35,659 - ForkPoolWorker-8 - INFO - Tokenizing context file: 501004-v1.0.0-bad
2025-05-29 11:39:35,659 - ForkPoolWorker-10 - INFO - Finished tokenizing 243320-v2.0.0-mixed: 2 centers, 6 frags.
2025-05-29 11:39:35,659 - ForkPoolWorker-5 - INFO - Finished tokenizing 239932-v2.0.0-mixed: 4 centers, 15 frags.
2025-05-29 11:39:35,659 - ForkPoolWorker-10 - INFO - Tokenizing context file: 240096-v2.0.0-mixed
2025-05-29 11:39:35,659 - ForkPoolWorker-1 - INFO - Finished tokenizing 242431-v2.0.0-mixed: 6 centers, 22 frags.
2025-05-29 11:39:35,659 - ForkPoolWorker-5 - INFO - Tokenizing context file: 247724-v2.0.0-mixed
2025-05-29 11:39:35,659 - ForkPoolWorker-8 - INFO - Finished tokenizing 501004-v1.0.0-bad: 0 centers, 0 frags.
2025-05-29 11:39:35,659 - ForkPoolWorker-1 - INFO - Tokenizing context file: 242878-v2.0.0-mixed
2025-05-29 11:39:35,659 - ForkPoolWorker-12 - INFO - Finished tokenizing 248007-v2.0.0-mixed: 1 centers, 5 frags.
2025-05-29 11:39:35,660 - ForkPoolWorker-8 - INFO - Tokenizing context file: 243047-v2.0.0-mixed
2025-05-29 11:39:35,660 - ForkPoolWorker-12 - INFO - Tokenizing context file: 248200-v2.0.0-mixed
2025-05-29 11:39:35,660 - ForkPoolWorker-11 - INFO - Finished tokenizing 241889-v2.0.0-mixed: 26 centers, 40 frags.
2025-05-29 11:39:35,660 - ForkPoolWorker-6 - INFO - Finished tokenizing 242576-v2.0.0-mixed: 4 centers, 14 frags.
2025-05-29 11:39:35,660 - ForkPoolWorker-7 - INFO - Finished tokenizing 243027-v2.0.0-mixed: 4 centers, 18 frags.
2025-05-29 11:39:35,660 - ForkPoolWorker-3 - INFO - Finished tokenizing 242766-v2.0.0-mixed: 7 centers, 26 frags.
2025-05-29 11:39:35,660 - ForkPoolWorker-11 - INFO - Tokenizing context file: 242265-v2.0.0-mixed
2025-05-29 11:39:35,660 - ForkPoolWorker-7 - INFO - Tokenizing context file: 242438-v2.0.0-mixed
2025-05-29 11:39:35,660 - ForkPoolWorker-6 - INFO - Tokenizing context file: 243461-v2.0.0-mixed
2025-05-29 11:39:35,660 - ForkPoolWorker-4 - INFO - Finished tokenizing 243852-v2.0.0-mixed: 3 centers, 10 frags.
2025-05-29 11:39:35,660 - ForkPoolWorker-5 - INFO - Finished tokenizing 247724-v2.0.0-mixed: 2 centers, 9 frags.
2025-05-29 11:39:35,660 - ForkPoolWorker-12 - INFO - Finished tokenizing 248200-v2.0.0-mixed: 1 centers, 5 frags.
2025-05-29 11:39:35,661 - ForkPoolWorker-1 - INFO - Finished tokenizing 242878-v2.0.0-mixed: 4 centers, 13 frags.
2025-05-29 11:39:35,661 - ForkPoolWorker-11 - INFO - Finished tokenizing 242265-v2.0.0-mixed: 2 centers, 7 frags.
2025-05-29 11:39:35,661 - ForkPoolWorker-9 - INFO - Finished tokenizing 246957-v2.0.0-mixed: 5 centers, 29 frags.
2025-05-29 11:39:35,661 - ForkPoolWorker-7 - INFO - Finished tokenizing 242438-v2.0.0-mixed: 4 centers, 11 frags.
2025-05-29 11:39:35,661 - ForkPoolWorker-10 - INFO - Finished tokenizing 240096-v2.0.0-mixed: 7 centers, 25 frags.
2025-05-29 11:39:35,661 - ForkPoolWorker-6 - INFO - Finished tokenizing 243461-v2.0.0-mixed: 4 centers, 17 frags.
2025-05-29 11:39:35,661 - ForkPoolWorker-2 - INFO - Finished tokenizing 243105-v2.0.0-mixed: 6 centers, 23 frags.
2025-05-29 11:39:35,662 - ForkPoolWorker-3 - INFO - Tokenizing context file: 241737-v2.0.0-mixed
2025-05-29 11:39:35,662 - ForkPoolWorker-4 - INFO - Tokenizing context file: 244177-v2.0.0-mixed
2025-05-29 11:39:35,662 - ForkPoolWorker-5 - INFO - Tokenizing context file: 244001-v2.0.0-mixed
2025-05-29 11:39:35,662 - ForkPoolWorker-8 - INFO - Finished tokenizing 243047-v2.0.0-mixed: 4 centers, 16 frags.
2025-05-29 11:39:35,662 - ForkPoolWorker-5 - INFO - Finished tokenizing 244001-v2.0.0-mixed: 1 centers, 4 frags.
2025-05-29 11:39:35,662 - ForkPoolWorker-4 - INFO - Finished tokenizing 244177-v2.0.0-mixed: 3 centers, 9 frags.
2025-05-29 11:39:35,662 - ForkPoolWorker-3 - INFO - Finished tokenizing 241737-v2.0.0-mixed: 4 centers, 13 frags.
2025-05-29 11:39:35,663 - ForkPoolWorker-2 - INFO - Tokenizing context file: 242922-v2.0.0-mixed
2025-05-29 11:39:35,663 - ForkPoolWorker-1 - INFO - Tokenizing context file: 241975-v2.0.0-mixed
2025-05-29 11:39:35,663 - ForkPoolWorker-11 - INFO - Tokenizing context file: 247897-v2.0.0-mixed
2025-05-29 11:39:35,664 - ForkPoolWorker-9 - INFO - Tokenizing context file: 242882-v2.0.0-mixed
2025-05-29 11:39:35,664 - ForkPoolWorker-7 - INFO - Tokenizing context file: 241944-v2.0.0-mixed
2025-05-29 11:39:35,664 - ForkPoolWorker-11 - INFO - Finished tokenizing 247897-v2.0.0-mixed: 3 centers, 8 frags.
2025-05-29 11:39:35,664 - ForkPoolWorker-2 - INFO - Finished tokenizing 242922-v2.0.0-mixed: 7 centers, 19 frags.
2025-05-29 11:39:35,664 - ForkPoolWorker-1 - INFO - Finished tokenizing 241975-v2.0.0-mixed: 2 centers, 20 frags.
2025-05-29 11:39:35,664 - ForkPoolWorker-7 - INFO - Finished tokenizing 241944-v2.0.0-mixed: 2 centers, 9 frags.
2025-05-29 11:39:35,665 - ForkPoolWorker-10 - INFO - Tokenizing context file: 243243-v2.0.0-mixed
2025-05-29 11:39:35,665 - ForkPoolWorker-9 - INFO - Finished tokenizing 242882-v2.0.0-mixed: 10 centers, 21 frags.
2025-05-29 11:39:35,665 - ForkPoolWorker-6 - INFO - Tokenizing context file: 240188-v2.0.0-mixed
2025-05-29 11:39:35,665 - ForkPoolWorker-12 - INFO - Tokenizing context file: 242473-v2.0.0-mixed
2025-05-29 11:39:35,665 - ForkPoolWorker-8 - INFO - Tokenizing context file: 235815-v2.0.0-mixed
2025-05-29 11:39:35,665 - ForkPoolWorker-5 - INFO - Tokenizing context file: 242452-v2.0.0-mixed
2025-05-29 11:39:35,665 - ForkPoolWorker-4 - INFO - Tokenizing context file: 243454-v2.0.0-mixed
2025-05-29 11:39:35,665 - ForkPoolWorker-3 - INFO - Tokenizing context file: 242921-v2.0.0-mixed
2025-05-29 11:39:35,666 - ForkPoolWorker-10 - INFO - Finished tokenizing 243243-v2.0.0-mixed: 4 centers, 17 frags.
2025-05-29 11:39:35,666 - ForkPoolWorker-6 - INFO - Finished tokenizing 240188-v2.0.0-mixed: 4 centers, 13 frags.
2025-05-29 11:39:35,666 - ForkPoolWorker-12 - INFO - Finished tokenizing 242473-v2.0.0-mixed: 4 centers, 16 frags.
2025-05-29 11:39:35,667 - ForkPoolWorker-3 - INFO - Finished tokenizing 242921-v2.0.0-mixed: 4 centers, 13 frags.
2025-05-29 11:39:35,667 - ForkPoolWorker-11 - INFO - Tokenizing context file: 241968-v2.0.0-mixed
2025-05-29 11:39:35,667 - ForkPoolWorker-4 - INFO - Finished tokenizing 243454-v2.0.0-mixed: 6 centers, 27 frags.
2025-05-29 11:39:35,667 - ForkPoolWorker-2 - INFO - Tokenizing context file: 242088-v2.0.0-mixed
2025-05-29 11:39:35,667 - ForkPoolWorker-1 - INFO - Tokenizing context file: 242589-v2.0.0-mixed
2025-05-29 11:39:35,667 - ForkPoolWorker-8 - INFO - Finished tokenizing 235815-v2.0.0-mixed: 7 centers, 23 frags.
2025-05-29 11:39:35,667 - ForkPoolWorker-7 - INFO - Tokenizing context file: 241450-v2.0.0-mixed
2025-05-29 11:39:35,667 - ForkPoolWorker-5 - INFO - Finished tokenizing 242452-v2.0.0-mixed: 18 centers, 25 frags.
2025-05-29 11:39:35,667 - ForkPoolWorker-9 - INFO - Tokenizing context file: 242674-v2.0.0-mixed
2025-05-29 11:39:35,667 - ForkPoolWorker-10 - INFO - Tokenizing context file: 240952-v2.0.0-mixed
2025-05-29 11:39:35,668 - ForkPoolWorker-11 - INFO - Finished tokenizing 241968-v2.0.0-mixed: 4 centers, 14 frags.
2025-05-29 11:39:35,668 - ForkPoolWorker-2 - INFO - Finished tokenizing 242088-v2.0.0-mixed: 4 centers, 14 frags.
2025-05-29 11:39:35,668 - ForkPoolWorker-9 - INFO - Finished tokenizing 242674-v2.0.0-mixed: 1 centers, 2 frags.
2025-05-29 11:39:35,668 - ForkPoolWorker-6 - INFO - Tokenizing context file: 242821-v2.0.0-mixed
2025-05-29 11:39:35,668 - ForkPoolWorker-12 - INFO - Tokenizing context file: 242030-v2.0.0-mixed
2025-05-29 11:39:35,668 - ForkPoolWorker-2 - INFO - Tokenizing context file: 242908-v2.0.0-mixed
2025-05-29 11:39:35,668 - ForkPoolWorker-10 - INFO - Finished tokenizing 240952-v2.0.0-mixed: 3 centers, 9 frags.
2025-05-29 11:39:35,669 - ForkPoolWorker-1 - INFO - Finished tokenizing 242589-v2.0.0-mixed: 6 centers, 28 frags.
2025-05-29 11:39:35,669 - ForkPoolWorker-7 - INFO - Finished tokenizing 241450-v2.0.0-mixed: 5 centers, 18 frags.
2025-05-29 11:39:35,669 - ForkPoolWorker-4 - INFO - Tokenizing context file: 244044-v2.0.0-mixed
2025-05-29 11:39:35,669 - ForkPoolWorker-6 - INFO - Finished tokenizing 242821-v2.0.0-mixed: 7 centers, 21 frags.
2025-05-29 11:39:35,669 - ForkPoolWorker-2 - INFO - Finished tokenizing 242908-v2.0.0-mixed: 6 centers, 20 frags.
2025-05-29 11:39:35,669 - ForkPoolWorker-12 - INFO - Finished tokenizing 242030-v2.0.0-mixed: 7 centers, 27 frags.
2025-05-29 11:39:35,670 - ForkPoolWorker-4 - INFO - Finished tokenizing 244044-v2.0.0-mixed: 2 centers, 10 frags.
2025-05-29 11:39:35,670 - ForkPoolWorker-1 - INFO - Tokenizing context file: 242657-v2.0.0-mixed
2025-05-29 11:39:35,671 - ForkPoolWorker-5 - INFO - Tokenizing context file: 239576-v2.0.0-mixed
2025-05-29 11:39:35,671 - ForkPoolWorker-11 - INFO - Tokenizing context file: 242048-v2.0.0-mixed
2025-05-29 11:39:35,671 - ForkPoolWorker-3 - INFO - Tokenizing context file: 243066-v2.0.0-mixed
2025-05-29 11:39:35,671 - ForkPoolWorker-9 - INFO - Tokenizing context file: 239508-v2.0.0-mixed
2025-05-29 11:39:35,671 - ForkPoolWorker-10 - INFO - Tokenizing context file: 240070-v2.0.0-mixed
2025-05-29 11:39:35,671 - ForkPoolWorker-8 - INFO - Tokenizing context file: 244280-v2.0.0-mixed
2025-05-29 11:39:35,672 - ForkPoolWorker-10 - INFO - Finished tokenizing 240070-v2.0.0-mixed: 0 centers, 0 frags.
2025-05-29 11:39:35,672 - ForkPoolWorker-3 - INFO - Finished tokenizing 243066-v2.0.0-mixed: 2 centers, 6 frags.
2025-05-29 11:39:35,672 - ForkPoolWorker-5 - INFO - Finished tokenizing 239576-v2.0.0-mixed: 4 centers, 14 frags.
2025-05-29 11:39:35,672 - ForkPoolWorker-7 - INFO - Tokenizing context file: 500855-v1.0.0-bad
2025-05-29 11:39:35,672 - ForkPoolWorker-6 - INFO - Tokenizing context file: 243854-v2.0.0-mixed
2025-05-29 11:39:35,672 - ForkPoolWorker-8 - INFO - Finished tokenizing 244280-v2.0.0-mixed: 1 centers, 5 frags.
2025-05-29 11:39:35,673 - ForkPoolWorker-11 - INFO - Finished tokenizing 242048-v2.0.0-mixed: 6 centers, 22 frags.
2025-05-29 11:39:35,673 - ForkPoolWorker-9 - INFO - Finished tokenizing 239508-v2.0.0-mixed: 7 centers, 27 frags.
2025-05-29 11:39:35,673 - ForkPoolWorker-1 - INFO - Finished tokenizing 242657-v2.0.0-mixed: 26 centers, 40 frags.
2025-05-29 11:39:35,673 - ForkPoolWorker-7 - INFO - Finished tokenizing 500855-v1.0.0-bad: 1 centers, 3 frags.
2025-05-29 11:39:35,673 - ForkPoolWorker-6 - INFO - Finished tokenizing 243854-v2.0.0-mixed: 1 centers, 5 frags.
2025-05-29 11:39:35,673 - ForkPoolWorker-2 - INFO - Tokenizing context file: 241964-v2.0.0-mixed
2025-05-29 11:39:35,673 - ForkPoolWorker-12 - INFO - Tokenizing context file: 243216-v2.0.0-mixed
2025-05-29 11:39:35,673 - ForkPoolWorker-4 - INFO - Tokenizing context file: 243246-v2.0.0-mixed
2025-05-29 11:39:35,673 - ForkPoolWorker-10 - INFO - Tokenizing context file: 247853-v2.0.0-mixed
2025-05-29 11:39:35,673 - ForkPoolWorker-6 - INFO - Tokenizing context file: 243411-v2.0.0-mixed
2025-05-29 11:39:35,673 - ForkPoolWorker-3 - INFO - Tokenizing context file: 242115-v2.0.0-mixed
2025-05-29 11:39:35,673 - ForkPoolWorker-8 - INFO - Tokenizing context file: 244895-v2.0.0-mixed
2025-05-29 11:39:35,674 - ForkPoolWorker-6 - INFO - Finished tokenizing 243411-v2.0.0-mixed: 1 centers, 2 frags.
2025-05-29 11:39:35,674 - ForkPoolWorker-11 - INFO - Tokenizing context file: 243140-v2.0.0-mixed
2025-05-29 11:39:35,674 - ForkPoolWorker-9 - INFO - Tokenizing context file: 248294-v2.0.0-mixed
2025-05-29 11:39:35,674 - ForkPoolWorker-8 - INFO - Finished tokenizing 244895-v2.0.0-mixed: 1 centers, 5 frags.
2025-05-29 11:39:35,674 - ForkPoolWorker-10 - INFO - Finished tokenizing 247853-v2.0.0-mixed: 5 centers, 14 frags.
2025-05-29 11:39:35,675 - ForkPoolWorker-4 - INFO - Finished tokenizing 243246-v2.0.0-mixed: 7 centers, 26 frags.
2025-05-29 11:39:35,675 - ForkPoolWorker-12 - INFO - Finished tokenizing 243216-v2.0.0-mixed: 7 centers, 24 frags.
2025-05-29 11:39:35,675 - ForkPoolWorker-2 - INFO - Finished tokenizing 241964-v2.0.0-mixed: 7 centers, 27 frags.
2025-05-29 11:39:35,675 - ForkPoolWorker-9 - INFO - Finished tokenizing 248294-v2.0.0-mixed: 2 centers, 10 frags.
2025-05-29 11:39:35,675 - ForkPoolWorker-6 - INFO - Tokenizing context file: 242002-v2.0.0-mixed
2025-05-29 11:39:35,675 - ForkPoolWorker-7 - INFO - Tokenizing context file: 242819-v2.0.0-mixed
2025-05-29 11:39:35,675 - ForkPoolWorker-5 - INFO - Tokenizing context file: 244799-v2.0.0-mixed
2025-05-29 11:39:35,675 - ForkPoolWorker-8 - INFO - Tokenizing context file: 243682-v2.0.0-mixed
2025-05-29 11:39:35,676 - ForkPoolWorker-11 - INFO - Finished tokenizing 243140-v2.0.0-mixed: 10 centers, 22 frags.
2025-05-29 11:39:35,676 - ForkPoolWorker-6 - INFO - Finished tokenizing 242002-v2.0.0-mixed: 1 centers, 2 frags.
2025-05-29 11:39:35,676 - ForkPoolWorker-3 - INFO - Finished tokenizing 242115-v2.0.0-mixed: 4 centers, 15 frags.
2025-05-29 11:39:35,676 - ForkPoolWorker-5 - INFO - Finished tokenizing 244799-v2.0.0-mixed: 1 centers, 7 frags.
2025-05-29 11:39:35,676 - ForkPoolWorker-8 - INFO - Finished tokenizing 243682-v2.0.0-mixed: 3 centers, 10 frags.
2025-05-29 11:39:35,677 - ForkPoolWorker-7 - INFO - Finished tokenizing 242819-v2.0.0-mixed: 4 centers, 15 frags.
2025-05-29 11:39:35,677 - ForkPoolWorker-1 - INFO - Tokenizing context file: 241950-v2.0.0-mixed
2025-05-29 11:39:35,677 - ForkPoolWorker-10 - INFO - Tokenizing context file: 241940-v2.0.0-mixed
2025-05-29 11:39:35,677 - ForkPoolWorker-12 - INFO - Tokenizing context file: 238755-v2.0.0-mixed
2025-05-29 11:39:35,678 - ForkPoolWorker-1 - INFO - Finished tokenizing 241950-v2.0.0-mixed: 4 centers, 13 frags.
2025-05-29 11:39:35,678 - ForkPoolWorker-12 - INFO - Finished tokenizing 238755-v2.0.0-mixed: 2 centers, 7 frags.
2025-05-29 11:39:35,679 - ForkPoolWorker-4 - INFO - Tokenizing context file: 500827-v1.0.0-bad
2025-05-29 11:39:35,679 - ForkPoolWorker-10 - INFO - Finished tokenizing 241940-v2.0.0-mixed: 18 centers, 23 frags.
2025-05-29 11:39:35,679 - ForkPoolWorker-4 - INFO - Finished tokenizing 500827-v1.0.0-bad: 1 centers, 2 frags.
2025-05-29 11:39:35,680 - ForkPoolWorker-2 - INFO - Tokenizing context file: 241887-v2.0.0-mixed
2025-05-29 11:39:35,680 - ForkPoolWorker-9 - INFO - Tokenizing context file: 242386-v2.0.0-mixed
2025-05-29 11:39:35,680 - ForkPoolWorker-9 - INFO - Finished tokenizing 242386-v2.0.0-mixed: 1 centers, 2 frags.
2025-05-29 11:39:35,680 - ForkPoolWorker-11 - INFO - Tokenizing context file: 242864-v2.0.0-mixed
2025-05-29 11:39:35,680 - ForkPoolWorker-6 - INFO - Tokenizing context file: 234724-v2.0.0-mixed
2025-05-29 11:39:35,680 - ForkPoolWorker-3 - INFO - Tokenizing context file: 242712-v2.0.0-mixed
2025-05-29 11:39:35,681 - ForkPoolWorker-5 - INFO - Tokenizing context file: 245270-v2.0.0-mixed
2025-05-29 11:39:35,681 - ForkPoolWorker-9 - INFO - Tokenizing context file: 148822-v1.0.0-bad
2025-05-29 11:39:35,681 - ForkPoolWorker-7 - INFO - Tokenizing context file: 240599-v2.0.0-mixed
2025-05-29 11:39:35,681 - ForkPoolWorker-1 - INFO - Tokenizing context file: 246457-v2.0.0-mixed
2025-05-29 11:39:35,681 - ForkPoolWorker-12 - INFO - Tokenizing context file: 243261-v2.0.0-mixed
2025-05-29 11:39:35,681 - ForkPoolWorker-10 - INFO - Tokenizing context file: 234503-v2.0.0-mixed
2025-05-29 11:39:35,681 - ForkPoolWorker-4 - INFO - Tokenizing context file: 243477-v2.0.0-mixed
2025-05-29 11:39:35,681 - ForkPoolWorker-8 - INFO - Tokenizing context file: 234932-v2.0.0-mixed
2025-05-29 11:39:35,681 - ForkPoolWorker-6 - INFO - Finished tokenizing 234724-v2.0.0-mixed: 3 centers, 7 frags.
2025-05-29 11:39:35,682 - ForkPoolWorker-6 - INFO - Tokenizing context file: 242968-v2.0.0-mixed
2025-05-29 11:39:35,682 - ForkPoolWorker-3 - INFO - Finished tokenizing 242712-v2.0.0-mixed: 2 centers, 9 frags.
2025-05-29 11:39:35,682 - ForkPoolWorker-5 - INFO - Finished tokenizing 245270-v2.0.0-mixed: 2 centers, 11 frags.
2025-05-29 11:39:35,682 - ForkPoolWorker-10 - INFO - Finished tokenizing 234503-v2.0.0-mixed: 1 centers, 3 frags.
2025-05-29 11:39:35,682 - ForkPoolWorker-2 - INFO - Finished tokenizing 241887-v2.0.0-mixed: 6 centers, 35 frags.
2025-05-29 11:39:35,682 - ForkPoolWorker-11 - INFO - Finished tokenizing 242864-v2.0.0-mixed: 4 centers, 14 frags.
2025-05-29 11:39:35,682 - ForkPoolWorker-8 - INFO - Finished tokenizing 234932-v2.0.0-mixed: 1 centers, 3 frags.
2025-05-29 11:39:35,682 - ForkPoolWorker-3 - INFO - Tokenizing context file: 243424-v2.0.0-mixed
2025-05-29 11:39:35,682 - ForkPoolWorker-6 - INFO - Finished tokenizing 242968-v2.0.0-mixed: 2 centers, 9 frags.
2025-05-29 11:39:35,682 - ForkPoolWorker-5 - INFO - Tokenizing context file: 238794-v2.0.0-mixed
2025-05-29 11:39:35,683 - ForkPoolWorker-10 - INFO - Tokenizing context file: 243177-v2.0.0-mixed
2025-05-29 11:39:35,682 - ForkPoolWorker-7 - INFO - Finished tokenizing 240599-v2.0.0-mixed: 5 centers, 19 frags.
2025-05-29 11:39:35,683 - ForkPoolWorker-6 - INFO - Tokenizing context file: 243193-v2.0.0-mixed
2025-05-29 11:39:35,683 - ForkPoolWorker-7 - INFO - Tokenizing context file: 234338-v2.0.0-mixed
2025-05-29 11:39:35,683 - ForkPoolWorker-11 - INFO - Tokenizing context file: 241957-v2.0.0-mixed
2025-05-29 11:39:35,683 - ForkPoolWorker-8 - INFO - Tokenizing context file: 243083-v2.0.0-mixed
2025-05-29 11:39:35,683 - ForkPoolWorker-1 - INFO - Finished tokenizing 246457-v2.0.0-mixed: 3 centers, 15 frags.
2025-05-29 11:39:35,683 - ForkPoolWorker-1 - INFO - Tokenizing context file: 241928-v2.0.0-mixed
2025-05-29 11:39:35,683 - ForkPoolWorker-7 - INFO - Finished tokenizing 234338-v2.0.0-mixed: 1 centers, 3 frags.
2025-05-29 11:39:35,683 - ForkPoolWorker-6 - INFO - Finished tokenizing 243193-v2.0.0-mixed: 2 centers, 6 frags.
2025-05-29 11:39:35,683 - ForkPoolWorker-12 - INFO - Finished tokenizing 243261-v2.0.0-mixed: 6 centers, 27 frags.
2025-05-29 11:39:35,683 - ForkPoolWorker-5 - INFO - Finished tokenizing 238794-v2.0.0-mixed: 2 centers, 7 frags.
2025-05-29 11:39:35,683 - ForkPoolWorker-4 - INFO - Finished tokenizing 243477-v2.0.0-mixed: 4 centers, 13 frags.
2025-05-29 11:39:35,683 - ForkPoolWorker-10 - INFO - Finished tokenizing 243177-v2.0.0-mixed: 4 centers, 14 frags.
2025-05-29 11:39:35,684 - ForkPoolWorker-3 - INFO - Finished tokenizing 243424-v2.0.0-mixed: 4 centers, 18 frags.
2025-05-29 11:39:35,684 - ForkPoolWorker-8 - INFO - Finished tokenizing 243083-v2.0.0-mixed: 4 centers, 17 frags.
2025-05-29 11:39:35,684 - ForkPoolWorker-1 - INFO - Finished tokenizing 241928-v2.0.0-mixed: 4 centers, 12 frags.
2025-05-29 11:39:35,684 - ForkPoolWorker-11 - INFO - Finished tokenizing 241957-v2.0.0-mixed: 7 centers, 21 frags.
2025-05-29 11:39:35,685 - ForkPoolWorker-7 - INFO - Tokenizing context file: 242433-v2.0.0-mixed
2025-05-29 11:39:35,685 - ForkPoolWorker-2 - INFO - Tokenizing context file: 239109-v2.0.0-mixed
2025-05-29 11:39:35,685 - ForkPoolWorker-6 - INFO - Tokenizing context file: 241729-v2.0.0-mixed
2025-05-29 11:39:35,685 - ForkPoolWorker-12 - INFO - Tokenizing context file: 248389-v2.0.0-mixed
2025-05-29 11:39:35,685 - ForkPoolWorker-5 - INFO - Tokenizing context file: 248509-v2.0.0-mixed
2025-05-29 11:39:35,686 - ForkPoolWorker-2 - INFO - Finished tokenizing 239109-v2.0.0-mixed: 6 centers, 17 frags.
2025-05-29 11:39:35,686 - ForkPoolWorker-10 - INFO - Tokenizing context file: 241974-v2.0.0-mixed
2025-05-29 11:39:35,686 - ForkPoolWorker-2 - INFO - Tokenizing context file: 242940-v2.0.0-mixed
2025-05-29 11:39:35,686 - ForkPoolWorker-3 - INFO - Tokenizing context file: 246308-v2.0.0-mixed
2025-05-29 11:39:35,686 - ForkPoolWorker-12 - INFO - Finished tokenizing 248389-v2.0.0-mixed: 2 centers, 8 frags.
2025-05-29 11:39:35,686 - ForkPoolWorker-11 - INFO - Tokenizing context file: 243997-v2.0.0-mixed
2025-05-29 11:39:35,686 - ForkPoolWorker-8 - INFO - Tokenizing context file: 245301-v2.0.0-mixed
2025-05-29 11:39:35,686 - ForkPoolWorker-1 - INFO - Tokenizing context file: 243294-v2.0.0-mixed
2025-05-29 11:39:35,686 - ForkPoolWorker-4 - INFO - Tokenizing context file: 243268-v2.0.0-mixed
2025-05-29 11:39:35,686 - ForkPoolWorker-12 - INFO - Tokenizing context file: 242636-v2.0.0-mixed
2025-05-29 11:39:35,687 - ForkPoolWorker-5 - INFO - Finished tokenizing 248509-v2.0.0-mixed: 6 centers, 15 frags.
2025-05-29 11:39:35,687 - ForkPoolWorker-5 - INFO - Tokenizing context file: 500997-v1.0.0-bad
2025-05-29 11:39:35,687 - ForkPoolWorker-7 - INFO - Finished tokenizing 242433-v2.0.0-mixed: 26 centers, 40 frags.
2025-05-29 11:39:35,687 - ForkPoolWorker-3 - INFO - Finished tokenizing 246308-v2.0.0-mixed: 2 centers, 9 frags.
2025-05-29 11:39:35,687 - ForkPoolWorker-10 - INFO - Finished tokenizing 241974-v2.0.0-mixed: 2 centers, 20 frags.
2025-05-29 11:39:35,687 - ForkPoolWorker-5 - INFO - Finished tokenizing 500997-v1.0.0-bad: 1 centers, 3 frags.
2025-05-29 11:39:35,687 - ForkPoolWorker-3 - INFO - Tokenizing context file: 246360-v2.0.0-mixed
2025-05-29 11:39:35,688 - ForkPoolWorker-7 - INFO - Tokenizing context file: 242215-v2.0.0-mixed
2025-05-29 11:39:35,688 - ForkPoolWorker-5 - INFO - Tokenizing context file: 246261-v2.0.0-mixed
2025-05-29 11:39:35,688 - ForkPoolWorker-10 - INFO - Tokenizing context file: 247329-v2.0.0-mixed
2025-05-29 11:39:35,688 - ForkPoolWorker-2 - INFO - Finished tokenizing 242940-v2.0.0-mixed: 6 centers, 22 frags.
2025-05-29 11:39:35,688 - ForkPoolWorker-2 - INFO - Tokenizing context file: 243936-v2.0.0-mixed
2025-05-29 11:39:35,688 - ForkPoolWorker-6 - INFO - Finished tokenizing 241729-v2.0.0-mixed: 26 centers, 40 frags.
2025-05-29 11:39:35,688 - ForkPoolWorker-1 - INFO - Finished tokenizing 243294-v2.0.0-mixed: 6 centers, 27 frags.
2025-05-29 11:39:35,688 - ForkPoolWorker-1 - INFO - Tokenizing context file: 242612-v2.0.0-mixed
2025-05-29 11:39:35,688 - ForkPoolWorker-3 - INFO - Finished tokenizing 246360-v2.0.0-mixed: 1 centers, 5 frags.
2025-05-29 11:39:35,689 - ForkPoolWorker-10 - INFO - Finished tokenizing 247329-v2.0.0-mixed: 3 centers, 8 frags.
2025-05-29 11:39:35,689 - ForkPoolWorker-3 - INFO - Tokenizing context file: 243075-v2.0.0-mixed
2025-05-29 11:39:35,689 - ForkPoolWorker-6 - INFO - Tokenizing context file: 241816-v2.0.0-mixed
2025-05-29 11:39:35,689 - ForkPoolWorker-10 - INFO - Tokenizing context file: 246493-v2.0.0-mixed
2025-05-29 11:39:35,689 - ForkPoolWorker-7 - INFO - Finished tokenizing 242215-v2.0.0-mixed: 4 centers, 12 frags.
2025-05-29 11:39:35,689 - ForkPoolWorker-12 - INFO - Finished tokenizing 242636-v2.0.0-mixed: 7 centers, 27 frags.
2025-05-29 11:39:35,689 - ForkPoolWorker-5 - INFO - Finished tokenizing 246261-v2.0.0-mixed: 2 centers, 11 frags.
2025-05-29 11:39:35,689 - ForkPoolWorker-7 - INFO - Tokenizing context file: 241942-v2.0.0-mixed
2025-05-29 11:39:35,689 - ForkPoolWorker-5 - INFO - Tokenizing context file: 500761-v1.0.0-bad
2025-05-29 11:39:35,689 - ForkPoolWorker-8 - INFO - Finished tokenizing 245301-v2.0.0-mixed: 5 centers, 13 frags.
2025-05-29 11:39:35,689 - ForkPoolWorker-2 - INFO - Finished tokenizing 243936-v2.0.0-mixed: 3 centers, 10 frags.
2025-05-29 11:39:35,689 - ForkPoolWorker-8 - INFO - Tokenizing context file: 235731-v2.0.0-mixed
2025-05-29 11:39:35,689 - ForkPoolWorker-2 - INFO - Tokenizing context file: 241822-v2.0.0-mixed
2025-05-29 11:39:35,689 - ForkPoolWorker-12 - INFO - Tokenizing context file: 243049-v2.0.0-mixed
2025-05-29 11:39:35,690 - ForkPoolWorker-10 - INFO - Finished tokenizing 246493-v2.0.0-mixed: 3 centers, 9 frags.
2025-05-29 11:39:35,690 - ForkPoolWorker-7 - INFO - Finished tokenizing 241942-v2.0.0-mixed: 2 centers, 9 frags.
2025-05-29 11:39:35,690 - ForkPoolWorker-10 - INFO - Tokenizing context file: 245836-v2.0.0-mixed
2025-05-29 11:39:35,690 - ForkPoolWorker-7 - INFO - Tokenizing context file: 244989-v2.0.0-mixed
2025-05-29 11:39:35,690 - ForkPoolWorker-5 - INFO - Finished tokenizing 500761-v1.0.0-bad: 3 centers, 7 frags.
2025-05-29 11:39:35,690 - ForkPoolWorker-1 - INFO - Finished tokenizing 242612-v2.0.0-mixed: 18 centers, 23 frags.
2025-05-29 11:39:35,690 - ForkPoolWorker-5 - INFO - Tokenizing context file: 242053-v2.0.0-mixed
2025-05-29 11:39:35,690 - ForkPoolWorker-1 - INFO - Tokenizing context file: 1523-v1.0.0-bad
2025-05-29 11:39:35,691 - ForkPoolWorker-7 - INFO - Finished tokenizing 244989-v2.0.0-mixed: 2 centers, 10 frags.
2025-05-29 11:39:35,691 - ForkPoolWorker-11 - INFO - Finished tokenizing 243997-v2.0.0-mixed: 7 centers, 35 frags.
2025-05-29 11:39:35,691 - ForkPoolWorker-7 - INFO - Tokenizing context file: 242257-v2.0.0-mixed
2025-05-29 11:39:35,691 - ForkPoolWorker-11 - INFO - Tokenizing context file: 500926-v1.0.0-bad
2025-05-29 11:39:35,691 - ForkPoolWorker-8 - INFO - Finished tokenizing 235731-v2.0.0-mixed: 7 centers, 21 frags.
2025-05-29 11:39:35,691 - ForkPoolWorker-8 - INFO - Tokenizing context file: 244545-v2.0.0-mixed
2025-05-29 11:39:35,691 - ForkPoolWorker-6 - INFO - Finished tokenizing 241816-v2.0.0-mixed: 2 centers, 9 frags.
2025-05-29 11:39:35,692 - ForkPoolWorker-7 - INFO - Finished tokenizing 242257-v2.0.0-mixed: 1 centers, 2 frags.
2025-05-29 11:39:35,692 - ForkPoolWorker-10 - INFO - Finished tokenizing 245836-v2.0.0-mixed: 2 centers, 9 frags.
2025-05-29 11:39:35,692 - ForkPoolWorker-11 - INFO - Finished tokenizing 500926-v1.0.0-bad: 1 centers, 5 frags.
2025-05-29 11:39:35,692 - ForkPoolWorker-9 - INFO - Finished tokenizing 148822-v1.0.0-bad: 46 centers, 184 frags.
2025-05-29 11:39:35,692 - ForkPoolWorker-2 - INFO - Finished tokenizing 241822-v2.0.0-mixed: 4 centers, 13 frags.
2025-05-29 11:39:35,692 - ForkPoolWorker-1 - INFO - Finished tokenizing 1523-v1.0.0-bad: 2 centers, 6 frags.
2025-05-29 11:39:35,692 - ForkPoolWorker-3 - INFO - Finished tokenizing 243075-v2.0.0-mixed: 26 centers, 42 frags.
2025-05-29 11:39:35,692 - ForkPoolWorker-5 - INFO - Finished tokenizing 242053-v2.0.0-mixed: 7 centers, 21 frags.
2025-05-29 11:39:35,692 - ForkPoolWorker-12 - INFO - Finished tokenizing 243049-v2.0.0-mixed: 4 centers, 16 frags.
2025-05-29 11:39:35,693 - ForkPoolWorker-4 - INFO - Finished tokenizing 243268-v2.0.0-mixed: 10 centers, 22 frags.
2025-05-29 11:39:35,693 - ForkPoolWorker-8 - INFO - Finished tokenizing 244545-v2.0.0-mixed: 3 centers, 8 frags.
2025-05-29 11:39:35,693 - ForkPoolWorker-6 - INFO - Tokenizing context file: 240032-v2.0.0-mixed
2025-05-29 11:39:35,693 - ForkPoolWorker-7 - INFO - Tokenizing context file: 241485-v2.0.0-mixed
2025-05-29 11:39:35,693 - ForkPoolWorker-10 - INFO - Tokenizing context file: 235404-v2.0.0-mixed
2025-05-29 11:39:35,693 - ForkPoolWorker-8 - INFO - Tokenizing context file: 243379-v2.0.0-mixed
2025-05-29 11:39:35,693 - ForkPoolWorker-11 - INFO - Tokenizing context file: 242328-v2.0.0-mixed
2025-05-29 11:39:35,693 - ForkPoolWorker-2 - INFO - Tokenizing context file: 243260-v2.0.0-mixed
2025-05-29 11:39:35,693 - ForkPoolWorker-9 - INFO - Tokenizing context file: 244373-v2.0.0-mixed
2025-05-29 11:39:35,693 - ForkPoolWorker-3 - INFO - Tokenizing context file: 248196-v2.0.0-mixed
2025-05-29 11:39:35,693 - ForkPoolWorker-5 - INFO - Tokenizing context file: 239840-v2.0.0-mixed
2025-05-29 11:39:35,694 - ForkPoolWorker-12 - INFO - Tokenizing context file: 500888-v1.0.0-bad
2025-05-29 11:39:35,694 - ForkPoolWorker-4 - INFO - Tokenizing context file: 501020-v1.0.0-bad
2025-05-29 11:39:35,694 - ForkPoolWorker-1 - INFO - Tokenizing context file: 242285-v2.0.0-mixed
2025-05-29 11:39:35,694 - ForkPoolWorker-10 - INFO - Finished tokenizing 235404-v2.0.0-mixed: 1 centers, 3 frags.
2025-05-29 11:39:35,694 - ForkPoolWorker-7 - INFO - Finished tokenizing 241485-v2.0.0-mixed: 1 centers, 4 frags.
2025-05-29 11:39:35,694 - ForkPoolWorker-10 - INFO - Tokenizing context file: 243382-v2.0.0-mixed
2025-05-29 11:39:35,694 - ForkPoolWorker-7 - INFO - Tokenizing context file: 242484-v2.0.0-mixed
2025-05-29 11:39:35,694 - ForkPoolWorker-8 - INFO - Finished tokenizing 243379-v2.0.0-mixed: 1 centers, 2 frags.
2025-05-29 11:39:35,694 - ForkPoolWorker-8 - INFO - Tokenizing context file: 241989-v2.0.0-mixed
2025-05-29 11:39:35,695 - ForkPoolWorker-11 - INFO - Finished tokenizing 242328-v2.0.0-mixed: 2 centers, 9 frags.
2025-05-29 11:39:35,695 - ForkPoolWorker-4 - INFO - Finished tokenizing 501020-v1.0.0-bad: 1 centers, 3 frags.
2025-05-29 11:39:35,695 - ForkPoolWorker-4 - INFO - Tokenizing context file: 2054-v1.0.0-bad
2025-05-29 11:39:35,695 - ForkPoolWorker-2 - INFO - Finished tokenizing 243260-v2.0.0-mixed: 6 centers, 17 frags.
2025-05-29 11:39:35,695 - ForkPoolWorker-9 - INFO - Finished tokenizing 244373-v2.0.0-mixed: 2 centers, 9 frags.
2025-05-29 11:39:35,695 - ForkPoolWorker-11 - INFO - Tokenizing context file: 240829-v2.0.0-mixed
2025-05-29 11:39:35,695 - ForkPoolWorker-2 - INFO - Tokenizing context file: 1493-v1.0.0-bad
2025-05-29 11:39:35,695 - ForkPoolWorker-12 - INFO - Finished tokenizing 500888-v1.0.0-bad: 1 centers, 2 frags.
2025-05-29 11:39:35,695 - ForkPoolWorker-12 - INFO - Tokenizing context file: 244277-v2.0.0-mixed
2025-05-29 11:39:35,696 - ForkPoolWorker-2 - INFO - Finished tokenizing 1493-v1.0.0-bad: 2 centers, 6 frags.
2025-05-29 11:39:35,696 - ForkPoolWorker-11 - INFO - Finished tokenizing 240829-v2.0.0-mixed: 1 centers, 2 frags.
2025-05-29 11:39:35,696 - ForkPoolWorker-6 - INFO - Finished tokenizing 240032-v2.0.0-mixed: 7 centers, 21 frags.
2025-05-29 11:39:35,696 - ForkPoolWorker-11 - INFO - Tokenizing context file: 501038-v1.0.0-bad
2025-05-29 11:39:35,696 - ForkPoolWorker-2 - INFO - Tokenizing context file: 243709-v2.0.0-mixed
2025-05-29 11:39:35,696 - ForkPoolWorker-4 - INFO - Finished tokenizing 2054-v1.0.0-bad: 3 centers, 10 frags.
2025-05-29 11:39:35,696 - ForkPoolWorker-10 - INFO - Finished tokenizing 243382-v2.0.0-mixed: 18 centers, 25 frags.
2025-05-29 11:39:35,696 - ForkPoolWorker-6 - INFO - Tokenizing context file: 241722-v2.0.0-mixed
2025-05-29 11:39:35,696 - ForkPoolWorker-3 - INFO - Finished tokenizing 248196-v2.0.0-mixed: 2 centers, 9 frags.
2025-05-29 11:39:35,696 - ForkPoolWorker-7 - INFO - Finished tokenizing 242484-v2.0.0-mixed: 18 centers, 22 frags.
2025-05-29 11:39:35,696 - ForkPoolWorker-4 - INFO - Tokenizing context file: 244990-v2.0.0-mixed
2025-05-29 11:39:35,696 - ForkPoolWorker-10 - INFO - Tokenizing context file: 2050-v1.0.0-good
2025-05-29 11:39:35,696 - ForkPoolWorker-3 - INFO - Tokenizing context file: 242594-v2.0.0-mixed
2025-05-29 11:39:35,696 - ForkPoolWorker-7 - INFO - Tokenizing context file: 243143-v2.0.0-mixed
2025-05-29 11:39:35,696 - ForkPoolWorker-1 - INFO - Finished tokenizing 242285-v2.0.0-mixed: 7 centers, 19 frags.
2025-05-29 11:39:35,697 - ForkPoolWorker-12 - INFO - Finished tokenizing 244277-v2.0.0-mixed: 2 centers, 8 frags.
2025-05-29 11:39:35,697 - ForkPoolWorker-1 - INFO - Tokenizing context file: 500886-v1.0.0-bad
2025-05-29 11:39:35,697 - ForkPoolWorker-5 - INFO - Finished tokenizing 239840-v2.0.0-mixed: 7 centers, 24 frags.
2025-05-29 11:39:35,697 - ForkPoolWorker-12 - INFO - Tokenizing context file: 243132-v2.0.0-mixed
2025-05-29 11:39:35,697 - ForkPoolWorker-11 - INFO - Finished tokenizing 501038-v1.0.0-bad: 2 centers, 5 frags.
2025-05-29 11:39:35,697 - ForkPoolWorker-5 - INFO - Tokenizing context file: 242095-v2.0.0-mixed
2025-05-29 11:39:35,697 - ForkPoolWorker-11 - INFO - Tokenizing context file: 234959-v2.0.0-mixed
2025-05-29 11:39:35,697 - ForkPoolWorker-9 - INFO - Tokenizing context file: 247237-v2.0.0-mixed
2025-05-29 11:39:35,697 - ForkPoolWorker-1 - INFO - Finished tokenizing 500886-v1.0.0-bad: 1 centers, 2 frags.
2025-05-29 11:39:35,697 - ForkPoolWorker-4 - INFO - Finished tokenizing 244990-v2.0.0-mixed: 2 centers, 10 frags.
2025-05-29 11:39:35,697 - ForkPoolWorker-1 - INFO - Tokenizing context file: 241986-v2.0.0-mixed
2025-05-29 11:39:35,697 - ForkPoolWorker-4 - INFO - Tokenizing context file: 244703-v2.0.0-mixed
2025-05-29 11:39:35,698 - ForkPoolWorker-7 - INFO - Finished tokenizing 243143-v2.0.0-mixed: 7 centers, 22 frags.
2025-05-29 11:39:35,698 - ForkPoolWorker-7 - INFO - Tokenizing context file: 245913-v2.0.0-mixed
2025-05-29 11:39:35,698 - ForkPoolWorker-3 - INFO - Finished tokenizing 242594-v2.0.0-mixed: 10 centers, 21 frags.
2025-05-29 11:39:35,698 - ForkPoolWorker-12 - INFO - Finished tokenizing 243132-v2.0.0-mixed: 6 centers, 17 frags.
2025-05-29 11:39:35,698 - ForkPoolWorker-8 - INFO - Finished tokenizing 241989-v2.0.0-mixed: 7 centers, 28 frags.
2025-05-29 11:39:35,698 - ForkPoolWorker-3 - INFO - Tokenizing context file: 247775-v2.0.0-mixed
2025-05-29 11:39:35,698 - ForkPoolWorker-8 - INFO - Tokenizing context file: 245489-v2.0.0-mixed
2025-05-29 11:39:35,698 - ForkPoolWorker-6 - INFO - Finished tokenizing 241722-v2.0.0-mixed: 6 centers, 28 frags.
2025-05-29 11:39:35,698 - ForkPoolWorker-4 - INFO - Finished tokenizing 244703-v2.0.0-mixed: 1 centers, 5 frags.
2025-05-29 11:39:35,698 - ForkPoolWorker-2 - INFO - Finished tokenizing 243709-v2.0.0-mixed: 7 centers, 37 frags.
2025-05-29 11:39:35,698 - ForkPoolWorker-4 - INFO - Tokenizing context file: 242786-v2.0.0-mixed
2025-05-29 11:39:35,698 - ForkPoolWorker-6 - INFO - Tokenizing context file: 248054-v2.0.0-mixed
2025-05-29 11:39:35,698 - ForkPoolWorker-2 - INFO - Tokenizing context file: 242532-v2.0.0-mixed
2025-05-29 11:39:35,699 - ForkPoolWorker-1 - INFO - Finished tokenizing 241986-v2.0.0-mixed: 10 centers, 19 frags.
2025-05-29 11:39:35,699 - ForkPoolWorker-10 - INFO - Finished tokenizing 2050-v1.0.0-good: 3 centers, 10 frags.
2025-05-29 11:39:35,699 - ForkPoolWorker-11 - INFO - Finished tokenizing 234959-v2.0.0-mixed: 5 centers, 16 frags.
2025-05-29 11:39:35,699 - ForkPoolWorker-1 - INFO - Tokenizing context file: 240134-v2.0.0-mixed
2025-05-29 11:39:35,699 - ForkPoolWorker-3 - INFO - Finished tokenizing 247775-v2.0.0-mixed: 1 centers, 7 frags.
2025-05-29 11:39:35,699 - ForkPoolWorker-7 - INFO - Finished tokenizing 245913-v2.0.0-mixed: 4 centers, 10 frags.
2025-05-29 11:39:35,699 - ForkPoolWorker-11 - INFO - Tokenizing context file: 241915-v2.0.0-mixed
2025-05-29 11:39:35,699 - ForkPoolWorker-7 - INFO - Tokenizing context file: 239845-v2.0.0-mixed
2025-05-29 11:39:35,699 - ForkPoolWorker-5 - INFO - Finished tokenizing 242095-v2.0.0-mixed: 4 centers, 16 frags.
2025-05-29 11:39:35,699 - ForkPoolWorker-8 - INFO - Finished tokenizing 245489-v2.0.0-mixed: 3 centers, 7 frags.
2025-05-29 11:39:35,699 - ForkPoolWorker-12 - INFO - Tokenizing context file: 243279-v2.0.0-mixed
2025-05-29 11:39:35,699 - ForkPoolWorker-5 - INFO - Tokenizing context file: 501021-v1.0.0-bad
2025-05-29 11:39:35,699 - ForkPoolWorker-8 - INFO - Tokenizing context file: 248721-v2.0.0-mixed
2025-05-29 11:39:35,700 - ForkPoolWorker-4 - INFO - Finished tokenizing 242786-v2.0.0-mixed: 10 centers, 21 frags.
2025-05-29 11:39:35,700 - ForkPoolWorker-10 - INFO - Tokenizing context file: 243400-v2.0.0-mixed
2025-05-29 11:39:35,700 - ForkPoolWorker-6 - INFO - Finished tokenizing 248054-v2.0.0-mixed: 2 centers, 8 frags.
2025-05-29 11:39:35,700 - ForkPoolWorker-4 - INFO - Tokenizing context file: 1515-v1.0.0-bad
2025-05-29 11:39:35,700 - ForkPoolWorker-1 - INFO - Finished tokenizing 240134-v2.0.0-mixed: 1 centers, 2 frags.
2025-05-29 11:39:35,700 - ForkPoolWorker-6 - INFO - Tokenizing context file: 243174-v2.0.0-mixed
2025-05-29 11:39:35,700 - ForkPoolWorker-1 - INFO - Tokenizing context file: 501030-v1.0.0-bad
2025-05-29 11:39:35,700 - ForkPoolWorker-3 - INFO - Tokenizing context file: 244405-v2.0.0-mixed
2025-05-29 11:39:35,700 - ForkPoolWorker-5 - INFO - Finished tokenizing 501021-v1.0.0-bad: 1 centers, 4 frags.
2025-05-29 11:39:35,700 - ForkPoolWorker-7 - INFO - Finished tokenizing 239845-v2.0.0-mixed: 0 centers, 0 frags.
2025-05-29 11:39:35,700 - ForkPoolWorker-5 - INFO - Tokenizing context file: 239513-v2.0.0-mixed
2025-05-29 11:39:35,700 - ForkPoolWorker-1 - INFO - Finished tokenizing 501030-v1.0.0-bad: 1 centers, 3 frags.
2025-05-29 11:39:35,700 - ForkPoolWorker-8 - INFO - Finished tokenizing 248721-v2.0.0-mixed: 3 centers, 8 frags.
2025-05-29 11:39:35,700 - ForkPoolWorker-1 - INFO - Tokenizing context file: 243491-v2.0.0-mixed
2025-05-29 11:39:35,700 - ForkPoolWorker-11 - INFO - Finished tokenizing 241915-v2.0.0-mixed: 6 centers, 24 frags.
2025-05-29 11:39:35,700 - ForkPoolWorker-8 - INFO - Tokenizing context file: 240128-v2.0.0-mixed
2025-05-29 11:39:35,701 - ForkPoolWorker-7 - INFO - Tokenizing context file: 246170-v2.0.0-mixed
2025-05-29 11:39:35,701 - ForkPoolWorker-5 - INFO - Finished tokenizing 239513-v2.0.0-mixed: 0 centers, 0 frags.
2025-05-29 11:39:35,701 - ForkPoolWorker-11 - INFO - Tokenizing context file: 243257-v2.0.0-mixed
2025-05-29 11:39:35,701 - ForkPoolWorker-5 - INFO - Tokenizing context file: 243490-v2.0.0-mixed
2025-05-29 11:39:35,701 - ForkPoolWorker-2 - INFO - Finished tokenizing 242532-v2.0.0-mixed: 5 centers, 17 frags.
2025-05-29 11:39:35,701 - ForkPoolWorker-2 - INFO - Tokenizing context file: 2022-v1.0.0-good
2025-05-29 11:39:35,701 - ForkPoolWorker-3 - INFO - Finished tokenizing 244405-v2.0.0-mixed: 6 centers, 19 frags.
2025-05-29 11:39:35,701 - ForkPoolWorker-9 - INFO - Finished tokenizing 247237-v2.0.0-mixed: 5 centers, 32 frags.
2025-05-29 11:39:35,701 - ForkPoolWorker-10 - INFO - Finished tokenizing 243400-v2.0.0-mixed: 4 centers, 12 frags.
2025-05-29 11:39:35,702 - ForkPoolWorker-3 - INFO - Tokenizing context file: 242268-v2.0.0-mixed
2025-05-29 11:39:35,702 - ForkPoolWorker-9 - INFO - Tokenizing context file: 1977-v1.0.0-bad
2025-05-29 11:39:35,702 - ForkPoolWorker-11 - INFO - Finished tokenizing 243257-v2.0.0-mixed: 2 centers, 6 frags.
2025-05-29 11:39:35,702 - ForkPoolWorker-11 - INFO - Tokenizing context file: 241648-v2.0.0-mixed
2025-05-29 11:39:35,702 - ForkPoolWorker-7 - INFO - Finished tokenizing 246170-v2.0.0-mixed: 3 centers, 8 frags.
2025-05-29 11:39:35,702 - ForkPoolWorker-7 - INFO - Tokenizing context file: 243435-v2.0.0-mixed
2025-05-29 11:39:35,702 - ForkPoolWorker-12 - INFO - Finished tokenizing 243279-v2.0.0-mixed: 7 centers, 23 frags.
2025-05-29 11:39:35,702 - ForkPoolWorker-9 - INFO - Finished tokenizing 1977-v1.0.0-bad: 1 centers, 4 frags.
2025-05-29 11:39:35,702 - ForkPoolWorker-6 - INFO - Finished tokenizing 243174-v2.0.0-mixed: 6 centers, 23 frags.
2025-05-29 11:39:35,702 - ForkPoolWorker-9 - INFO - Tokenizing context file: 243219-v2.0.0-mixed
2025-05-29 11:39:35,702 - ForkPoolWorker-12 - INFO - Tokenizing context file: 246733-v2.0.0-mixed
2025-05-29 11:39:35,702 - ForkPoolWorker-6 - INFO - Tokenizing context file: 243296-v2.0.0-mixed
2025-05-29 11:39:35,703 - ForkPoolWorker-5 - INFO - Finished tokenizing 243490-v2.0.0-mixed: 6 centers, 22 frags.
2025-05-29 11:39:35,703 - ForkPoolWorker-3 - INFO - Finished tokenizing 242268-v2.0.0-mixed: 6 centers, 22 frags.
2025-05-29 11:39:35,703 - ForkPoolWorker-8 - INFO - Finished tokenizing 240128-v2.0.0-mixed: 7 centers, 25 frags.
2025-05-29 11:39:35,703 - ForkPoolWorker-5 - INFO - Tokenizing context file: 500928-v1.0.0-bad
2025-05-29 11:39:35,703 - ForkPoolWorker-4 - INFO - Finished tokenizing 1515-v1.0.0-bad: 1 centers, 4 frags.
2025-05-29 11:39:35,703 - ForkPoolWorker-9 - INFO - Finished tokenizing 243219-v2.0.0-mixed: 1 centers, 2 frags.
2025-05-29 11:39:35,703 - ForkPoolWorker-7 - INFO - Finished tokenizing 243435-v2.0.0-mixed: 4 centers, 17 frags.
2025-05-29 11:39:35,703 - ForkPoolWorker-12 - INFO - Finished tokenizing 246733-v2.0.0-mixed: 2 centers, 9 frags.
2025-05-29 11:39:35,704 - ForkPoolWorker-11 - INFO - Finished tokenizing 241648-v2.0.0-mixed: 2 centers, 10 frags.
2025-05-29 11:39:35,704 - ForkPoolWorker-1 - INFO - Finished tokenizing 243491-v2.0.0-mixed: 26 centers, 42 frags.
2025-05-29 11:39:35,704 - ForkPoolWorker-3 - INFO - Tokenizing context file: 501018-v1.0.0-bad
2025-05-29 11:39:35,704 - ForkPoolWorker-6 - INFO - Finished tokenizing 243296-v2.0.0-mixed: 4 centers, 18 frags.
2025-05-29 11:39:35,704 - ForkPoolWorker-8 - INFO - Tokenizing context file: 242118-v2.0.0-mixed
2025-05-29 11:39:35,704 - ForkPoolWorker-5 - INFO - Finished tokenizing 500928-v1.0.0-bad: 1 centers, 2 frags.
2025-05-29 11:39:35,705 - ForkPoolWorker-2 - INFO - Finished tokenizing 2022-v1.0.0-good: 2 centers, 7 frags.
2025-05-29 11:39:35,705 - ForkPoolWorker-3 - INFO - Finished tokenizing 501018-v1.0.0-bad: 1 centers, 3 frags.
2025-05-29 11:39:35,705 - ForkPoolWorker-8 - INFO - Finished tokenizing 242118-v2.0.0-mixed: 4 centers, 14 frags.
2025-05-29 11:39:35,706 - ForkPoolWorker-10 - INFO - Tokenizing context file: 241956-v2.0.0-mixed
2025-05-29 11:39:35,707 - ForkPoolWorker-4 - INFO - Tokenizing context file: 243393-v2.0.0-mixed
2025-05-29 11:39:35,707 - ForkPoolWorker-9 - INFO - Tokenizing context file: 246404-v2.0.0-mixed
2025-05-29 11:39:35,707 - ForkPoolWorker-7 - INFO - Tokenizing context file: 241578-v2.0.0-mixed
2025-05-29 11:39:35,707 - ForkPoolWorker-12 - INFO - Tokenizing context file: 243148-v2.0.0-mixed
2025-05-29 11:39:35,708 - ForkPoolWorker-9 - INFO - Finished tokenizing 246404-v2.0.0-mixed: 2 centers, 10 frags.
2025-05-29 11:39:35,708 - ForkPoolWorker-12 - INFO - Finished tokenizing 243148-v2.0.0-mixed: 7 centers, 19 frags.
2025-05-29 11:39:35,708 - ForkPoolWorker-10 - INFO - Finished tokenizing 241956-v2.0.0-mixed: 5 centers, 17 frags.
2025-05-29 11:39:35,708 - ForkPoolWorker-4 - INFO - Finished tokenizing 243393-v2.0.0-mixed: 6 centers, 22 frags.
2025-05-29 11:39:35,708 - ForkPoolWorker-11 - INFO - Tokenizing context file: 242231-v2.0.0-mixed
2025-05-29 11:39:35,708 - ForkPoolWorker-1 - INFO - Tokenizing context file: 243299-v2.0.0-mixed
2025-05-29 11:39:35,708 - ForkPoolWorker-5 - INFO - Tokenizing context file: 245177-v2.0.0-mixed
2025-05-29 11:39:35,708 - ForkPoolWorker-4 - INFO - Tokenizing context file: 242738-v2.0.0-mixed
2025-05-29 11:39:35,708 - ForkPoolWorker-2 - INFO - Tokenizing context file: 248381-v2.0.0-mixed
2025-05-29 11:39:35,709 - ForkPoolWorker-3 - INFO - Tokenizing context file: 242567-v2.0.0-mixed
2025-05-29 11:39:35,709 - ForkPoolWorker-8 - INFO - Tokenizing context file: 245600-v2.0.0-mixed
2025-05-29 11:39:35,709 - ForkPoolWorker-9 - INFO - Tokenizing context file: 242045-v2.0.0-mixed
2025-05-29 11:39:35,709 - ForkPoolWorker-10 - INFO - Tokenizing context file: 235362-v2.0.0-mixed
2025-05-29 11:39:35,709 - ForkPoolWorker-12 - INFO - Tokenizing context file: 242092-v2.0.0-mixed
2025-05-29 11:39:35,709 - ForkPoolWorker-7 - INFO - Finished tokenizing 241578-v2.0.0-mixed: 5 centers, 27 frags.
2025-05-29 11:39:35,709 - ForkPoolWorker-4 - INFO - Finished tokenizing 242738-v2.0.0-mixed: 1 centers, 2 frags.
2025-05-29 11:39:35,709 - ForkPoolWorker-7 - INFO - Tokenizing context file: 241075-v2.0.0-mixed
2025-05-29 11:39:35,709 - ForkPoolWorker-4 - INFO - Tokenizing context file: 243455-v2.0.0-mixed
2025-05-29 11:39:35,709 - ForkPoolWorker-6 - INFO - Tokenizing context file: 244257-v2.0.0-mixed
2025-05-29 11:39:35,709 - ForkPoolWorker-5 - INFO - Finished tokenizing 245177-v2.0.0-mixed: 2 centers, 9 frags.
2025-05-29 11:39:35,709 - ForkPoolWorker-11 - INFO - Finished tokenizing 242231-v2.0.0-mixed: 2 centers, 9 frags.
2025-05-29 11:39:35,710 - ForkPoolWorker-5 - INFO - Tokenizing context file: 242637-v2.0.0-mixed
2025-05-29 11:39:35,710 - ForkPoolWorker-11 - INFO - Tokenizing context file: 242314-v2.0.0-mixed
2025-05-29 11:39:35,710 - ForkPoolWorker-3 - INFO - Finished tokenizing 242567-v2.0.0-mixed: 4 centers, 16 frags.
2025-05-29 11:39:35,710 - ForkPoolWorker-3 - INFO - Tokenizing context file: 243275-v2.0.0-mixed
2025-05-29 11:39:35,710 - ForkPoolWorker-2 - INFO - Finished tokenizing 248381-v2.0.0-mixed: 3 centers, 9 frags.
2025-05-29 11:39:35,710 - ForkPoolWorker-2 - INFO - Tokenizing context file: 243408-v2.0.0-mixed
2025-05-29 11:39:35,710 - ForkPoolWorker-7 - INFO - Finished tokenizing 241075-v2.0.0-mixed: 3 centers, 8 frags.
2025-05-29 11:39:35,710 - ForkPoolWorker-8 - INFO - Finished tokenizing 245600-v2.0.0-mixed: 2 centers, 8 frags.
2025-05-29 11:39:35,710 - ForkPoolWorker-7 - INFO - Tokenizing context file: 241910-v2.0.0-mixed
2025-05-29 11:39:35,710 - ForkPoolWorker-8 - INFO - Tokenizing context file: 243467-v2.0.0-mixed
2025-05-29 11:39:35,711 - ForkPoolWorker-12 - INFO - Finished tokenizing 242092-v2.0.0-mixed: 7 centers, 25 frags.
2025-05-29 11:39:35,711 - ForkPoolWorker-10 - INFO - Finished tokenizing 235362-v2.0.0-mixed: 4 centers, 13 frags.
2025-05-29 11:39:35,711 - ForkPoolWorker-11 - INFO - Finished tokenizing 242314-v2.0.0-mixed: 7 centers, 19 frags.
2025-05-29 11:39:35,711 - ForkPoolWorker-6 - INFO - Finished tokenizing 244257-v2.0.0-mixed: 4 centers, 9 frags.
2025-05-29 11:39:35,711 - ForkPoolWorker-9 - INFO - Finished tokenizing 242045-v2.0.0-mixed: 6 centers, 21 frags.
2025-05-29 11:39:35,711 - ForkPoolWorker-3 - INFO - Finished tokenizing 243275-v2.0.0-mixed: 4 centers, 17 frags.
2025-05-29 11:39:35,711 - ForkPoolWorker-4 - INFO - Finished tokenizing 243455-v2.0.0-mixed: 6 centers, 17 frags.
2025-05-29 11:39:35,712 - ForkPoolWorker-2 - INFO - Finished tokenizing 243408-v2.0.0-mixed: 7 centers, 24 frags.
2025-05-29 11:39:35,712 - ForkPoolWorker-1 - INFO - Finished tokenizing 243299-v2.0.0-mixed: 26 centers, 42 frags.
2025-05-29 11:39:35,712 - ForkPoolWorker-8 - INFO - Finished tokenizing 243467-v2.0.0-mixed: 4 centers, 17 frags.
2025-05-29 11:39:35,712 - ForkPoolWorker-7 - INFO - Finished tokenizing 241910-v2.0.0-mixed: 2 centers, 9 frags.
2025-05-29 11:39:35,712 - ForkPoolWorker-12 - INFO - Tokenizing context file: 243965-v2.0.0-mixed
2025-05-29 11:39:35,712 - ForkPoolWorker-10 - INFO - Tokenizing context file: 248344-v2.0.0-mixed
2025-05-29 11:39:35,712 - ForkPoolWorker-11 - INFO - Tokenizing context file: 500966-v1.0.0-bad
2025-05-29 11:39:35,712 - ForkPoolWorker-5 - INFO - Finished tokenizing 242637-v2.0.0-mixed: 7 centers, 19 frags.
2025-05-29 11:39:35,712 - ForkPoolWorker-6 - INFO - Tokenizing context file: 241832-v2.0.0-mixed
2025-05-29 11:39:35,712 - ForkPoolWorker-9 - INFO - Tokenizing context file: 247353-v2.0.0-mixed
2025-05-29 11:39:35,712 - ForkPoolWorker-3 - INFO - Tokenizing context file: 242507-v2.0.0-mixed
2025-05-29 11:39:35,712 - ForkPoolWorker-4 - INFO - Tokenizing context file: 248150-v2.0.0-mixed
2025-05-29 11:39:35,712 - ForkPoolWorker-2 - INFO - Tokenizing context file: 243440-v2.0.0-mixed
2025-05-29 11:39:35,712 - ForkPoolWorker-8 - INFO - Tokenizing context file: 242894-v2.0.0-mixed
2025-05-29 11:39:35,712 - ForkPoolWorker-1 - INFO - Tokenizing context file: 247061-v2.0.0-mixed
2025-05-29 11:39:35,713 - ForkPoolWorker-7 - INFO - Tokenizing context file: 238863-v2.0.0-mixed
2025-05-29 11:39:35,713 - ForkPoolWorker-5 - INFO - Tokenizing context file: 500980-v1.0.0-bad
2025-05-29 11:39:35,713 - ForkPoolWorker-10 - INFO - Finished tokenizing 248344-v2.0.0-mixed: 1 centers, 7 frags.
2025-05-29 11:39:35,713 - ForkPoolWorker-10 - INFO - Tokenizing context file: 242074-v2.0.0-mixed
2025-05-29 11:39:35,713 - ForkPoolWorker-11 - INFO - Finished tokenizing 500966-v1.0.0-bad: 1 centers, 2 frags.
2025-05-29 11:39:35,713 - ForkPoolWorker-11 - INFO - Tokenizing context file: 247680-v2.0.0-mixed
2025-05-29 11:39:35,713 - ForkPoolWorker-6 - INFO - Finished tokenizing 241832-v2.0.0-mixed: 4 centers, 12 frags.
2025-05-29 11:39:35,714 - ForkPoolWorker-6 - INFO - Tokenizing context file: 244329-v2.0.0-mixed
2025-05-29 11:39:35,714 - ForkPoolWorker-5 - INFO - Finished tokenizing 500980-v1.0.0-bad: 1 centers, 2 frags.
2025-05-29 11:39:35,714 - ForkPoolWorker-5 - INFO - Tokenizing context file: 245537-v2.0.0-mixed
2025-05-29 11:39:35,714 - ForkPoolWorker-11 - INFO - Finished tokenizing 247680-v2.0.0-mixed: 1 centers, 5 frags.
2025-05-29 11:39:35,714 - ForkPoolWorker-11 - INFO - Tokenizing context file: 248526-v2.0.0-mixed
2025-05-29 11:39:35,714 - ForkPoolWorker-12 - INFO - Finished tokenizing 243965-v2.0.0-mixed: 7 centers, 35 frags.
2025-05-29 11:39:35,714 - ForkPoolWorker-2 - INFO - Finished tokenizing 243440-v2.0.0-mixed: 7 centers, 24 frags.
2025-05-29 11:39:35,715 - ForkPoolWorker-2 - INFO - Tokenizing context file: 242960-v2.0.0-mixed
2025-05-29 11:39:35,715 - ForkPoolWorker-5 - INFO - Finished tokenizing 245537-v2.0.0-mixed: 3 centers, 8 frags.
2025-05-29 11:39:35,715 - ForkPoolWorker-7 - INFO - Finished tokenizing 238863-v2.0.0-mixed: 6 centers, 19 frags.
2025-05-29 11:39:35,715 - ForkPoolWorker-7 - INFO - Tokenizing context file: 235535-v2.0.0-mixed
2025-05-29 11:39:35,715 - ForkPoolWorker-12 - INFO - Tokenizing context file: 241782-v2.0.0-mixed
2025-05-29 11:39:35,715 - ForkPoolWorker-5 - INFO - Tokenizing context file: 235914-v2.0.0-mixed
2025-05-29 11:39:35,715 - ForkPoolWorker-6 - INFO - Finished tokenizing 244329-v2.0.0-mixed: 3 centers, 15 frags.
2025-05-29 11:39:35,715 - ForkPoolWorker-9 - INFO - Finished tokenizing 247353-v2.0.0-mixed: 2 centers, 11 frags.
2025-05-29 11:39:35,715 - ForkPoolWorker-6 - INFO - Tokenizing context file: 1991-v1.0.0-bad
2025-05-29 11:39:35,715 - ForkPoolWorker-9 - INFO - Tokenizing context file: 239568-v2.0.0-mixed
2025-05-29 11:39:35,715 - ForkPoolWorker-10 - INFO - Finished tokenizing 242074-v2.0.0-mixed: 6 centers, 36 frags.
2025-05-29 11:39:35,715 - ForkPoolWorker-11 - INFO - Finished tokenizing 248526-v2.0.0-mixed: 2 centers, 11 frags.
2025-05-29 11:39:35,715 - ForkPoolWorker-10 - INFO - Tokenizing context file: 239448-v2.0.0-mixed
2025-05-29 11:39:35,716 - ForkPoolWorker-11 - INFO - Tokenizing context file: 2051-v1.0.0-good
2025-05-29 11:39:35,716 - ForkPoolWorker-8 - INFO - Finished tokenizing 242894-v2.0.0-mixed: 7 centers, 27 frags.
2025-05-29 11:39:35,716 - ForkPoolWorker-4 - INFO - Finished tokenizing 248150-v2.0.0-mixed: 2 centers, 9 frags.
2025-05-29 11:39:35,716 - ForkPoolWorker-2 - INFO - Finished tokenizing 242960-v2.0.0-mixed: 4 centers, 14 frags.
2025-05-29 11:39:35,716 - ForkPoolWorker-4 - INFO - Tokenizing context file: 243289-v2.0.0-mixed
2025-05-29 11:39:35,716 - ForkPoolWorker-1 - INFO - Finished tokenizing 247061-v2.0.0-mixed: 2 centers, 8 frags.
2025-05-29 11:39:35,716 - ForkPoolWorker-8 - INFO - Tokenizing context file: 244365-v2.0.0-mixed
2025-05-29 11:39:35,716 - ForkPoolWorker-2 - INFO - Tokenizing context file: 242784-v2.0.0-mixed
2025-05-29 11:39:35,716 - ForkPoolWorker-6 - INFO - Finished tokenizing 1991-v1.0.0-bad: 1 centers, 4 frags.
2025-05-29 11:39:35,716 - ForkPoolWorker-1 - INFO - Tokenizing context file: 242216-v2.0.0-mixed
2025-05-29 11:39:35,716 - ForkPoolWorker-6 - INFO - Tokenizing context file: 234865-v2.0.0-mixed
2025-05-29 11:39:35,716 - ForkPoolWorker-5 - INFO - Finished tokenizing 235914-v2.0.0-mixed: 3 centers, 13 frags.
2025-05-29 11:39:35,716 - ForkPoolWorker-5 - INFO - Tokenizing context file: 244848-v2.0.0-mixed
2025-05-29 11:39:35,716 - ForkPoolWorker-4 - INFO - Finished tokenizing 243289-v2.0.0-mixed: 2 centers, 6 frags.
2025-05-29 11:39:35,716 - ForkPoolWorker-11 - INFO - Finished tokenizing 2051-v1.0.0-good: 3 centers, 8 frags.
2025-05-29 11:39:35,717 - ForkPoolWorker-4 - INFO - Tokenizing context file: 246738-v2.0.0-mixed
2025-05-29 11:39:35,717 - ForkPoolWorker-11 - INFO - Tokenizing context file: 2029-v1.0.0-good
2025-05-29 11:39:35,717 - ForkPoolWorker-12 - INFO - Finished tokenizing 241782-v2.0.0-mixed: 2 centers, 20 frags.
2025-05-29 11:39:35,717 - ForkPoolWorker-10 - INFO - Finished tokenizing 239448-v2.0.0-mixed: 4 centers, 14 frags.
2025-05-29 11:39:35,717 - ForkPoolWorker-9 - INFO - Finished tokenizing 239568-v2.0.0-mixed: 4 centers, 14 frags.
2025-05-29 11:39:35,717 - ForkPoolWorker-12 - INFO - Tokenizing context file: 247918-v2.0.0-mixed
2025-05-29 11:39:35,717 - ForkPoolWorker-10 - INFO - Tokenizing context file: 241613-v2.0.0-mixed
2025-05-29 11:39:35,717 - ForkPoolWorker-9 - INFO - Tokenizing context file: 239122-v2.0.0-mixed
2025-05-29 11:39:35,717 - ForkPoolWorker-6 - INFO - Finished tokenizing 234865-v2.0.0-mixed: 1 centers, 3 frags.
2025-05-29 11:39:35,717 - ForkPoolWorker-7 - INFO - Finished tokenizing 235535-v2.0.0-mixed: 3 centers, 13 frags.
2025-05-29 11:39:35,717 - ForkPoolWorker-6 - INFO - Tokenizing context file: 247398-v2.0.0-mixed
2025-05-29 11:39:35,717 - ForkPoolWorker-7 - INFO - Tokenizing context file: 242557-v2.0.0-mixed
2025-05-29 11:39:35,717 - ForkPoolWorker-8 - INFO - Finished tokenizing 244365-v2.0.0-mixed: 3 centers, 8 frags.
2025-05-29 11:39:35,717 - ForkPoolWorker-5 - INFO - Finished tokenizing 244848-v2.0.0-mixed: 1 centers, 5 frags.
2025-05-29 11:39:35,717 - ForkPoolWorker-5 - INFO - Tokenizing context file: 247630-v2.0.0-mixed
2025-05-29 11:39:35,717 - ForkPoolWorker-8 - INFO - Tokenizing context file: 234193-v2.0.0-mixed
2025-05-29 11:39:35,717 - ForkPoolWorker-3 - INFO - Finished tokenizing 242507-v2.0.0-mixed: 7 centers, 25 frags.
2025-05-29 11:39:35,718 - ForkPoolWorker-3 - INFO - Tokenizing context file: 244898-v2.0.0-mixed
2025-05-29 11:39:35,718 - ForkPoolWorker-10 - INFO - Finished tokenizing 241613-v2.0.0-mixed: 1 centers, 4 frags.
2025-05-29 11:39:35,718 - ForkPoolWorker-4 - INFO - Finished tokenizing 246738-v2.0.0-mixed: 3 centers, 13 frags.
2025-05-29 11:39:35,718 - ForkPoolWorker-10 - INFO - Tokenizing context file: 243263-v2.0.0-mixed
2025-05-29 11:39:35,718 - ForkPoolWorker-4 - INFO - Tokenizing context file: 246213-v2.0.0-mixed
2025-05-29 11:39:35,718 - ForkPoolWorker-11 - INFO - Finished tokenizing 2029-v1.0.0-good: 1 centers, 5 frags.
2025-05-29 11:39:35,718 - ForkPoolWorker-12 - INFO - Finished tokenizing 247918-v2.0.0-mixed: 2 centers, 8 frags.
2025-05-29 11:39:35,718 - ForkPoolWorker-11 - INFO - Tokenizing context file: 242412-v2.0.0-mixed
2025-05-29 11:39:35,718 - ForkPoolWorker-12 - INFO - Tokenizing context file: 242226-v2.0.0-mixed
2025-05-29 11:39:35,718 - ForkPoolWorker-6 - INFO - Finished tokenizing 247398-v2.0.0-mixed: 2 centers, 10 frags.
2025-05-29 11:39:35,718 - ForkPoolWorker-6 - INFO - Tokenizing context file: 243195-v2.0.0-mixed
2025-05-29 11:39:35,719 - ForkPoolWorker-2 - INFO - Finished tokenizing 242784-v2.0.0-mixed: 6 centers, 26 frags.
2025-05-29 11:39:35,719 - ForkPoolWorker-2 - INFO - Tokenizing context file: 241093-v2.0.0-mixed
2025-05-29 11:39:35,719 - ForkPoolWorker-1 - INFO - Finished tokenizing 242216-v2.0.0-mixed: 4 centers, 12 frags.
2025-05-29 11:39:35,719 - ForkPoolWorker-5 - INFO - Finished tokenizing 247630-v2.0.0-mixed: 2 centers, 11 frags.
2025-05-29 11:39:35,719 - ForkPoolWorker-1 - INFO - Tokenizing context file: 242398-v2.0.0-mixed
2025-05-29 11:39:35,719 - ForkPoolWorker-6 - INFO - Finished tokenizing 243195-v2.0.0-mixed: 2 centers, 6 frags.
2025-05-29 11:39:35,719 - ForkPoolWorker-9 - INFO - Finished tokenizing 239122-v2.0.0-mixed: 2 centers, 7 frags.
2025-05-29 11:39:35,719 - ForkPoolWorker-5 - INFO - Tokenizing context file: 243231-v2.0.0-mixed
2025-05-29 11:39:35,719 - ForkPoolWorker-6 - INFO - Tokenizing context file: 244850-v2.0.0-mixed
2025-05-29 11:39:35,719 - ForkPoolWorker-9 - INFO - Tokenizing context file: 240581-v2.0.0-mixed
2025-05-29 11:39:35,720 - ForkPoolWorker-4 - INFO - Finished tokenizing 246213-v2.0.0-mixed: 2 centers, 11 frags.
2025-05-29 11:39:35,720 - ForkPoolWorker-10 - INFO - Finished tokenizing 243263-v2.0.0-mixed: 6 centers, 17 frags.
2025-05-29 11:39:35,720 - ForkPoolWorker-3 - INFO - Finished tokenizing 244898-v2.0.0-mixed: 2 centers, 6 frags.
2025-05-29 11:39:35,720 - ForkPoolWorker-4 - INFO - Tokenizing context file: 239123-v2.0.0-mixed
2025-05-29 11:39:35,720 - ForkPoolWorker-10 - INFO - Tokenizing context file: 245037-v2.0.0-mixed
2025-05-29 11:39:35,720 - ForkPoolWorker-3 - INFO - Tokenizing context file: 241938-v2.0.0-mixed
2025-05-29 11:39:35,720 - ForkPoolWorker-12 - INFO - Finished tokenizing 242226-v2.0.0-mixed: 1 centers, 2 frags.
2025-05-29 11:39:35,720 - ForkPoolWorker-8 - INFO - Finished tokenizing 234193-v2.0.0-mixed: 3 centers, 9 frags.
2025-05-29 11:39:35,720 - ForkPoolWorker-12 - INFO - Tokenizing context file: 242196-v2.0.0-mixed
2025-05-29 11:39:35,720 - ForkPoolWorker-6 - INFO - Finished tokenizing 244850-v2.0.0-mixed: 2 centers, 6 frags.
2025-05-29 11:39:35,720 - ForkPoolWorker-11 - INFO - Finished tokenizing 242412-v2.0.0-mixed: 7 centers, 27 frags.
2025-05-29 11:39:35,720 - ForkPoolWorker-2 - INFO - Finished tokenizing 241093-v2.0.0-mixed: 2 centers, 7 frags.
2025-05-29 11:39:35,720 - ForkPoolWorker-6 - INFO - Tokenizing context file: 242958-v2.0.0-mixed
2025-05-29 11:39:35,720 - ForkPoolWorker-1 - INFO - Finished tokenizing 242398-v2.0.0-mixed: 4 centers, 13 frags.
2025-05-29 11:39:35,721 - ForkPoolWorker-11 - INFO - Tokenizing context file: 235064-v2.0.0-mixed
2025-05-29 11:39:35,721 - ForkPoolWorker-1 - INFO - Tokenizing context file: 242553-v2.0.0-mixed
2025-05-29 11:39:35,721 - ForkPoolWorker-3 - INFO - Finished tokenizing 241938-v2.0.0-mixed: 1 centers, 2 frags.
2025-05-29 11:39:35,721 - ForkPoolWorker-2 - INFO - Tokenizing context file: 241862-v2.0.0-mixed
2025-05-29 11:39:35,721 - ForkPoolWorker-8 - INFO - Tokenizing context file: 244681-v2.0.0-mixed
2025-05-29 11:39:35,721 - ForkPoolWorker-3 - INFO - Tokenizing context file: 243051-v2.0.0-mixed
2025-05-29 11:39:35,721 - ForkPoolWorker-4 - INFO - Finished tokenizing 239123-v2.0.0-mixed: 2 centers, 7 frags.
2025-05-29 11:39:35,721 - ForkPoolWorker-4 - INFO - Tokenizing context file: 241907-v2.0.0-mixed
2025-05-29 11:39:35,721 - ForkPoolWorker-11 - INFO - Finished tokenizing 235064-v2.0.0-mixed: 1 centers, 3 frags.
2025-05-29 11:39:35,721 - ForkPoolWorker-11 - INFO - Tokenizing context file: 241835-v2.0.0-mixed
2025-05-29 11:39:35,721 - ForkPoolWorker-1 - INFO - Finished tokenizing 242553-v2.0.0-mixed: 2 centers, 7 frags.
2025-05-29 11:39:35,722 - ForkPoolWorker-1 - INFO - Tokenizing context file: 239504-v2.0.0-mixed
2025-05-29 11:39:35,722 - ForkPoolWorker-9 - INFO - Finished tokenizing 240581-v2.0.0-mixed: 4 centers, 14 frags.
2025-05-29 11:39:35,722 - ForkPoolWorker-5 - INFO - Finished tokenizing 243231-v2.0.0-mixed: 6 centers, 17 frags.
2025-05-29 11:39:35,722 - ForkPoolWorker-9 - INFO - Tokenizing context file: 242364-v2.0.0-mixed
2025-05-29 11:39:35,722 - ForkPoolWorker-10 - INFO - Finished tokenizing 245037-v2.0.0-mixed: 2 centers, 10 frags.
2025-05-29 11:39:35,722 - ForkPoolWorker-5 - INFO - Tokenizing context file: 235058-v2.0.0-mixed
2025-05-29 11:39:35,722 - ForkPoolWorker-10 - INFO - Tokenizing context file: 242579-v2.0.0-mixed
2025-05-29 11:39:35,722 - ForkPoolWorker-4 - INFO - Finished tokenizing 241907-v2.0.0-mixed: 4 centers, 14 frags.
2025-05-29 11:39:35,722 - ForkPoolWorker-3 - INFO - Finished tokenizing 243051-v2.0.0-mixed: 7 centers, 25 frags.
2025-05-29 11:39:35,723 - ForkPoolWorker-2 - INFO - Finished tokenizing 241862-v2.0.0-mixed: 4 centers, 11 frags.
2025-05-29 11:39:35,723 - ForkPoolWorker-4 - INFO - Tokenizing context file: 248153-v2.0.0-mixed
2025-05-29 11:39:35,723 - ForkPoolWorker-3 - INFO - Tokenizing context file: 243853-v2.0.0-mixed
2025-05-29 11:39:35,723 - ForkPoolWorker-12 - INFO - Finished tokenizing 242196-v2.0.0-mixed: 18 centers, 22 frags.
2025-05-29 11:39:35,723 - ForkPoolWorker-11 - INFO - Finished tokenizing 241835-v2.0.0-mixed: 7 centers, 25 frags.
2025-05-29 11:39:35,723 - ForkPoolWorker-8 - INFO - Finished tokenizing 244681-v2.0.0-mixed: 3 centers, 9 frags.
2025-05-29 11:39:35,723 - ForkPoolWorker-12 - INFO - Tokenizing context file: 242650-v2.0.0-mixed
2025-05-29 11:39:35,723 - ForkPoolWorker-1 - INFO - Finished tokenizing 239504-v2.0.0-mixed: 4 centers, 13 frags.
2025-05-29 11:39:35,723 - ForkPoolWorker-11 - INFO - Tokenizing context file: 239165-v2.0.0-mixed
2025-05-29 11:39:35,723 - ForkPoolWorker-10 - INFO - Finished tokenizing 242579-v2.0.0-mixed: 4 centers, 14 frags.
2025-05-29 11:39:35,723 - ForkPoolWorker-8 - INFO - Tokenizing context file: 500845-v1.0.0-bad
2025-05-29 11:39:35,723 - ForkPoolWorker-9 - INFO - Finished tokenizing 242364-v2.0.0-mixed: 6 centers, 22 frags.
2025-05-29 11:39:35,724 - ForkPoolWorker-3 - INFO - Finished tokenizing 243853-v2.0.0-mixed: 1 centers, 5 frags.
2025-05-29 11:39:35,724 - ForkPoolWorker-1 - INFO - Tokenizing context file: 241743-v2.0.0-mixed
2025-05-29 11:39:35,724 - ForkPoolWorker-10 - INFO - Tokenizing context file: 500812-v1.0.0-bad
2025-05-29 11:39:35,724 - ForkPoolWorker-2 - INFO - Tokenizing context file: 243309-v2.0.0-mixed
2025-05-29 11:39:35,724 - ForkPoolWorker-9 - INFO - Tokenizing context file: 500912-v1.0.0-bad
2025-05-29 11:39:35,724 - ForkPoolWorker-3 - INFO - Tokenizing context file: 243959-v2.0.0-mixed
2025-05-29 11:39:35,724 - ForkPoolWorker-8 - INFO - Finished tokenizing 500845-v1.0.0-bad: 1 centers, 3 frags.
2025-05-29 11:39:35,724 - ForkPoolWorker-6 - INFO - Finished tokenizing 242958-v2.0.0-mixed: 7 centers, 26 frags.
2025-05-29 11:39:35,724 - ForkPoolWorker-4 - INFO - Finished tokenizing 248153-v2.0.0-mixed: 2 centers, 8 frags.
2025-05-29 11:39:35,724 - ForkPoolWorker-8 - INFO - Tokenizing context file: 243323-v2.0.0-mixed
2025-05-29 11:39:35,724 - ForkPoolWorker-5 - INFO - Finished tokenizing 235058-v2.0.0-mixed: 5 centers, 11 frags.
2025-05-29 11:39:35,724 - ForkPoolWorker-11 - INFO - Finished tokenizing 239165-v2.0.0-mixed: 2 centers, 7 frags.
2025-05-29 11:39:35,724 - ForkPoolWorker-6 - INFO - Tokenizing context file: 242391-v2.0.0-mixed
2025-05-29 11:39:35,724 - ForkPoolWorker-4 - INFO - Tokenizing context file: 246409-v2.0.0-mixed
2025-05-29 11:39:35,724 - ForkPoolWorker-5 - INFO - Tokenizing context file: 239545-v2.0.0-mixed
2025-05-29 11:39:35,724 - ForkPoolWorker-11 - INFO - Tokenizing context file: 244612-v2.0.0-mixed
2025-05-29 11:39:35,725 - ForkPoolWorker-9 - INFO - Finished tokenizing 500912-v1.0.0-bad: 2 centers, 7 frags.
2025-05-29 11:39:35,725 - ForkPoolWorker-9 - INFO - Tokenizing context file: 241486-v2.0.0-mixed
2025-05-29 11:39:35,725 - ForkPoolWorker-10 - INFO - Finished tokenizing 500812-v1.0.0-bad: 1 centers, 4 frags.
2025-05-29 11:39:35,725 - ForkPoolWorker-10 - INFO - Tokenizing context file: 243209-v2.0.0-mixed
2025-05-29 11:39:35,725 - ForkPoolWorker-8 - INFO - Finished tokenizing 243323-v2.0.0-mixed: 2 centers, 6 frags.
2025-05-29 11:39:35,725 - ForkPoolWorker-8 - INFO - Tokenizing context file: 243240-v2.0.0-mixed
2025-05-29 11:39:35,725 - ForkPoolWorker-5 - INFO - Finished tokenizing 239545-v2.0.0-mixed: 0 centers, 0 frags.
2025-05-29 11:39:35,725 - ForkPoolWorker-5 - INFO - Tokenizing context file: 242253-v2.0.0-mixed
2025-05-29 11:39:35,725 - ForkPoolWorker-6 - INFO - Finished tokenizing 242391-v2.0.0-mixed: 2 centers, 9 frags.
2025-05-29 11:39:35,725 - ForkPoolWorker-3 - INFO - Finished tokenizing 243959-v2.0.0-mixed: 4 centers, 10 frags.
2025-05-29 11:39:35,725 - ForkPoolWorker-1 - INFO - Finished tokenizing 241743-v2.0.0-mixed: 4 centers, 16 frags.
2025-05-29 11:39:35,725 - ForkPoolWorker-6 - INFO - Tokenizing context file: 240220-v2.0.0-mixed
2025-05-29 11:39:35,725 - ForkPoolWorker-3 - INFO - Tokenizing context file: 500933-v1.0.0-bad
2025-05-29 11:39:35,725 - ForkPoolWorker-1 - INFO - Tokenizing context file: 500899-v1.0.0-bad
2025-05-29 11:39:35,725 - ForkPoolWorker-4 - INFO - Finished tokenizing 246409-v2.0.0-mixed: 3 centers, 15 frags.
2025-05-29 11:39:35,726 - ForkPoolWorker-12 - INFO - Finished tokenizing 242650-v2.0.0-mixed: 6 centers, 36 frags.
2025-05-29 11:39:35,726 - ForkPoolWorker-12 - INFO - Tokenizing context file: 242851-v2.0.0-mixed
2025-05-29 11:39:35,726 - ForkPoolWorker-9 - INFO - Finished tokenizing 241486-v2.0.0-mixed: 1 centers, 4 frags.
2025-05-29 11:39:35,726 - ForkPoolWorker-9 - INFO - Tokenizing context file: 241482-v2.0.0-mixed
2025-05-29 11:39:35,726 - ForkPoolWorker-2 - INFO - Finished tokenizing 243309-v2.0.0-mixed: 7 centers, 27 frags.
2025-05-29 11:39:35,726 - ForkPoolWorker-10 - INFO - Finished tokenizing 243209-v2.0.0-mixed: 4 centers, 14 frags.
2025-05-29 11:39:35,726 - ForkPoolWorker-11 - INFO - Finished tokenizing 244612-v2.0.0-mixed: 2 centers, 8 frags.
2025-05-29 11:39:35,726 - ForkPoolWorker-3 - INFO - Finished tokenizing 500933-v1.0.0-bad: 2 centers, 5 frags.
2025-05-29 11:39:35,726 - ForkPoolWorker-8 - INFO - Finished tokenizing 243240-v2.0.0-mixed: 4 centers, 12 frags.
2025-05-29 11:39:35,726 - ForkPoolWorker-10 - INFO - Tokenizing context file: 242409-v2.0.0-mixed
2025-05-29 11:39:35,726 - ForkPoolWorker-4 - INFO - Tokenizing context file: 242680-v2.0.0-mixed
2025-05-29 11:39:35,726 - ForkPoolWorker-3 - INFO - Tokenizing context file: 241876-v2.0.0-mixed
2025-05-29 11:39:35,726 - ForkPoolWorker-2 - INFO - Tokenizing context file: 243345-v2.0.0-mixed
2025-05-29 11:39:35,726 - ForkPoolWorker-8 - INFO - Tokenizing context file: 235704-v2.0.0-mixed
2025-05-29 11:39:35,726 - ForkPoolWorker-11 - INFO - Tokenizing context file: 242211-v2.0.0-mixed
2025-05-29 11:39:35,727 - ForkPoolWorker-6 - INFO - Finished tokenizing 240220-v2.0.0-mixed: 4 centers, 13 frags.
2025-05-29 11:39:35,727 - ForkPoolWorker-5 - INFO - Finished tokenizing 242253-v2.0.0-mixed: 7 centers, 19 frags.
2025-05-29 11:39:35,727 - ForkPoolWorker-6 - INFO - Tokenizing context file: 235171-v2.0.0-mixed
2025-05-29 11:39:35,727 - ForkPoolWorker-5 - INFO - Tokenizing context file: 243937-v2.0.0-mixed
2025-05-29 11:39:35,727 - ForkPoolWorker-9 - INFO - Finished tokenizing 241482-v2.0.0-mixed: 5 centers, 14 frags.
2025-05-29 11:39:35,727 - ForkPoolWorker-9 - INFO - Tokenizing context file: 240693-v2.0.0-mixed
2025-05-29 11:39:35,727 - ForkPoolWorker-4 - INFO - Finished tokenizing 242680-v2.0.0-mixed: 2 centers, 9 frags.
2025-05-29 11:39:35,727 - ForkPoolWorker-10 - INFO - Finished tokenizing 242409-v2.0.0-mixed: 4 centers, 13 frags.
2025-05-29 11:39:35,727 - ForkPoolWorker-1 - INFO - Finished tokenizing 500899-v1.0.0-bad: 1 centers, 3 frags.
2025-05-29 11:39:35,727 - ForkPoolWorker-4 - INFO - Tokenizing context file: 234635-v2.0.0-mixed
2025-05-29 11:39:35,727 - ForkPoolWorker-1 - INFO - Tokenizing context file: 243377-v2.0.0-mixed
2025-05-29 11:39:35,728 - ForkPoolWorker-10 - INFO - Tokenizing context file: 234168-v2.0.0-mixed
2025-05-29 11:39:35,728 - ForkPoolWorker-8 - INFO - Finished tokenizing 235704-v2.0.0-mixed: 3 centers, 15 frags.
2025-05-29 11:39:35,728 - ForkPoolWorker-8 - INFO - Tokenizing context file: 242059-v2.0.0-mixed
2025-05-29 11:39:35,728 - ForkPoolWorker-4 - INFO - Finished tokenizing 234635-v2.0.0-mixed: 1 centers, 3 frags.
2025-05-29 11:39:35,728 - ForkPoolWorker-3 - INFO - Finished tokenizing 241876-v2.0.0-mixed: 18 centers, 25 frags.
2025-05-29 11:39:35,728 - ForkPoolWorker-6 - INFO - Finished tokenizing 235171-v2.0.0-mixed: 3 centers, 15 frags.
2025-05-29 11:39:35,728 - ForkPoolWorker-2 - INFO - Finished tokenizing 243345-v2.0.0-mixed: 4 centers, 16 frags.
2025-05-29 11:39:35,728 - ForkPoolWorker-12 - INFO - Finished tokenizing 242851-v2.0.0-mixed: 4 centers, 14 frags.
2025-05-29 11:39:35,728 - ForkPoolWorker-4 - INFO - Tokenizing context file: 241679-v2.0.0-mixed
2025-05-29 11:39:35,728 - ForkPoolWorker-3 - INFO - Tokenizing context file: 241952-v2.0.0-mixed
2025-05-29 11:39:35,728 - ForkPoolWorker-12 - INFO - Tokenizing context file: 235870-v2.0.0-mixed
2025-05-29 11:39:35,728 - ForkPoolWorker-10 - INFO - Finished tokenizing 234168-v2.0.0-mixed: 2 centers, 7 frags.
2025-05-29 11:39:35,728 - ForkPoolWorker-2 - INFO - Tokenizing context file: 501006-v1.0.0-bad
2025-05-29 11:39:35,729 - ForkPoolWorker-10 - INFO - Tokenizing context file: 240164-v2.0.0-mixed
2025-05-29 11:39:35,729 - ForkPoolWorker-5 - INFO - Finished tokenizing 243937-v2.0.0-mixed: 3 centers, 10 frags.
2025-05-29 11:39:35,729 - ForkPoolWorker-5 - INFO - Tokenizing context file: 244073-v2.0.0-mixed
2025-05-29 11:39:35,729 - ForkPoolWorker-1 - INFO - Finished tokenizing 243377-v2.0.0-mixed: 4 centers, 16 frags.
2025-05-29 11:39:35,729 - ForkPoolWorker-11 - INFO - Finished tokenizing 242211-v2.0.0-mixed: 4 centers, 15 frags.
2025-05-29 11:39:35,729 - ForkPoolWorker-2 - INFO - Finished tokenizing 501006-v1.0.0-bad: 0 centers, 0 frags.
2025-05-29 11:39:35,729 - ForkPoolWorker-11 - INFO - Tokenizing context file: 500748-v1.0.0-bad
2025-05-29 11:39:35,729 - ForkPoolWorker-1 - INFO - Tokenizing context file: 247489-v2.0.0-mixed
2025-05-29 11:39:35,729 - ForkPoolWorker-2 - INFO - Tokenizing context file: 242939-v2.0.0-mixed
2025-05-29 11:39:35,729 - ForkPoolWorker-4 - INFO - Finished tokenizing 241679-v2.0.0-mixed: 2 centers, 10 frags.
2025-05-29 11:39:35,729 - ForkPoolWorker-4 - INFO - Tokenizing context file: 243241-v2.0.0-mixed
2025-05-29 11:39:35,729 - ForkPoolWorker-8 - INFO - Finished tokenizing 242059-v2.0.0-mixed: 7 centers, 23 frags.
2025-05-29 11:39:35,730 - ForkPoolWorker-9 - INFO - Finished tokenizing 240693-v2.0.0-mixed: 6 centers, 27 frags.
2025-05-29 11:39:35,730 - ForkPoolWorker-8 - INFO - Tokenizing context file: 244649-v2.0.0-mixed
2025-05-29 11:39:35,730 - ForkPoolWorker-10 - INFO - Finished tokenizing 240164-v2.0.0-mixed: 4 centers, 13 frags.
2025-05-29 11:39:35,730 - ForkPoolWorker-12 - INFO - Finished tokenizing 235870-v2.0.0-mixed: 3 centers, 13 frags.
2025-05-29 11:39:35,730 - ForkPoolWorker-9 - INFO - Tokenizing context file: 500972-v1.0.0-bad
2025-05-29 11:39:35,730 - ForkPoolWorker-10 - INFO - Tokenizing context file: 242275-v2.0.0-mixed
2025-05-29 11:39:35,730 - ForkPoolWorker-12 - INFO - Tokenizing context file: 501024-v1.0.0-bad
2025-05-29 11:39:35,730 - ForkPoolWorker-11 - INFO - Finished tokenizing 500748-v1.0.0-bad: 1 centers, 5 frags.
2025-05-29 11:39:35,730 - ForkPoolWorker-5 - INFO - Finished tokenizing 244073-v2.0.0-mixed: 4 centers, 11 frags.
2025-05-29 11:39:35,730 - ForkPoolWorker-1 - INFO - Finished tokenizing 247489-v2.0.0-mixed: 2 centers, 8 frags.
2025-05-29 11:39:35,730 - ForkPoolWorker-6 - INFO - Tokenizing context file: 235559-v2.0.0-mixed
2025-05-29 11:39:35,730 - ForkPoolWorker-11 - INFO - Tokenizing context file: 242925-v2.0.0-mixed
2025-05-29 11:39:35,730 - ForkPoolWorker-3 - INFO - Finished tokenizing 241952-v2.0.0-mixed: 6 centers, 22 frags.
2025-05-29 11:39:35,730 - ForkPoolWorker-5 - INFO - Tokenizing context file: 234601-v2.0.0-mixed
2025-05-29 11:39:35,730 - ForkPoolWorker-1 - INFO - Tokenizing context file: 500893-v1.0.0-bad
2025-05-29 11:39:35,730 - ForkPoolWorker-3 - INFO - Tokenizing context file: 241732-v2.0.0-mixed
2025-05-29 11:39:35,730 - ForkPoolWorker-4 - INFO - Finished tokenizing 243241-v2.0.0-mixed: 4 centers, 14 frags.
2025-05-29 11:39:35,730 - ForkPoolWorker-4 - INFO - Tokenizing context file: 244184-v2.0.0-mixed
2025-05-29 11:39:35,730 - ForkPoolWorker-9 - INFO - Finished tokenizing 500972-v1.0.0-bad: 1 centers, 3 frags.
2025-05-29 11:39:35,730 - ForkPoolWorker-12 - INFO - Finished tokenizing 501024-v1.0.0-bad: 1 centers, 4 frags.
2025-05-29 11:39:35,731 - ForkPoolWorker-9 - INFO - Tokenizing context file: 239536-v2.0.0-mixed
2025-05-29 11:39:35,731 - ForkPoolWorker-12 - INFO - Tokenizing context file: 243199-v2.0.0-mixed
2025-05-29 11:39:35,731 - ForkPoolWorker-5 - INFO - Finished tokenizing 234601-v2.0.0-mixed: 1 centers, 3 frags.
2025-05-29 11:39:35,731 - ForkPoolWorker-10 - INFO - Finished tokenizing 242275-v2.0.0-mixed: 4 centers, 14 frags.
2025-05-29 11:39:35,731 - ForkPoolWorker-5 - INFO - Tokenizing context file: 242424-v2.0.0-mixed
2025-05-29 11:39:35,731 - ForkPoolWorker-8 - INFO - Finished tokenizing 244649-v2.0.0-mixed: 3 centers, 9 frags.
2025-05-29 11:39:35,731 - ForkPoolWorker-10 - INFO - Tokenizing context file: 245865-v2.0.0-mixed
2025-05-29 11:39:35,731 - ForkPoolWorker-4 - INFO - Finished tokenizing 244184-v2.0.0-mixed: 2 centers, 8 frags.
2025-05-29 11:39:35,731 - ForkPoolWorker-8 - INFO - Tokenizing context file: 243381-v2.0.0-mixed
2025-05-29 11:39:35,731 - ForkPoolWorker-6 - INFO - Finished tokenizing 235559-v2.0.0-mixed: 6 centers, 16 frags.
2025-05-29 11:39:35,731 - ForkPoolWorker-4 - INFO - Tokenizing context file: 246397-v2.0.0-mixed
2025-05-29 11:39:35,731 - ForkPoolWorker-6 - INFO - Tokenizing context file: 242124-v2.0.0-mixed
2025-05-29 11:39:35,731 - ForkPoolWorker-11 - INFO - Finished tokenizing 242925-v2.0.0-mixed: 7 centers, 19 frags.
2025-05-29 11:39:35,731 - ForkPoolWorker-2 - INFO - Finished tokenizing 242939-v2.0.0-mixed: 6 centers, 22 frags.
2025-05-29 11:39:35,732 - ForkPoolWorker-11 - INFO - Tokenizing context file: 242446-v2.0.0-mixed
2025-05-29 11:39:35,732 - ForkPoolWorker-2 - INFO - Tokenizing context file: 243330-v2.0.0-mixed
2025-05-29 11:39:35,732 - ForkPoolWorker-9 - INFO - Finished tokenizing 239536-v2.0.0-mixed: 4 centers, 13 frags.
2025-05-29 11:39:35,732 - ForkPoolWorker-10 - INFO - Finished tokenizing 245865-v2.0.0-mixed: 3 centers, 8 frags.
2025-05-29 11:39:35,732 - ForkPoolWorker-10 - INFO - Tokenizing context file: 500998-v1.0.0-bad
2025-05-29 11:39:35,732 - ForkPoolWorker-12 - INFO - Finished tokenizing 243199-v2.0.0-mixed: 6 centers, 17 frags.
2025-05-29 11:39:35,732 - ForkPoolWorker-1 - INFO - Finished tokenizing 500893-v1.0.0-bad: 1 centers, 2 frags.
2025-05-29 11:39:35,732 - ForkPoolWorker-12 - INFO - Tokenizing context file: 243040-v2.0.0-mixed
2025-05-29 11:39:35,732 - ForkPoolWorker-1 - INFO - Tokenizing context file: 234634-v2.0.0-mixed
2025-05-29 11:39:35,732 - ForkPoolWorker-4 - INFO - Finished tokenizing 246397-v2.0.0-mixed: 3 centers, 11 frags.
2025-05-29 11:39:35,732 - ForkPoolWorker-8 - INFO - Finished tokenizing 243381-v2.0.0-mixed: 4 centers, 13 frags.
2025-05-29 11:39:35,732 - ForkPoolWorker-4 - INFO - Tokenizing context file: 242096-v2.0.0-mixed
2025-05-29 11:39:35,733 - ForkPoolWorker-8 - INFO - Tokenizing context file: 247101-v2.0.0-mixed
2025-05-29 11:39:35,733 - ForkPoolWorker-10 - INFO - Finished tokenizing 500998-v1.0.0-bad: 1 centers, 4 frags.
2025-05-29 11:39:35,733 - ForkPoolWorker-5 - INFO - Finished tokenizing 242424-v2.0.0-mixed: 2 centers, 9 frags.
2025-05-29 11:39:35,733 - ForkPoolWorker-10 - INFO - Tokenizing context file: 245226-v2.0.0-mixed
2025-05-29 11:39:35,733 - ForkPoolWorker-3 - INFO - Finished tokenizing 241732-v2.0.0-mixed: 5 centers, 21 frags.
2025-05-29 11:39:35,733 - ForkPoolWorker-1 - INFO - Finished tokenizing 234634-v2.0.0-mixed: 1 centers, 3 frags.
2025-05-29 11:39:35,733 - ForkPoolWorker-5 - INFO - Tokenizing context file: 500804-v1.0.0-bad
2025-05-29 11:39:35,733 - ForkPoolWorker-9 - INFO - Tokenizing context file: 242444-v2.0.0-mixed
2025-05-29 11:39:35,733 - ForkPoolWorker-3 - INFO - Tokenizing context file: 241773-v2.0.0-mixed
2025-05-29 11:39:35,733 - ForkPoolWorker-1 - INFO - Tokenizing context file: 246357-v2.0.0-mixed
2025-05-29 11:39:35,734 - ForkPoolWorker-2 - INFO - Finished tokenizing 243330-v2.0.0-mixed: 6 centers, 23 frags.
2025-05-29 11:39:35,734 - ForkPoolWorker-6 - INFO - Finished tokenizing 242124-v2.0.0-mixed: 7 centers, 27 frags.
2025-05-29 11:39:35,735 - ForkPoolWorker-2 - INFO - Tokenizing context file: 243405-v2.0.0-mixed
2025-05-29 11:39:35,735 - ForkPoolWorker-5 - INFO - Finished tokenizing 500804-v1.0.0-bad: 2 centers, 3 frags.
2025-05-29 11:39:35,735 - ForkPoolWorker-6 - INFO - Tokenizing context file: 246732-v2.0.0-mixed
2025-05-29 11:39:35,735 - ForkPoolWorker-5 - INFO - Tokenizing context file: 242747-v2.0.0-mixed
2025-05-29 11:39:35,735 - ForkPoolWorker-11 - INFO - Finished tokenizing 242446-v2.0.0-mixed: 7 centers, 27 frags.
2025-05-29 11:39:35,735 - ForkPoolWorker-11 - INFO - Tokenizing context file: 242050-v2.0.0-mixed
2025-05-29 11:39:35,735 - ForkPoolWorker-1 - INFO - Finished tokenizing 246357-v2.0.0-mixed: 2 centers, 9 frags.
2025-05-29 11:39:35,735 - ForkPoolWorker-1 - INFO - Tokenizing context file: 243203-v2.0.0-mixed
2025-05-29 11:39:35,735 - ForkPoolWorker-10 - INFO - Finished tokenizing 245226-v2.0.0-mixed: 2 centers, 8 frags.
2025-05-29 11:39:35,736 - ForkPoolWorker-10 - INFO - Tokenizing context file: 240956-v2.0.0-mixed
2025-05-29 11:39:35,736 - ForkPoolWorker-4 - INFO - Finished tokenizing 242096-v2.0.0-mixed: 4 centers, 14 frags.
2025-05-29 11:39:35,736 - ForkPoolWorker-9 - INFO - Finished tokenizing 242444-v2.0.0-mixed: 7 centers, 27 frags.
2025-05-29 11:39:35,736 - ForkPoolWorker-4 - INFO - Tokenizing context file: 245253-v2.0.0-mixed
2025-05-29 11:39:35,736 - ForkPoolWorker-12 - INFO - Finished tokenizing 243040-v2.0.0-mixed: 6 centers, 35 frags.
2025-05-29 11:39:35,736 - ForkPoolWorker-9 - INFO - Tokenizing context file: 241819-v2.0.0-mixed
2025-05-29 11:39:35,736 - ForkPoolWorker-12 - INFO - Tokenizing context file: 500847-v1.0.0-bad
2025-05-29 11:39:35,736 - ForkPoolWorker-3 - INFO - Finished tokenizing 241773-v2.0.0-mixed: 7 centers, 19 frags.
2025-05-29 11:39:35,736 - ForkPoolWorker-3 - INFO - Tokenizing context file: 242871-v2.0.0-mixed
2025-05-29 11:39:35,737 - ForkPoolWorker-5 - INFO - Finished tokenizing 242747-v2.0.0-mixed: 6 centers, 22 frags.
2025-05-29 11:39:35,737 - ForkPoolWorker-11 - INFO - Finished tokenizing 242050-v2.0.0-mixed: 10 centers, 19 frags.
2025-05-29 11:39:35,737 - ForkPoolWorker-5 - INFO - Tokenizing context file: 235689-v2.0.0-mixed
2025-05-29 11:39:35,737 - ForkPoolWorker-11 - INFO - Tokenizing context file: 501056-v1.0.0-bad
2025-05-29 11:39:35,737 - ForkPoolWorker-10 - INFO - Finished tokenizing 240956-v2.0.0-mixed: 5 centers, 14 frags.
2025-05-29 11:39:35,737 - ForkPoolWorker-2 - INFO - Finished tokenizing 243405-v2.0.0-mixed: 7 centers, 27 frags.
2025-05-29 11:39:35,737 - ForkPoolWorker-8 - INFO - Finished tokenizing 247101-v2.0.0-mixed: 3 centers, 8 frags.
2025-05-29 11:39:35,737 - ForkPoolWorker-12 - INFO - Finished tokenizing 500847-v1.0.0-bad: 1 centers, 4 frags.
2025-05-29 11:39:35,737 - ForkPoolWorker-10 - INFO - Tokenizing context file: 500726-v1.0.0-bad
2025-05-29 11:39:35,737 - ForkPoolWorker-2 - INFO - Tokenizing context file: 248577-v2.0.0-mixed
2025-05-29 11:39:35,737 - ForkPoolWorker-12 - INFO - Tokenizing context file: 234370-v2.0.0-mixed
2025-05-29 11:39:35,737 - ForkPoolWorker-8 - INFO - Tokenizing context file: 242472-v2.0.0-mixed
2025-05-29 11:39:35,737 - ForkPoolWorker-4 - INFO - Finished tokenizing 245253-v2.0.0-mixed: 5 centers, 17 frags.
2025-05-29 11:39:35,737 - ForkPoolWorker-11 - INFO - Finished tokenizing 501056-v1.0.0-bad: 1 centers, 4 frags.
2025-05-29 11:39:35,737 - ForkPoolWorker-9 - INFO - Finished tokenizing 241819-v2.0.0-mixed: 6 centers, 24 frags.
2025-05-29 11:39:35,738 - ForkPoolWorker-11 - INFO - Tokenizing context file: 241798-v2.0.0-mixed
2025-05-29 11:39:35,738 - ForkPoolWorker-9 - INFO - Tokenizing context file: 244733-v2.0.0-mixed
2025-05-29 11:39:35,738 - ForkPoolWorker-4 - INFO - Tokenizing context file: 242981-v2.0.0-mixed
2025-05-29 11:39:35,738 - ForkPoolWorker-7 - INFO - Finished tokenizing 242557-v2.0.0-mixed: 6 centers, 36 frags.
2025-05-29 11:39:35,738 - ForkPoolWorker-6 - INFO - Finished tokenizing 246732-v2.0.0-mixed: 2 centers, 9 frags.
2025-05-29 11:39:35,738 - ForkPoolWorker-12 - INFO - Finished tokenizing 234370-v2.0.0-mixed: 1 centers, 3 frags.
2025-05-29 11:39:35,738 - ForkPoolWorker-7 - INFO - Tokenizing context file: 242703-v2.0.0-mixed
2025-05-29 11:39:35,738 - ForkPoolWorker-10 - INFO - Finished tokenizing 500726-v1.0.0-bad: 1 centers, 5 frags.
2025-05-29 11:39:35,738 - ForkPoolWorker-10 - INFO - Tokenizing context file: 242685-v2.0.0-mixed
2025-05-29 11:39:35,738 - ForkPoolWorker-12 - INFO - Tokenizing context file: 243747-v2.0.0-mixed
2025-05-29 11:39:35,738 - ForkPoolWorker-2 - INFO - Finished tokenizing 248577-v2.0.0-mixed: 3 centers, 8 frags.
2025-05-29 11:39:35,738 - ForkPoolWorker-2 - INFO - Tokenizing context file: 243970-v2.0.0-mixed
2025-05-29 11:39:35,738 - ForkPoolWorker-1 - INFO - Finished tokenizing 243203-v2.0.0-mixed: 26 centers, 42 frags.
2025-05-29 11:39:35,739 - ForkPoolWorker-3 - INFO - Finished tokenizing 242871-v2.0.0-mixed: 2 centers, 9 frags.
2025-05-29 11:39:35,739 - ForkPoolWorker-3 - INFO - Tokenizing context file: 242698-v2.0.0-mixed
2025-05-29 11:39:35,739 - ForkPoolWorker-1 - INFO - Tokenizing context file: 245220-v2.0.0-mixed
2025-05-29 11:39:35,739 - ForkPoolWorker-5 - INFO - Finished tokenizing 235689-v2.0.0-mixed: 9 centers, 31 frags.
2025-05-29 11:39:35,739 - ForkPoolWorker-11 - INFO - Finished tokenizing 241798-v2.0.0-mixed: 4 centers, 16 frags.
2025-05-29 11:39:35,739 - ForkPoolWorker-6 - INFO - Tokenizing context file: 247302-v2.0.0-mixed
2025-05-29 11:39:35,739 - ForkPoolWorker-5 - INFO - Tokenizing context file: 242064-v2.0.0-mixed
2025-05-29 11:39:35,739 - ForkPoolWorker-11 - INFO - Tokenizing context file: 244942-v2.0.0-mixed
2025-05-29 11:39:35,739 - ForkPoolWorker-7 - INFO - Finished tokenizing 242703-v2.0.0-mixed: 4 centers, 16 frags.
2025-05-29 11:39:35,739 - ForkPoolWorker-8 - INFO - Finished tokenizing 242472-v2.0.0-mixed: 4 centers, 14 frags.
2025-05-29 11:39:35,739 - ForkPoolWorker-4 - INFO - Finished tokenizing 242981-v2.0.0-mixed: 7 centers, 23 frags.
2025-05-29 11:39:35,740 - ForkPoolWorker-9 - INFO - Finished tokenizing 244733-v2.0.0-mixed: 5 centers, 29 frags.
2025-05-29 11:39:35,740 - ForkPoolWorker-8 - INFO - Tokenizing context file: 242707-v2.0.0-mixed
2025-05-29 11:39:35,739 - ForkPoolWorker-7 - INFO - Tokenizing context file: 1448-v1.0.0-good
2025-05-29 11:39:35,740 - ForkPoolWorker-4 - INFO - Tokenizing context file: 243976-v2.0.0-mixed
2025-05-29 11:39:35,740 - ForkPoolWorker-12 - INFO - Finished tokenizing 243747-v2.0.0-mixed: 6 centers, 13 frags.
2025-05-29 11:39:35,740 - ForkPoolWorker-9 - INFO - Tokenizing context file: 245273-v2.0.0-mixed
2025-05-29 11:39:35,740 - ForkPoolWorker-1 - INFO - Finished tokenizing 245220-v2.0.0-mixed: 2 centers, 8 frags.
2025-05-29 11:39:35,740 - ForkPoolWorker-6 - INFO - Finished tokenizing 247302-v2.0.0-mixed: 2 centers, 11 frags.
2025-05-29 11:39:35,740 - ForkPoolWorker-12 - INFO - Tokenizing context file: 241922-v2.0.0-mixed
2025-05-29 11:39:35,740 - ForkPoolWorker-7 - INFO - Finished tokenizing 1448-v1.0.0-good: 1 centers, 3 frags.
2025-05-29 11:39:35,740 - ForkPoolWorker-1 - INFO - Tokenizing context file: 242024-v2.0.0-mixed
2025-05-29 11:39:35,740 - ForkPoolWorker-5 - INFO - Finished tokenizing 242064-v2.0.0-mixed: 4 centers, 14 frags.
2025-05-29 11:39:35,740 - ForkPoolWorker-7 - INFO - Tokenizing context file: 234592-v2.0.0-mixed
2025-05-29 11:39:35,740 - ForkPoolWorker-6 - INFO - Tokenizing context file: 242744-v2.0.0-mixed
2025-05-29 11:39:35,740 - ForkPoolWorker-3 - INFO - Finished tokenizing 242698-v2.0.0-mixed: 7 centers, 19 frags.
2025-05-29 11:39:35,740 - ForkPoolWorker-5 - INFO - Tokenizing context file: 243369-v2.0.0-mixed
2025-05-29 11:39:35,740 - ForkPoolWorker-2 - INFO - Finished tokenizing 243970-v2.0.0-mixed: 1 centers, 4 frags.
2025-05-29 11:39:35,740 - ForkPoolWorker-3 - INFO - Tokenizing context file: 241912-v2.0.0-mixed
2025-05-29 11:39:35,740 - ForkPoolWorker-2 - INFO - Tokenizing context file: 241895-v2.0.0-mixed
2025-05-29 11:39:35,741 - ForkPoolWorker-4 - INFO - Finished tokenizing 243976-v2.0.0-mixed: 2 centers, 8 frags.
2025-05-29 11:39:35,741 - ForkPoolWorker-9 - INFO - Finished tokenizing 245273-v2.0.0-mixed: 2 centers, 11 frags.
2025-05-29 11:39:35,741 - ForkPoolWorker-10 - INFO - Finished tokenizing 242685-v2.0.0-mixed: 6 centers, 28 frags.
2025-05-29 11:39:35,741 - ForkPoolWorker-4 - INFO - Tokenizing context file: 244077-v2.0.0-mixed
2025-05-29 11:39:35,741 - ForkPoolWorker-6 - INFO - Finished tokenizing 242744-v2.0.0-mixed: 2 centers, 7 frags.
2025-05-29 11:39:35,741 - ForkPoolWorker-11 - INFO - Finished tokenizing 244942-v2.0.0-mixed: 2 centers, 11 frags.
2025-05-29 11:39:35,741 - ForkPoolWorker-9 - INFO - Tokenizing context file: 247824-v2.0.0-mixed
2025-05-29 11:39:35,741 - ForkPoolWorker-10 - INFO - Tokenizing context file: 247425-v2.0.0-mixed
2025-05-29 11:39:35,741 - ForkPoolWorker-8 - INFO - Finished tokenizing 242707-v2.0.0-mixed: 4 centers, 14 frags.
2025-05-29 11:39:35,741 - ForkPoolWorker-6 - INFO - Tokenizing context file: 500821-v1.0.0-bad
2025-05-29 11:39:35,741 - ForkPoolWorker-7 - INFO - Finished tokenizing 234592-v2.0.0-mixed: 3 centers, 6 frags.
2025-05-29 11:39:35,741 - ForkPoolWorker-1 - INFO - Finished tokenizing 242024-v2.0.0-mixed: 4 centers, 12 frags.
2025-05-29 11:39:35,741 - ForkPoolWorker-11 - INFO - Tokenizing context file: 241781-v2.0.0-mixed
2025-05-29 11:39:35,741 - ForkPoolWorker-8 - INFO - Tokenizing context file: 242453-v2.0.0-mixed
2025-05-29 11:39:35,741 - ForkPoolWorker-7 - INFO - Tokenizing context file: 241721-v2.0.0-mixed
2025-05-29 11:39:35,741 - ForkPoolWorker-1 - INFO - Tokenizing context file: 245224-v2.0.0-mixed
2025-05-29 11:39:35,741 - ForkPoolWorker-3 - INFO - Finished tokenizing 241912-v2.0.0-mixed: 2 centers, 9 frags.
2025-05-29 11:39:35,742 - ForkPoolWorker-12 - INFO - Finished tokenizing 241922-v2.0.0-mixed: 10 centers, 21 frags.
2025-05-29 11:39:35,742 - ForkPoolWorker-6 - INFO - Finished tokenizing 500821-v1.0.0-bad: 1 centers, 3 frags.
2025-05-29 11:39:35,742 - ForkPoolWorker-9 - INFO - Finished tokenizing 247824-v2.0.0-mixed: 1 centers, 7 frags.
2025-05-29 11:39:35,742 - ForkPoolWorker-5 - INFO - Finished tokenizing 243369-v2.0.0-mixed: 4 centers, 14 frags.
2025-05-29 11:39:35,742 - ForkPoolWorker-2 - INFO - Finished tokenizing 241895-v2.0.0-mixed: 4 centers, 16 frags.
2025-05-29 11:39:35,742 - ForkPoolWorker-10 - INFO - Finished tokenizing 247425-v2.0.0-mixed: 3 centers, 10 frags.
2025-05-29 11:39:35,742 - ForkPoolWorker-1 - INFO - Finished tokenizing 245224-v2.0.0-mixed: 1 centers, 5 frags.
2025-05-29 11:39:35,742 - ForkPoolWorker-7 - INFO - Finished tokenizing 241721-v2.0.0-mixed: 2 centers, 9 frags.
2025-05-29 11:39:35,742 - ForkPoolWorker-4 - INFO - Finished tokenizing 244077-v2.0.0-mixed: 6 centers, 18 frags.
2025-05-29 11:39:35,743 - ForkPoolWorker-11 - INFO - Finished tokenizing 241781-v2.0.0-mixed: 6 centers, 32 frags.
2025-05-29 11:39:35,743 - ForkPoolWorker-3 - INFO - Tokenizing context file: 242362-v2.0.0-mixed
2025-05-29 11:39:35,743 - ForkPoolWorker-12 - INFO - Tokenizing context file: 246405-v2.0.0-mixed
2025-05-29 11:39:35,743 - ForkPoolWorker-6 - INFO - Tokenizing context file: 245602-v2.0.0-mixed
2025-05-29 11:39:35,743 - ForkPoolWorker-9 - INFO - Tokenizing context file: 246592-v2.0.0-mixed
2025-05-29 11:39:35,743 - ForkPoolWorker-5 - INFO - Tokenizing context file: 246311-v2.0.0-mixed
2025-05-29 11:39:35,743 - ForkPoolWorker-1 - INFO - Tokenizing context file: 242684-v2.0.0-mixed
2025-05-29 11:39:35,743 - ForkPoolWorker-7 - INFO - Tokenizing context file: 241549-v2.0.0-mixed
2025-05-29 11:39:35,743 - ForkPoolWorker-10 - INFO - Tokenizing context file: 241927-v2.0.0-mixed
2025-05-29 11:39:35,743 - ForkPoolWorker-2 - INFO - Tokenizing context file: 1983-v1.0.0-bad
2025-05-29 11:39:35,744 - ForkPoolWorker-11 - INFO - Tokenizing context file: 500838-v1.0.0-bad
2025-05-29 11:39:35,744 - ForkPoolWorker-4 - INFO - Tokenizing context file: 243413-v2.0.0-mixed
2025-05-29 11:39:35,744 - ForkPoolWorker-8 - INFO - Finished tokenizing 242453-v2.0.0-mixed: 6 centers, 32 frags.
2025-05-29 11:39:35,744 - ForkPoolWorker-8 - INFO - Tokenizing context file: 242007-v2.0.0-mixed
2025-05-29 11:39:35,744 - ForkPoolWorker-5 - INFO - Finished tokenizing 246311-v2.0.0-mixed: 1 centers, 5 frags.
2025-05-29 11:39:35,744 - ForkPoolWorker-7 - INFO - Finished tokenizing 241549-v2.0.0-mixed: 1 centers, 4 frags.
2025-05-29 11:39:35,744 - ForkPoolWorker-7 - INFO - Tokenizing context file: 242758-v2.0.0-mixed
2025-05-29 11:39:35,744 - ForkPoolWorker-12 - INFO - Finished tokenizing 246405-v2.0.0-mixed: 2 centers, 10 frags.
2025-05-29 11:39:35,744 - ForkPoolWorker-9 - INFO - Finished tokenizing 246592-v2.0.0-mixed: 1 centers, 5 frags.
2025-05-29 11:39:35,744 - ForkPoolWorker-6 - INFO - Finished tokenizing 245602-v2.0.0-mixed: 2 centers, 8 frags.
2025-05-29 11:39:35,744 - ForkPoolWorker-5 - INFO - Tokenizing context file: 246878-v2.0.0-mixed
2025-05-29 11:39:35,744 - ForkPoolWorker-9 - INFO - Tokenizing context file: 248100-v2.0.0-mixed
2025-05-29 11:39:35,744 - ForkPoolWorker-12 - INFO - Tokenizing context file: 241424-v2.0.0-mixed
2025-05-29 11:39:35,744 - ForkPoolWorker-6 - INFO - Tokenizing context file: 247281-v2.0.0-mixed
2025-05-29 11:39:35,745 - ForkPoolWorker-10 - INFO - Finished tokenizing 241927-v2.0.0-mixed: 4 centers, 12 frags.
2025-05-29 11:39:35,745 - ForkPoolWorker-4 - INFO - Finished tokenizing 243413-v2.0.0-mixed: 4 centers, 13 frags.
2025-05-29 11:39:35,745 - ForkPoolWorker-11 - INFO - Finished tokenizing 500838-v1.0.0-bad: 1 centers, 4 frags.
2025-05-29 11:39:35,745 - ForkPoolWorker-10 - INFO - Tokenizing context file: 240915-v2.0.0-mixed
2025-05-29 11:39:35,745 - ForkPoolWorker-4 - INFO - Tokenizing context file: 241053-v2.0.0-mixed
2025-05-29 11:39:35,745 - ForkPoolWorker-11 - INFO - Tokenizing context file: 243247-v2.0.0-mixed
2025-05-29 11:39:35,745 - ForkPoolWorker-8 - INFO - Finished tokenizing 242007-v2.0.0-mixed: 2 centers, 9 frags.
2025-05-29 11:39:35,745 - ForkPoolWorker-8 - INFO - Tokenizing context file: 248505-v2.0.0-mixed
2025-05-29 11:39:35,745 - ForkPoolWorker-1 - INFO - Finished tokenizing 242684-v2.0.0-mixed: 6 centers, 24 frags.
2025-05-29 11:39:35,745 - ForkPoolWorker-6 - INFO - Finished tokenizing 247281-v2.0.0-mixed: 3 centers, 8 frags.
2025-05-29 11:39:35,745 - ForkPoolWorker-6 - INFO - Tokenizing context file: 245322-v2.0.0-mixed
2025-05-29 11:39:35,745 - ForkPoolWorker-1 - INFO - Tokenizing context file: 240710-v2.0.0-mixed
2025-05-29 11:39:35,745 - ForkPoolWorker-5 - INFO - Finished tokenizing 246878-v2.0.0-mixed: 2 centers, 10 frags.
2025-05-29 11:39:35,745 - ForkPoolWorker-5 - INFO - Tokenizing context file: 243081-v2.0.0-mixed
2025-05-29 11:39:35,745 - ForkPoolWorker-7 - INFO - Finished tokenizing 242758-v2.0.0-mixed: 4 centers, 16 frags.
2025-05-29 11:39:35,745 - ForkPoolWorker-9 - INFO - Finished tokenizing 248100-v2.0.0-mixed: 2 centers, 11 frags.
2025-05-29 11:39:35,745 - ForkPoolWorker-12 - INFO - Finished tokenizing 241424-v2.0.0-mixed: 2 centers, 8 frags.
2025-05-29 11:39:35,746 - ForkPoolWorker-7 - INFO - Tokenizing context file: 243960-v2.0.0-mixed
2025-05-29 11:39:35,746 - ForkPoolWorker-9 - INFO - Tokenizing context file: 242254-v2.0.0-mixed
2025-05-29 11:39:35,746 - ForkPoolWorker-4 - INFO - Finished tokenizing 241053-v2.0.0-mixed: 2 centers, 7 frags.
2025-05-29 11:39:35,746 - ForkPoolWorker-4 - INFO - Tokenizing context file: 241765-v2.0.0-mixed
2025-05-29 11:39:35,746 - ForkPoolWorker-3 - INFO - Finished tokenizing 242362-v2.0.0-mixed: 6 centers, 36 frags.
2025-05-29 11:39:35,746 - ForkPoolWorker-8 - INFO - Finished tokenizing 248505-v2.0.0-mixed: 4 centers, 10 frags.
2025-05-29 11:39:35,746 - ForkPoolWorker-10 - INFO - Finished tokenizing 240915-v2.0.0-mixed: 5 centers, 16 frags.
2025-05-29 11:39:35,746 - ForkPoolWorker-3 - INFO - Tokenizing context file: 241517-v2.0.0-mixed
2025-05-29 11:39:35,746 - ForkPoolWorker-8 - INFO - Tokenizing context file: 242952-v2.0.0-mixed
2025-05-29 11:39:35,746 - ForkPoolWorker-10 - INFO - Tokenizing context file: 244269-v2.0.0-mixed
2025-05-29 11:39:35,746 - ForkPoolWorker-6 - INFO - Finished tokenizing 245322-v2.0.0-mixed: 2 centers, 9 frags.
2025-05-29 11:39:35,746 - ForkPoolWorker-6 - INFO - Tokenizing context file: 234833-v2.0.0-mixed
2025-05-29 11:39:35,746 - ForkPoolWorker-11 - INFO - Finished tokenizing 243247-v2.0.0-mixed: 7 centers, 23 frags.
2025-05-29 11:39:35,746 - ForkPoolWorker-5 - INFO - Finished tokenizing 243081-v2.0.0-mixed: 4 centers, 14 frags.
2025-05-29 11:39:35,746 - ForkPoolWorker-1 - INFO - Finished tokenizing 240710-v2.0.0-mixed: 4 centers, 15 frags.
2025-05-29 11:39:35,747 - ForkPoolWorker-11 - INFO - Tokenizing context file: 242145-v2.0.0-mixed
2025-05-29 11:39:35,747 - ForkPoolWorker-5 - INFO - Tokenizing context file: 243060-v2.0.0-mixed
2025-05-29 11:39:35,747 - ForkPoolWorker-2 - INFO - Finished tokenizing 1983-v1.0.0-bad: 1 centers, 5 frags.
2025-05-29 11:39:35,747 - ForkPoolWorker-3 - INFO - Finished tokenizing 241517-v2.0.0-mixed: 1 centers, 4 frags.
2025-05-29 11:39:35,747 - ForkPoolWorker-1 - INFO - Tokenizing context file: 246013-v2.0.0-mixed
2025-05-29 11:39:35,747 - ForkPoolWorker-7 - INFO - Finished tokenizing 243960-v2.0.0-mixed: 4 centers, 12 frags.
2025-05-29 11:39:35,747 - ForkPoolWorker-2 - INFO - Tokenizing context file: 243972-v2.0.0-mixed
2025-05-29 11:39:35,747 - ForkPoolWorker-3 - INFO - Tokenizing context file: 241717-v2.0.0-mixed
2025-05-29 11:39:35,747 - ForkPoolWorker-7 - INFO - Tokenizing context file: 242861-v2.0.0-mixed
2025-05-29 11:39:35,747 - ForkPoolWorker-12 - INFO - Tokenizing context file: 242019-v2.0.0-mixed
2025-05-29 11:39:35,747 - ForkPoolWorker-10 - INFO - Finished tokenizing 244269-v2.0.0-mixed: 3 centers, 8 frags.
2025-05-29 11:39:35,747 - ForkPoolWorker-10 - INFO - Tokenizing context file: 242242-v2.0.0-mixed
2025-05-29 11:39:35,747 - ForkPoolWorker-6 - INFO - Finished tokenizing 234833-v2.0.0-mixed: 1 centers, 4 frags.
2025-05-29 11:39:35,747 - ForkPoolWorker-4 - INFO - Finished tokenizing 241765-v2.0.0-mixed: 7 centers, 21 frags.
2025-05-29 11:39:35,747 - ForkPoolWorker-9 - INFO - Finished tokenizing 242254-v2.0.0-mixed: 7 centers, 27 frags.
2025-05-29 11:39:35,748 - ForkPoolWorker-4 - INFO - Tokenizing context file: 242551-v2.0.0-mixed
2025-05-29 11:39:35,748 - ForkPoolWorker-9 - INFO - Tokenizing context file: 245501-v2.0.0-mixed
2025-05-29 11:39:35,748 - ForkPoolWorker-6 - INFO - Tokenizing context file: 243130-v2.0.0-mixed
2025-05-29 11:39:35,748 - ForkPoolWorker-12 - INFO - Finished tokenizing 242019-v2.0.0-mixed: 4 centers, 15 frags.
2025-05-29 11:39:35,748 - ForkPoolWorker-7 - INFO - Finished tokenizing 242861-v2.0.0-mixed: 7 centers, 19 frags.
2025-05-29 11:39:35,748 - ForkPoolWorker-8 - INFO - Finished tokenizing 242952-v2.0.0-mixed: 4 centers, 14 frags.
2025-05-29 11:39:35,748 - ForkPoolWorker-12 - INFO - Tokenizing context file: 245697-v2.0.0-mixed
2025-05-29 11:39:35,749 - ForkPoolWorker-7 - INFO - Tokenizing context file: 235439-v2.0.0-mixed
2025-05-29 11:39:35,749 - ForkPoolWorker-8 - INFO - Tokenizing context file: 234493-v2.0.0-mixed
2025-05-29 11:39:35,749 - ForkPoolWorker-10 - INFO - Finished tokenizing 242242-v2.0.0-mixed: 10 centers, 19 frags.
2025-05-29 11:39:35,749 - ForkPoolWorker-3 - INFO - Finished tokenizing 241717-v2.0.0-mixed: 6 centers, 24 frags.
2025-05-29 11:39:35,749 - ForkPoolWorker-10 - INFO - Tokenizing context file: 242927-v2.0.0-mixed
2025-05-29 11:39:35,749 - ForkPoolWorker-3 - INFO - Tokenizing context file: 243359-v2.0.0-mixed
2025-05-29 11:39:35,749 - ForkPoolWorker-9 - INFO - Finished tokenizing 245501-v2.0.0-mixed: 3 centers, 11 frags.
2025-05-29 11:39:35,749 - ForkPoolWorker-6 - INFO - Finished tokenizing 243130-v2.0.0-mixed: 2 centers, 6 frags.
2025-05-29 11:39:35,749 - ForkPoolWorker-9 - INFO - Tokenizing context file: 243985-v2.0.0-mixed
2025-05-29 11:39:35,749 - ForkPoolWorker-6 - INFO - Tokenizing context file: 246314-v2.0.0-mixed
2025-05-29 11:39:35,749 - ForkPoolWorker-4 - INFO - Finished tokenizing 242551-v2.0.0-mixed: 2 centers, 20 frags.
2025-05-29 11:39:35,749 - ForkPoolWorker-4 - INFO - Tokenizing context file: 248576-v2.0.0-mixed
2025-05-29 11:39:35,750 - ForkPoolWorker-8 - INFO - Finished tokenizing 234493-v2.0.0-mixed: 3 centers, 6 frags.
2025-05-29 11:39:35,750 - ForkPoolWorker-11 - INFO - Finished tokenizing 242145-v2.0.0-mixed: 26 centers, 40 frags.
2025-05-29 11:39:35,750 - ForkPoolWorker-8 - INFO - Tokenizing context file: 243410-v2.0.0-mixed
2025-05-29 11:39:35,750 - ForkPoolWorker-2 - INFO - Finished tokenizing 243972-v2.0.0-mixed: 18 centers, 24 frags.
2025-05-29 11:39:35,750 - ForkPoolWorker-7 - INFO - Finished tokenizing 235439-v2.0.0-mixed: 4 centers, 12 frags.
2025-05-29 11:39:35,750 - ForkPoolWorker-11 - INFO - Tokenizing context file: 242259-v2.0.0-mixed
2025-05-29 11:39:35,750 - ForkPoolWorker-1 - INFO - Finished tokenizing 246013-v2.0.0-mixed: 6 centers, 16 frags.
2025-05-29 11:39:35,750 - ForkPoolWorker-7 - INFO - Tokenizing context file: 244637-v2.0.0-mixed
2025-05-29 11:39:35,750 - ForkPoolWorker-2 - INFO - Tokenizing context file: 244471-v2.0.0-mixed
2025-05-29 11:39:35,750 - ForkPoolWorker-1 - INFO - Tokenizing context file: 242077-v2.0.0-mixed
2025-05-29 11:39:35,750 - ForkPoolWorker-3 - INFO - Finished tokenizing 243359-v2.0.0-mixed: 6 centers, 17 frags.
2025-05-29 11:39:35,750 - ForkPoolWorker-3 - INFO - Tokenizing context file: 246925-v2.0.0-mixed
2025-05-29 11:39:35,750 - ForkPoolWorker-6 - INFO - Finished tokenizing 246314-v2.0.0-mixed: 3 centers, 8 frags.
2025-05-29 11:39:35,750 - ForkPoolWorker-6 - INFO - Tokenizing context file: 242293-v2.0.0-mixed
2025-05-29 11:39:35,750 - ForkPoolWorker-4 - INFO - Finished tokenizing 248576-v2.0.0-mixed: 1 centers, 5 frags.
2025-05-29 11:39:35,751 - ForkPoolWorker-12 - INFO - Finished tokenizing 245697-v2.0.0-mixed: 2 centers, 10 frags.
2025-05-29 11:39:35,751 - ForkPoolWorker-4 - INFO - Tokenizing context file: 500974-v1.0.0-bad
2025-05-29 11:39:35,751 - ForkPoolWorker-7 - INFO - Finished tokenizing 244637-v2.0.0-mixed: 3 centers, 9 frags.
2025-05-29 11:39:35,751 - ForkPoolWorker-2 - INFO - Finished tokenizing 244471-v2.0.0-mixed: 1 centers, 7 frags.
2025-05-29 11:39:35,751 - ForkPoolWorker-12 - INFO - Tokenizing context file: 1527-v1.0.0-bad
2025-05-29 11:39:35,751 - ForkPoolWorker-7 - INFO - Tokenizing context file: 234997-v2.0.0-mixed
2025-05-29 11:39:35,751 - ForkPoolWorker-2 - INFO - Tokenizing context file: 244605-v2.0.0-mixed
2025-05-29 11:39:35,751 - ForkPoolWorker-8 - INFO - Finished tokenizing 243410-v2.0.0-mixed: 4 centers, 14 frags.
2025-05-29 11:39:35,751 - ForkPoolWorker-5 - INFO - Finished tokenizing 243060-v2.0.0-mixed: 6 centers, 13 frags.
2025-05-29 11:39:35,751 - ForkPoolWorker-10 - INFO - Finished tokenizing 242927-v2.0.0-mixed: 4 centers, 16 frags.
2025-05-29 11:39:35,751 - ForkPoolWorker-8 - INFO - Tokenizing context file: 241972-v2.0.0-mixed
2025-05-29 11:39:35,751 - ForkPoolWorker-11 - INFO - Finished tokenizing 242259-v2.0.0-mixed: 4 centers, 18 frags.
2025-05-29 11:39:35,751 - ForkPoolWorker-4 - INFO - Finished tokenizing 500974-v1.0.0-bad: 1 centers, 6 frags.
2025-05-29 11:39:35,751 - ForkPoolWorker-7 - INFO - Finished tokenizing 234997-v2.0.0-mixed: 1 centers, 4 frags.
2025-05-29 11:39:35,752 - ForkPoolWorker-12 - INFO - Finished tokenizing 1527-v1.0.0-bad: 3 centers, 8 frags.
2025-05-29 11:39:35,752 - ForkPoolWorker-2 - INFO - Finished tokenizing 244605-v2.0.0-mixed: 3 centers, 9 frags.
2025-05-29 11:39:35,752 - ForkPoolWorker-3 - INFO - Finished tokenizing 246925-v2.0.0-mixed: 2 centers, 10 frags.
2025-05-29 11:39:35,752 - ForkPoolWorker-6 - INFO - Finished tokenizing 242293-v2.0.0-mixed: 6 centers, 24 frags.
2025-05-29 11:39:35,752 - ForkPoolWorker-1 - INFO - Finished tokenizing 242077-v2.0.0-mixed: 6 centers, 36 frags.
2025-05-29 11:39:35,752 - ForkPoolWorker-9 - INFO - Finished tokenizing 243985-v2.0.0-mixed: 31 centers, 63 frags.
2025-05-29 11:39:35,753 - ForkPoolWorker-8 - INFO - Finished tokenizing 241972-v2.0.0-mixed: 18 centers, 25 frags.
2025-05-29 11:39:35,753 - ForkPoolWorker-10 - INFO - Tokenizing context file: 242978-v2.0.0-mixed
2025-05-29 11:39:35,753 - ForkPoolWorker-5 - INFO - Tokenizing context file: 242463-v2.0.0-mixed
2025-05-29 11:39:35,754 - ForkPoolWorker-11 - INFO - Tokenizing context file: 246880-v2.0.0-mixed
2025-05-29 11:39:35,754 - ForkPoolWorker-4 - INFO - Tokenizing context file: 242742-v2.0.0-mixed
2025-05-29 11:39:35,754 - ForkPoolWorker-7 - INFO - Tokenizing context file: 244468-v2.0.0-mixed
2025-05-29 11:39:35,754 - ForkPoolWorker-12 - INFO - Tokenizing context file: 235647-v2.0.0-mixed
2025-05-29 11:39:35,754 - ForkPoolWorker-10 - INFO - Finished tokenizing 242978-v2.0.0-mixed: 10 centers, 21 frags.
2025-05-29 11:39:35,755 - ForkPoolWorker-2 - INFO - Tokenizing context file: 243205-v2.0.0-mixed
2025-05-29 11:39:35,755 - ForkPoolWorker-3 - INFO - Tokenizing context file: 243269-v2.0.0-mixed
2025-05-29 11:39:35,755 - ForkPoolWorker-11 - INFO - Finished tokenizing 246880-v2.0.0-mixed: 1 centers, 7 frags.
2025-05-29 11:39:35,755 - ForkPoolWorker-6 - INFO - Tokenizing context file: 240617-v2.0.0-mixed
2025-05-29 11:39:35,755 - ForkPoolWorker-5 - INFO - Finished tokenizing 242463-v2.0.0-mixed: 6 centers, 35 frags.
2025-05-29 11:39:35,755 - ForkPoolWorker-7 - INFO - Finished tokenizing 244468-v2.0.0-mixed: 2 centers, 11 frags.
2025-05-29 11:39:35,755 - ForkPoolWorker-12 - INFO - Finished tokenizing 235647-v2.0.0-mixed: 7 centers, 20 frags.
2025-05-29 11:39:35,755 - ForkPoolWorker-4 - INFO - Finished tokenizing 242742-v2.0.0-mixed: 2 centers, 20 frags.
2025-05-29 11:39:35,756 - ForkPoolWorker-1 - INFO - Tokenizing context file: 245821-v2.0.0-mixed
2025-05-29 11:39:35,756 - ForkPoolWorker-12 - INFO - Tokenizing context file: 242107-v2.0.0-mixed
2025-05-29 11:39:35,756 - ForkPoolWorker-9 - INFO - Tokenizing context file: 234128-v2.0.0-mixed
2025-05-29 11:39:35,756 - ForkPoolWorker-3 - INFO - Finished tokenizing 243269-v2.0.0-mixed: 4 centers, 17 frags.
2025-05-29 11:39:35,756 - ForkPoolWorker-6 - INFO - Finished tokenizing 240617-v2.0.0-mixed: 4 centers, 15 frags.
2025-05-29 11:39:35,756 - ForkPoolWorker-2 - INFO - Finished tokenizing 243205-v2.0.0-mixed: 4 centers, 17 frags.
2025-05-29 11:39:35,757 - ForkPoolWorker-4 - INFO - Tokenizing context file: 247661-v2.0.0-mixed
2025-05-29 11:39:35,757 - ForkPoolWorker-11 - INFO - Tokenizing context file: 242236-v2.0.0-mixed
2025-05-29 11:39:35,757 - ForkPoolWorker-12 - INFO - Finished tokenizing 242107-v2.0.0-mixed: 6 centers, 24 frags.
2025-05-29 11:39:35,757 - ForkPoolWorker-1 - INFO - Finished tokenizing 245821-v2.0.0-mixed: 5 centers, 17 frags.
2025-05-29 11:39:35,757 - ForkPoolWorker-5 - INFO - Tokenizing context file: 234600-v2.0.0-mixed
2025-05-29 11:39:35,757 - ForkPoolWorker-7 - INFO - Tokenizing context file: 240252-v2.0.0-mixed
2025-05-29 11:39:35,757 - ForkPoolWorker-9 - INFO - Finished tokenizing 234128-v2.0.0-mixed: 7 centers, 27 frags.
2025-05-29 11:39:35,758 - ForkPoolWorker-4 - INFO - Finished tokenizing 247661-v2.0.0-mixed: 5 centers, 13 frags.
2025-05-29 11:39:35,758 - ForkPoolWorker-5 - INFO - Finished tokenizing 234600-v2.0.0-mixed: 3 centers, 7 frags.
2025-05-29 11:39:35,758 - ForkPoolWorker-7 - INFO - Finished tokenizing 240252-v2.0.0-mixed: 4 centers, 13 frags.
2025-05-29 11:39:35,758 - ForkPoolWorker-11 - INFO - Finished tokenizing 242236-v2.0.0-mixed: 6 centers, 20 frags.
2025-05-29 11:39:35,758 - ForkPoolWorker-8 - INFO - Tokenizing context file: 234996-v2.0.0-mixed
2025-05-29 11:39:35,759 - ForkPoolWorker-10 - INFO - Tokenizing context file: 246118-v2.0.0-mixed
2025-05-29 11:39:35,759 - ForkPoolWorker-3 - INFO - Tokenizing context file: 243361-v2.0.0-mixed
2025-05-29 11:39:35,759 - ForkPoolWorker-6 - INFO - Tokenizing context file: 242042-v2.0.0-mixed
2025-05-29 11:39:35,759 - ForkPoolWorker-2 - INFO - Tokenizing context file: 241744-v2.0.0-mixed
2025-05-29 11:39:35,759 - ForkPoolWorker-8 - INFO - Finished tokenizing 234996-v2.0.0-mixed: 3 centers, 7 frags.
2025-05-29 11:39:35,759 - ForkPoolWorker-10 - INFO - Finished tokenizing 246118-v2.0.0-mixed: 2 centers, 8 frags.
2025-05-29 11:39:35,760 - ForkPoolWorker-2 - INFO - Finished tokenizing 241744-v2.0.0-mixed: 4 centers, 14 frags.
2025-05-29 11:39:35,760 - ForkPoolWorker-3 - INFO - Finished tokenizing 243361-v2.0.0-mixed: 6 centers, 22 frags.
2025-05-29 11:39:35,760 - ForkPoolWorker-6 - INFO - Finished tokenizing 242042-v2.0.0-mixed: 6 centers, 21 frags.
2025-05-29 11:39:35,760 - ForkPoolWorker-12 - INFO - Tokenizing context file: 239540-v2.0.0-mixed
2025-05-29 11:39:35,760 - ForkPoolWorker-1 - INFO - Tokenizing context file: 242209-v2.0.0-mixed
2025-05-29 11:39:35,761 - ForkPoolWorker-9 - INFO - Tokenizing context file: 241831-v2.0.0-mixed
2025-05-29 11:39:35,761 - ForkPoolWorker-4 - INFO - Tokenizing context file: 234394-v2.0.0-mixed
2025-05-29 11:39:35,761 - ForkPoolWorker-5 - INFO - Tokenizing context file: 241885-v2.0.0-mixed
2025-05-29 11:39:35,761 - ForkPoolWorker-7 - INFO - Tokenizing context file: 242457-v2.0.0-mixed
2025-05-29 11:39:35,761 - ForkPoolWorker-11 - INFO - Tokenizing context file: 242528-v2.0.0-mixed
2025-05-29 11:39:35,761 - ForkPoolWorker-8 - INFO - Tokenizing context file: 245084-v2.0.0-mixed
2025-05-29 11:39:35,762 - ForkPoolWorker-4 - INFO - Finished tokenizing 234394-v2.0.0-mixed: 3 centers, 7 frags.
2025-05-29 11:39:35,762 - ForkPoolWorker-9 - INFO - Finished tokenizing 241831-v2.0.0-mixed: 4 centers, 12 frags.
2025-05-29 11:39:35,762 - ForkPoolWorker-12 - INFO - Finished tokenizing 239540-v2.0.0-mixed: 7 centers, 21 frags.
2025-05-29 11:39:35,762 - ForkPoolWorker-7 - INFO - Finished tokenizing 242457-v2.0.0-mixed: 2 centers, 7 frags.
2025-05-29 11:39:35,762 - ForkPoolWorker-8 - INFO - Finished tokenizing 245084-v2.0.0-mixed: 2 centers, 8 frags.
2025-05-29 11:39:35,762 - ForkPoolWorker-2 - INFO - Tokenizing context file: 242480-v2.0.0-mixed
2025-05-29 11:39:35,762 - ForkPoolWorker-3 - INFO - Tokenizing context file: 243146-v2.0.0-mixed
2025-05-29 11:39:35,763 - ForkPoolWorker-4 - INFO - Tokenizing context file: 242849-v2.0.0-mixed
2025-05-29 11:39:35,763 - ForkPoolWorker-6 - INFO - Tokenizing context file: 245271-v2.0.0-mixed
2025-05-29 11:39:35,763 - ForkPoolWorker-11 - INFO - Finished tokenizing 242528-v2.0.0-mixed: 6 centers, 22 frags.
2025-05-29 11:39:35,763 - ForkPoolWorker-1 - INFO - Finished tokenizing 242209-v2.0.0-mixed: 26 centers, 40 frags.
2025-05-29 11:39:35,762 - ForkPoolWorker-10 - INFO - Tokenizing context file: 240616-v2.0.0-mixed
2025-05-29 11:39:35,763 - ForkPoolWorker-12 - INFO - Tokenizing context file: 248624-v2.0.0-mixed
2025-05-29 11:39:35,763 - ForkPoolWorker-9 - INFO - Tokenizing context file: 242701-v2.0.0-mixed
2025-05-29 11:39:35,764 - ForkPoolWorker-6 - INFO - Finished tokenizing 245271-v2.0.0-mixed: 1 centers, 7 frags.
2025-05-29 11:39:35,764 - ForkPoolWorker-2 - INFO - Finished tokenizing 242480-v2.0.0-mixed: 4 centers, 14 frags.
2025-05-29 11:39:35,764 - ForkPoolWorker-7 - INFO - Tokenizing context file: 243337-v2.0.0-mixed
2025-05-29 11:39:35,764 - ForkPoolWorker-3 - INFO - Finished tokenizing 243146-v2.0.0-mixed: 4 centers, 14 frags.
2025-05-29 11:39:35,764 - ForkPoolWorker-6 - INFO - Tokenizing context file: 243304-v2.0.0-mixed
2025-05-29 11:39:35,764 - ForkPoolWorker-2 - INFO - Tokenizing context file: 234132-v2.0.0-mixed
2025-05-29 11:39:35,764 - ForkPoolWorker-8 - INFO - Tokenizing context file: 501045-v1.0.0-bad
2025-05-29 11:39:35,764 - ForkPoolWorker-3 - INFO - Tokenizing context file: 242324-v2.0.0-mixed
2025-05-29 11:39:35,764 - ForkPoolWorker-1 - INFO - Tokenizing context file: 241870-v2.0.0-mixed
2025-05-29 11:39:35,764 - ForkPoolWorker-12 - INFO - Finished tokenizing 248624-v2.0.0-mixed: 1 centers, 7 frags.
2025-05-29 11:39:35,764 - ForkPoolWorker-5 - INFO - Finished tokenizing 241885-v2.0.0-mixed: 6 centers, 36 frags.
2025-05-29 11:39:35,764 - ForkPoolWorker-12 - INFO - Tokenizing context file: 243284-v2.0.0-mixed
2025-05-29 11:39:35,764 - ForkPoolWorker-5 - INFO - Tokenizing context file: 241929-v2.0.0-mixed
2025-05-29 11:39:35,765 - ForkPoolWorker-6 - INFO - Finished tokenizing 243304-v2.0.0-mixed: 4 centers, 12 frags.
2025-05-29 11:39:35,765 - ForkPoolWorker-12 - INFO - Finished tokenizing 243284-v2.0.0-mixed: 1 centers, 2 frags.
2025-05-29 11:39:35,765 - ForkPoolWorker-6 - INFO - Tokenizing context file: 243298-v2.0.0-mixed
2025-05-29 11:39:35,765 - ForkPoolWorker-8 - INFO - Finished tokenizing 501045-v1.0.0-bad: 1 centers, 5 frags.
2025-05-29 11:39:35,765 - ForkPoolWorker-12 - INFO - Tokenizing context file: 242727-v2.0.0-mixed
2025-05-29 11:39:35,765 - ForkPoolWorker-8 - INFO - Tokenizing context file: 501050-v1.0.0-bad
2025-05-29 11:39:35,765 - ForkPoolWorker-2 - INFO - Finished tokenizing 234132-v2.0.0-mixed: 4 centers, 18 frags.
2025-05-29 11:39:35,765 - ForkPoolWorker-9 - INFO - Finished tokenizing 242701-v2.0.0-mixed: 7 centers, 21 frags.
2025-05-29 11:39:35,765 - ForkPoolWorker-10 - INFO - Finished tokenizing 240616-v2.0.0-mixed: 4 centers, 14 frags.
2025-05-29 11:39:35,765 - ForkPoolWorker-2 - INFO - Tokenizing context file: 244228-v2.0.0-mixed
2025-05-29 11:39:35,765 - ForkPoolWorker-10 - INFO - Tokenizing context file: 1963-v1.0.0-good
2025-05-29 11:39:35,766 - ForkPoolWorker-4 - INFO - Finished tokenizing 242849-v2.0.0-mixed: 26 centers, 40 frags.
2025-05-29 11:39:35,766 - ForkPoolWorker-8 - INFO - Finished tokenizing 501050-v1.0.0-bad: 1 centers, 2 frags.
2025-05-29 11:39:35,766 - ForkPoolWorker-3 - INFO - Finished tokenizing 242324-v2.0.0-mixed: 18 centers, 23 frags.
2025-05-29 11:39:35,766 - ForkPoolWorker-4 - INFO - Tokenizing context file: 2013-v1.0.0-bad
2025-05-29 11:39:35,766 - ForkPoolWorker-8 - INFO - Tokenizing context file: 240593-v2.0.0-mixed
2025-05-29 11:39:35,766 - ForkPoolWorker-3 - INFO - Tokenizing context file: 242901-v2.0.0-mixed
2025-05-29 11:39:35,766 - ForkPoolWorker-7 - INFO - Finished tokenizing 243337-v2.0.0-mixed: 4 centers, 14 frags.
2025-05-29 11:39:35,766 - ForkPoolWorker-1 - INFO - Finished tokenizing 241870-v2.0.0-mixed: 7 centers, 27 frags.
2025-05-29 11:39:35,766 - ForkPoolWorker-11 - INFO - Tokenizing context file: 243071-v2.0.0-mixed
2025-05-29 11:39:35,766 - ForkPoolWorker-2 - INFO - Finished tokenizing 244228-v2.0.0-mixed: 2 centers, 8 frags.
2025-05-29 11:39:35,766 - ForkPoolWorker-7 - INFO - Tokenizing context file: 244946-v2.0.0-mixed
2025-05-29 11:39:35,766 - ForkPoolWorker-12 - INFO - Finished tokenizing 242727-v2.0.0-mixed: 4 centers, 13 frags.
2025-05-29 11:39:35,766 - ForkPoolWorker-1 - INFO - Tokenizing context file: 243956-v2.0.0-mixed
2025-05-29 11:39:35,766 - ForkPoolWorker-12 - INFO - Tokenizing context file: 235371-v2.0.0-mixed
2025-05-29 11:39:35,766 - ForkPoolWorker-9 - INFO - Tokenizing context file: 245935-v2.0.0-mixed
2025-05-29 11:39:35,766 - ForkPoolWorker-6 - INFO - Finished tokenizing 243298-v2.0.0-mixed: 6 centers, 22 frags.
2025-05-29 11:39:35,767 - ForkPoolWorker-6 - INFO - Tokenizing context file: 241790-v2.0.0-mixed
2025-05-29 11:39:35,767 - ForkPoolWorker-4 - INFO - Finished tokenizing 2013-v1.0.0-bad: 1 centers, 4 frags.
2025-05-29 11:39:35,766 - ForkPoolWorker-10 - INFO - Finished tokenizing 1963-v1.0.0-good: 2 centers, 8 frags.
2025-05-29 11:39:35,767 - ForkPoolWorker-4 - INFO - Tokenizing context file: 240691-v2.0.0-mixed
2025-05-29 11:39:35,767 - ForkPoolWorker-10 - INFO - Tokenizing context file: 243347-v2.0.0-mixed
2025-05-29 11:39:35,767 - ForkPoolWorker-7 - INFO - Finished tokenizing 244946-v2.0.0-mixed: 2 centers, 10 frags.
2025-05-29 11:39:35,767 - ForkPoolWorker-5 - INFO - Finished tokenizing 241929-v2.0.0-mixed: 4 centers, 13 frags.
2025-05-29 11:39:35,767 - ForkPoolWorker-7 - INFO - Tokenizing context file: 243843-v2.0.0-mixed
2025-05-29 11:39:35,767 - ForkPoolWorker-5 - INFO - Tokenizing context file: 247678-v2.0.0-mixed
2025-05-29 11:39:35,767 - ForkPoolWorker-10 - INFO - Finished tokenizing 243347-v2.0.0-mixed: 1 centers, 2 frags.
2025-05-29 11:39:35,768 - ForkPoolWorker-9 - INFO - Finished tokenizing 245935-v2.0.0-mixed: 1 centers, 7 frags.
2025-05-29 11:39:35,768 - ForkPoolWorker-10 - INFO - Tokenizing context file: 238795-v2.0.0-mixed
2025-05-29 11:39:35,768 - ForkPoolWorker-9 - INFO - Tokenizing context file: 242889-v2.0.0-mixed
2025-05-29 11:39:35,768 - ForkPoolWorker-11 - INFO - Finished tokenizing 243071-v2.0.0-mixed: 6 centers, 17 frags.
2025-05-29 11:39:35,768 - ForkPoolWorker-1 - INFO - Finished tokenizing 243956-v2.0.0-mixed: 5 centers, 16 frags.
2025-05-29 11:39:35,768 - ForkPoolWorker-12 - INFO - Finished tokenizing 235371-v2.0.0-mixed: 1 centers, 5 frags.
2025-05-29 11:39:35,768 - ForkPoolWorker-8 - INFO - Finished tokenizing 240593-v2.0.0-mixed: 6 centers, 28 frags.
2025-05-29 11:39:35,768 - ForkPoolWorker-2 - INFO - Tokenizing context file: 243230-v2.0.0-mixed
2025-05-29 11:39:35,768 - ForkPoolWorker-1 - INFO - Tokenizing context file: 244141-v2.0.0-mixed
2025-05-29 11:39:35,768 - ForkPoolWorker-12 - INFO - Tokenizing context file: 241755-v2.0.0-mixed
2025-05-29 11:39:35,768 - ForkPoolWorker-11 - INFO - Tokenizing context file: 246637-v2.0.0-mixed
2025-05-29 11:39:35,768 - ForkPoolWorker-6 - INFO - Finished tokenizing 241790-v2.0.0-mixed: 4 centers, 19 frags.
2025-05-29 11:39:35,768 - ForkPoolWorker-10 - INFO - Finished tokenizing 238795-v2.0.0-mixed: 2 centers, 7 frags.
2025-05-29 11:39:35,768 - ForkPoolWorker-4 - INFO - Finished tokenizing 240691-v2.0.0-mixed: 4 centers, 15 frags.
2025-05-29 11:39:35,768 - ForkPoolWorker-7 - INFO - Finished tokenizing 243843-v2.0.0-mixed: 4 centers, 12 frags.
2025-05-29 11:39:35,769 - ForkPoolWorker-1 - INFO - Finished tokenizing 244141-v2.0.0-mixed: 2 centers, 8 frags.
2025-05-29 11:39:35,769 - ForkPoolWorker-3 - INFO - Finished tokenizing 242901-v2.0.0-mixed: 6 centers, 20 frags.
2025-05-29 11:39:35,769 - ForkPoolWorker-11 - INFO - Finished tokenizing 246637-v2.0.0-mixed: 2 centers, 8 frags.
2025-05-29 11:39:35,769 - ForkPoolWorker-9 - INFO - Finished tokenizing 242889-v2.0.0-mixed: 4 centers, 13 frags.
2025-05-29 11:39:35,769 - ForkPoolWorker-12 - INFO - Finished tokenizing 241755-v2.0.0-mixed: 6 centers, 20 frags.
2025-05-29 11:39:35,770 - ForkPoolWorker-5 - INFO - Finished tokenizing 247678-v2.0.0-mixed: 2 centers, 9 frags.
2025-05-29 11:39:35,770 - ForkPoolWorker-2 - INFO - Finished tokenizing 243230-v2.0.0-mixed: 6 centers, 27 frags.
2025-05-29 11:39:35,777 - ForkPoolWorker-8 - INFO - Tokenizing context file: 242245-v2.0.0-mixed
2025-05-29 11:39:35,777 - ForkPoolWorker-6 - INFO - Tokenizing context file: 247582-v2.0.0-mixed
2025-05-29 11:39:35,777 - ForkPoolWorker-10 - INFO - Tokenizing context file: 239974-v2.0.0-mixed
2025-05-29 11:39:35,777 - ForkPoolWorker-4 - INFO - Tokenizing context file: 243097-v2.0.0-mixed
2025-05-29 11:39:35,777 - ForkPoolWorker-7 - INFO - Tokenizing context file: 248613-v2.0.0-mixed
2025-05-29 11:39:35,777 - ForkPoolWorker-1 - INFO - Tokenizing context file: 242913-v2.0.0-mixed
2025-05-29 11:39:35,778 - ForkPoolWorker-6 - INFO - Finished tokenizing 247582-v2.0.0-mixed: 2 centers, 8 frags.
2025-05-29 11:39:35,778 - ForkPoolWorker-10 - INFO - Finished tokenizing 239974-v2.0.0-mixed: 0 centers, 0 frags.
2025-05-29 11:39:35,778 - ForkPoolWorker-3 - INFO - Tokenizing context file: 242008-v2.0.0-mixed
2025-05-29 11:39:35,778 - ForkPoolWorker-4 - INFO - Finished tokenizing 243097-v2.0.0-mixed: 2 centers, 6 frags.
2025-05-29 11:39:35,778 - ForkPoolWorker-11 - INFO - Tokenizing context file: 245986-v2.0.0-mixed
2025-05-29 11:39:35,778 - ForkPoolWorker-9 - INFO - Tokenizing context file: 246445-v2.0.0-mixed
2025-05-29 11:39:35,778 - ForkPoolWorker-7 - INFO - Finished tokenizing 248613-v2.0.0-mixed: 3 centers, 8 frags.
2025-05-29 11:39:35,778 - ForkPoolWorker-8 - INFO - Finished tokenizing 242245-v2.0.0-mixed: 7 centers, 21 frags.
2025-05-29 11:39:35,779 - ForkPoolWorker-3 - INFO - Finished tokenizing 242008-v2.0.0-mixed: 2 centers, 9 frags.
2025-05-29 11:39:35,779 - ForkPoolWorker-12 - INFO - Tokenizing context file: 501046-v1.0.0-bad
2025-05-29 11:39:35,779 - ForkPoolWorker-3 - INFO - Tokenizing context file: 500837-v1.0.0-bad
2025-05-29 11:39:35,779 - ForkPoolWorker-5 - INFO - Tokenizing context file: 242803-v2.0.0-mixed
2025-05-29 11:39:35,779 - ForkPoolWorker-11 - INFO - Finished tokenizing 245986-v2.0.0-mixed: 3 centers, 11 frags.
2025-05-29 11:39:35,779 - ForkPoolWorker-9 - INFO - Finished tokenizing 246445-v2.0.0-mixed: 3 centers, 11 frags.
2025-05-29 11:39:35,779 - ForkPoolWorker-2 - INFO - Tokenizing context file: 247093-v2.0.0-mixed
2025-05-29 11:39:35,779 - ForkPoolWorker-10 - INFO - Tokenizing context file: 243103-v2.0.0-mixed
2025-05-29 11:39:35,779 - ForkPoolWorker-11 - INFO - Tokenizing context file: 240830-v2.0.0-mixed
2025-05-29 11:39:35,779 - ForkPoolWorker-4 - INFO - Tokenizing context file: 242382-v2.0.0-mixed
2025-05-29 11:39:35,779 - ForkPoolWorker-12 - INFO - Finished tokenizing 501046-v1.0.0-bad: 1 centers, 5 frags.
2025-05-29 11:39:35,779 - ForkPoolWorker-1 - INFO - Finished tokenizing 242913-v2.0.0-mixed: 26 centers, 40 frags.
2025-05-29 11:39:35,780 - ForkPoolWorker-11 - INFO - Finished tokenizing 240830-v2.0.0-mixed: 1 centers, 2 frags.
2025-05-29 11:39:35,780 - ForkPoolWorker-3 - INFO - Finished tokenizing 500837-v1.0.0-bad: 1 centers, 6 frags.
2025-05-29 11:39:35,780 - ForkPoolWorker-5 - INFO - Finished tokenizing 242803-v2.0.0-mixed: 4 centers, 14 frags.
2025-05-29 11:39:35,780 - ForkPoolWorker-10 - INFO - Finished tokenizing 243103-v2.0.0-mixed: 6 centers, 17 frags.
2025-05-29 11:39:35,780 - ForkPoolWorker-7 - INFO - Tokenizing context file: 501054-v1.0.0-bad
2025-05-29 11:39:35,780 - ForkPoolWorker-6 - INFO - Tokenizing context file: 242597-v2.0.0-mixed
2025-05-29 11:39:35,780 - ForkPoolWorker-9 - INFO - Tokenizing context file: 244509-v2.0.0-mixed
2025-05-29 11:39:35,781 - ForkPoolWorker-4 - INFO - Finished tokenizing 242382-v2.0.0-mixed: 7 centers, 26 frags.
2025-05-29 11:39:35,781 - ForkPoolWorker-7 - INFO - Finished tokenizing 501054-v1.0.0-bad: 0 centers, 0 frags.
2025-05-29 11:39:35,781 - ForkPoolWorker-8 - INFO - Tokenizing context file: 243149-v2.0.0-mixed
2025-05-29 11:39:35,781 - ForkPoolWorker-2 - INFO - Finished tokenizing 247093-v2.0.0-mixed: 5 centers, 29 frags.
2025-05-29 11:39:35,781 - ForkPoolWorker-12 - INFO - Tokenizing context file: 242543-v2.0.0-mixed
2025-05-29 11:39:35,781 - ForkPoolWorker-9 - INFO - Finished tokenizing 244509-v2.0.0-mixed: 3 centers, 11 frags.
2025-05-29 11:39:35,781 - ForkPoolWorker-4 - INFO - Tokenizing context file: 234369-v2.0.0-mixed
2025-05-29 11:39:35,781 - ForkPoolWorker-9 - INFO - Tokenizing context file: 242966-v2.0.0-mixed
2025-05-29 11:39:35,781 - ForkPoolWorker-3 - INFO - Tokenizing context file: 248104-v2.0.0-mixed
2025-05-29 11:39:35,782 - ForkPoolWorker-6 - INFO - Finished tokenizing 242597-v2.0.0-mixed: 7 centers, 23 frags.
2025-05-29 11:39:35,782 - ForkPoolWorker-5 - INFO - Tokenizing context file: 244317-v2.0.0-mixed
2025-05-29 11:39:35,782 - ForkPoolWorker-10 - INFO - Tokenizing context file: 239844-v2.0.0-mixed
2025-05-29 11:39:35,782 - ForkPoolWorker-1 - INFO - Tokenizing context file: 247399-v2.0.0-mixed
2025-05-29 11:39:35,782 - ForkPoolWorker-12 - INFO - Finished tokenizing 242543-v2.0.0-mixed: 4 centers, 16 frags.
2025-05-29 11:39:35,782 - ForkPoolWorker-7 - INFO - Tokenizing context file: 248601-v2.0.0-mixed
2025-05-29 11:39:35,782 - ForkPoolWorker-12 - INFO - Tokenizing context file: 242312-v2.0.0-mixed
2025-05-29 11:39:35,782 - ForkPoolWorker-3 - INFO - Finished tokenizing 248104-v2.0.0-mixed: 1 centers, 7 frags.
2025-05-29 11:39:35,782 - ForkPoolWorker-11 - INFO - Tokenizing context file: 242967-v2.0.0-mixed
2025-05-29 11:39:35,782 - ForkPoolWorker-6 - INFO - Tokenizing context file: 242467-v2.0.0-mixed
2025-05-29 11:39:35,782 - ForkPoolWorker-9 - INFO - Finished tokenizing 242966-v2.0.0-mixed: 2 centers, 9 frags.
2025-05-29 11:39:35,782 - ForkPoolWorker-4 - INFO - Finished tokenizing 234369-v2.0.0-mixed: 3 centers, 10 frags.
2025-05-29 11:39:35,782 - ForkPoolWorker-8 - INFO - Finished tokenizing 243149-v2.0.0-mixed: 7 centers, 27 frags.
2025-05-29 11:39:35,782 - ForkPoolWorker-3 - INFO - Tokenizing context file: 244327-v2.0.0-mixed
2025-05-29 11:39:35,783 - ForkPoolWorker-9 - INFO - Tokenizing context file: 241750-v2.0.0-mixed
2025-05-29 11:39:35,783 - ForkPoolWorker-4 - INFO - Tokenizing context file: 245936-v2.0.0-mixed
2025-05-29 11:39:35,783 - ForkPoolWorker-1 - INFO - Finished tokenizing 247399-v2.0.0-mixed: 1 centers, 7 frags.
2025-05-29 11:39:35,783 - ForkPoolWorker-5 - INFO - Finished tokenizing 244317-v2.0.0-mixed: 3 centers, 8 frags.
2025-05-29 11:39:35,783 - ForkPoolWorker-7 - INFO - Finished tokenizing 248601-v2.0.0-mixed: 4 centers, 10 frags.
2025-05-29 11:39:35,783 - ForkPoolWorker-3 - INFO - Finished tokenizing 244327-v2.0.0-mixed: 1 centers, 7 frags.
2025-05-29 11:39:35,783 - ForkPoolWorker-12 - INFO - Finished tokenizing 242312-v2.0.0-mixed: 4 centers, 12 frags.
2025-05-29 11:39:35,783 - ForkPoolWorker-9 - INFO - Finished tokenizing 241750-v2.0.0-mixed: 2 centers, 9 frags.
2025-05-29 11:39:35,783 - ForkPoolWorker-4 - INFO - Finished tokenizing 245936-v2.0.0-mixed: 1 centers, 7 frags.
2025-05-29 11:39:35,783 - ForkPoolWorker-6 - INFO - Finished tokenizing 242467-v2.0.0-mixed: 4 centers, 14 frags.
2025-05-29 11:39:35,784 - ForkPoolWorker-10 - INFO - Finished tokenizing 239844-v2.0.0-mixed: 4 centers, 14 frags.
2025-05-29 11:39:35,784 - ForkPoolWorker-11 - INFO - Finished tokenizing 242967-v2.0.0-mixed: 2 centers, 9 frags.
2025-05-29 11:39:35,784 - ForkPoolWorker-8 - INFO - Tokenizing context file: 243348-v2.0.0-mixed
2025-05-29 11:39:35,784 - ForkPoolWorker-8 - INFO - Finished tokenizing 243348-v2.0.0-mixed: 1 centers, 2 frags.
2025-05-29 11:39:35,785 - ForkPoolWorker-2 - INFO - Tokenizing context file: 242368-v2.0.0-mixed
2025-05-29 11:39:35,785 - ForkPoolWorker-1 - INFO - Tokenizing context file: 2021-v1.0.0-bad
2025-05-29 11:39:35,785 - ForkPoolWorker-5 - INFO - Tokenizing context file: 243380-v2.0.0-mixed
2025-05-29 11:39:35,785 - ForkPoolWorker-1 - INFO - Finished tokenizing 2021-v1.0.0-bad: 1 centers, 5 frags.
2025-05-29 11:39:35,786 - ForkPoolWorker-5 - INFO - Finished tokenizing 243380-v2.0.0-mixed: 1 centers, 2 frags.
2025-05-29 11:39:35,786 - ForkPoolWorker-7 - INFO - Tokenizing context file: 235788-v2.0.0-mixed
2025-05-29 11:39:35,786 - ForkPoolWorker-3 - INFO - Tokenizing context file: 239042-v2.0.0-mixed
2025-05-29 11:39:35,786 - ForkPoolWorker-12 - INFO - Tokenizing context file: 243954-v2.0.0-mixed
2025-05-29 11:39:35,786 - ForkPoolWorker-9 - INFO - Tokenizing context file: 235254-v2.0.0-mixed
2025-05-29 11:39:35,786 - ForkPoolWorker-4 - INFO - Tokenizing context file: 243946-v2.0.0-mixed
2025-05-29 11:39:35,786 - ForkPoolWorker-6 - INFO - Tokenizing context file: 245649-v2.0.0-mixed
2025-05-29 11:39:35,786 - ForkPoolWorker-10 - INFO - Tokenizing context file: 242017-v2.0.0-mixed
2025-05-29 11:39:35,786 - ForkPoolWorker-11 - INFO - Tokenizing context file: 501037-v1.0.0-bad
2025-05-29 11:39:35,786 - ForkPoolWorker-8 - INFO - Tokenizing context file: 242476-v2.0.0-mixed
2025-05-29 11:39:35,787 - ForkPoolWorker-11 - INFO - Finished tokenizing 501037-v1.0.0-bad: 1 centers, 5 frags.
2025-05-29 11:39:35,787 - ForkPoolWorker-6 - INFO - Finished tokenizing 245649-v2.0.0-mixed: 2 centers, 8 frags.
2025-05-29 11:39:35,787 - ForkPoolWorker-3 - INFO - Finished tokenizing 239042-v2.0.0-mixed: 2 centers, 7 frags.
2025-05-29 11:39:35,787 - ForkPoolWorker-7 - INFO - Finished tokenizing 235788-v2.0.0-mixed: 3 centers, 15 frags.
2025-05-29 11:39:35,787 - ForkPoolWorker-9 - INFO - Finished tokenizing 235254-v2.0.0-mixed: 3 centers, 15 frags.
2025-05-29 11:39:35,787 - ForkPoolWorker-12 - INFO - Finished tokenizing 243954-v2.0.0-mixed: 13 centers, 22 frags.
2025-05-29 11:39:35,787 - ForkPoolWorker-1 - INFO - Tokenizing context file: 242538-v2.0.0-mixed
2025-05-29 11:39:35,787 - ForkPoolWorker-2 - INFO - Finished tokenizing 242368-v2.0.0-mixed: 6 centers, 37 frags.
2025-05-29 11:39:35,787 - ForkPoolWorker-5 - INFO - Tokenizing context file: 247257-v2.0.0-mixed
2025-05-29 11:39:35,787 - ForkPoolWorker-6 - INFO - Tokenizing context file: 247149-v2.0.0-mixed
2025-05-29 11:39:35,787 - ForkPoolWorker-3 - INFO - Tokenizing context file: 243384-v2.0.0-mixed
2025-05-29 11:39:35,787 - ForkPoolWorker-9 - INFO - Tokenizing context file: 248343-v2.0.0-mixed
2025-05-29 11:39:35,787 - ForkPoolWorker-2 - INFO - Tokenizing context file: 1522-v1.0.0-bad
2025-05-29 11:39:35,787 - ForkPoolWorker-7 - INFO - Tokenizing context file: 242717-v2.0.0-mixed
2025-05-29 11:39:35,788 - ForkPoolWorker-12 - INFO - Tokenizing context file: 247513-v2.0.0-mixed
2025-05-29 11:39:35,788 - ForkPoolWorker-11 - INFO - Tokenizing context file: 242490-v2.0.0-mixed
2025-05-29 11:39:35,788 - ForkPoolWorker-8 - INFO - Finished tokenizing 242476-v2.0.0-mixed: 7 centers, 25 frags.
2025-05-29 11:39:35,788 - ForkPoolWorker-4 - INFO - Finished tokenizing 243946-v2.0.0-mixed: 6 centers, 32 frags.
2025-05-29 11:39:35,788 - ForkPoolWorker-3 - INFO - Finished tokenizing 243384-v2.0.0-mixed: 2 centers, 6 frags.
2025-05-29 11:39:35,788 - ForkPoolWorker-5 - INFO - Finished tokenizing 247257-v2.0.0-mixed: 2 centers, 6 frags.
2025-05-29 11:39:35,788 - ForkPoolWorker-6 - INFO - Finished tokenizing 247149-v2.0.0-mixed: 3 centers, 8 frags.
2025-05-29 11:39:35,788 - ForkPoolWorker-2 - INFO - Finished tokenizing 1522-v1.0.0-bad: 2 centers, 5 frags.
2025-05-29 11:39:35,788 - ForkPoolWorker-9 - INFO - Finished tokenizing 248343-v2.0.0-mixed: 1 centers, 7 frags.
2025-05-29 11:39:35,788 - ForkPoolWorker-12 - INFO - Finished tokenizing 247513-v2.0.0-mixed: 3 centers, 8 frags.
2025-05-29 11:39:35,788 - ForkPoolWorker-1 - INFO - Finished tokenizing 242538-v2.0.0-mixed: 7 centers, 19 frags.
2025-05-29 11:39:35,789 - ForkPoolWorker-10 - INFO - Finished tokenizing 242017-v2.0.0-mixed: 26 centers, 40 frags.
2025-05-29 11:39:35,789 - ForkPoolWorker-7 - INFO - Finished tokenizing 242717-v2.0.0-mixed: 6 centers, 21 frags.
2025-05-29 11:39:35,789 - ForkPoolWorker-8 - INFO - Tokenizing context file: 248622-v2.0.0-mixed
2025-05-29 11:39:35,789 - ForkPoolWorker-11 - INFO - Finished tokenizing 242490-v2.0.0-mixed: 6 centers, 28 frags.
2025-05-29 11:39:35,790 - ForkPoolWorker-8 - INFO - Finished tokenizing 248622-v2.0.0-mixed: 2 centers, 11 frags.
2025-05-29 11:39:35,790 - ForkPoolWorker-4 - INFO - Tokenizing context file: 248720-v2.0.0-mixed
2025-05-29 11:39:35,790 - ForkPoolWorker-3 - INFO - Tokenizing context file: 242886-v2.0.0-mixed
2025-05-29 11:39:35,790 - ForkPoolWorker-6 - INFO - Tokenizing context file: 242180-v2.0.0-mixed
2025-05-29 11:39:35,791 - ForkPoolWorker-2 - INFO - Tokenizing context file: 241799-v2.0.0-mixed
2025-05-29 11:39:35,791 - ForkPoolWorker-9 - INFO - Tokenizing context file: 243406-v2.0.0-mixed
2025-05-29 11:39:35,791 - ForkPoolWorker-12 - INFO - Tokenizing context file: 500973-v1.0.0-bad
2025-05-29 11:39:35,791 - ForkPoolWorker-4 - INFO - Finished tokenizing 248720-v2.0.0-mixed: 1 centers, 5 frags.
2025-05-29 11:39:35,791 - ForkPoolWorker-5 - INFO - Tokenizing context file: 243402-v2.0.0-mixed
2025-05-29 11:39:35,791 - ForkPoolWorker-3 - INFO - Finished tokenizing 242886-v2.0.0-mixed: 4 centers, 14 frags.
2025-05-29 11:39:35,792 - ForkPoolWorker-12 - INFO - Finished tokenizing 500973-v1.0.0-bad: 2 centers, 7 frags.
2025-05-29 11:39:35,792 - ForkPoolWorker-4 - INFO - Tokenizing context file: 242756-v2.0.0-mixed
2025-05-29 11:39:35,792 - ForkPoolWorker-10 - INFO - Tokenizing context file: 500766-v1.0.0-bad
2025-05-29 11:39:35,792 - ForkPoolWorker-2 - INFO - Finished tokenizing 241799-v2.0.0-mixed: 4 centers, 16 frags.
2025-05-29 11:39:35,792 - ForkPoolWorker-7 - INFO - Tokenizing context file: 246829-v2.0.0-mixed
2025-05-29 11:39:35,792 - ForkPoolWorker-6 - INFO - Finished tokenizing 242180-v2.0.0-mixed: 5 centers, 17 frags.
2025-05-29 11:39:35,792 - ForkPoolWorker-9 - INFO - Finished tokenizing 243406-v2.0.0-mixed: 7 centers, 26 frags.
2025-05-29 11:39:35,793 - ForkPoolWorker-10 - INFO - Finished tokenizing 500766-v1.0.0-bad: 1 centers, 5 frags.
2025-05-29 11:39:35,793 - ForkPoolWorker-5 - INFO - Finished tokenizing 243402-v2.0.0-mixed: 4 centers, 14 frags.
2025-05-29 11:39:35,793 - ForkPoolWorker-4 - INFO - Finished tokenizing 242756-v2.0.0-mixed: 5 centers, 17 frags.
2025-05-29 11:39:35,793 - ForkPoolWorker-7 - INFO - Finished tokenizing 246829-v2.0.0-mixed: 2 centers, 11 frags.
2025-05-29 11:39:35,794 - ForkPoolWorker-8 - INFO - Tokenizing context file: 242962-v2.0.0-mixed
2025-05-29 11:39:35,794 - ForkPoolWorker-11 - INFO - Tokenizing context file: 242780-v2.0.0-mixed
2025-05-29 11:39:35,794 - ForkPoolWorker-1 - INFO - Tokenizing context file: 241738-v2.0.0-mixed
2025-05-29 11:39:35,794 - ForkPoolWorker-3 - INFO - Tokenizing context file: 245466-v2.0.0-mixed
2025-05-29 11:39:35,794 - ForkPoolWorker-12 - INFO - Tokenizing context file: 244186-v2.0.0-mixed
2025-05-29 11:39:35,794 - ForkPoolWorker-6 - INFO - Tokenizing context file: 243237-v2.0.0-mixed
2025-05-29 11:39:35,794 - ForkPoolWorker-2 - INFO - Tokenizing context file: 239577-v2.0.0-mixed
2025-05-29 11:39:35,795 - ForkPoolWorker-8 - INFO - Finished tokenizing 242962-v2.0.0-mixed: 1 centers, 2 frags.
2025-05-29 11:39:35,795 - ForkPoolWorker-12 - INFO - Finished tokenizing 244186-v2.0.0-mixed: 2 centers, 8 frags.
2025-05-29 11:39:35,795 - ForkPoolWorker-2 - INFO - Finished tokenizing 239577-v2.0.0-mixed: 0 centers, 0 frags.
2025-05-29 11:39:35,795 - ForkPoolWorker-3 - INFO - Finished tokenizing 245466-v2.0.0-mixed: 2 centers, 10 frags.
2025-05-29 11:39:35,795 - ForkPoolWorker-1 - INFO - Finished tokenizing 241738-v2.0.0-mixed: 7 centers, 19 frags.
2025-05-29 11:39:35,795 - ForkPoolWorker-11 - INFO - Finished tokenizing 242780-v2.0.0-mixed: 6 centers, 24 frags.
2025-05-29 11:39:35,795 - ForkPoolWorker-6 - INFO - Finished tokenizing 243237-v2.0.0-mixed: 4 centers, 17 frags.
2025-05-29 11:39:35,795 - ForkPoolWorker-9 - INFO - Tokenizing context file: 242156-v2.0.0-mixed
2025-05-29 11:39:35,795 - ForkPoolWorker-10 - INFO - Tokenizing context file: 243115-v2.0.0-mixed
2025-05-29 11:39:35,796 - ForkPoolWorker-4 - INFO - Tokenizing context file: 242629-v2.0.0-mixed
2025-05-29 11:39:35,796 - ForkPoolWorker-5 - INFO - Tokenizing context file: 244896-v2.0.0-mixed
2025-05-29 11:39:35,796 - ForkPoolWorker-7 - INFO - Tokenizing context file: 500739-v1.0.0-bad
2025-05-29 11:39:35,796 - ForkPoolWorker-8 - INFO - Tokenizing context file: 243336-v2.0.0-mixed
2025-05-29 11:39:35,796 - ForkPoolWorker-12 - INFO - Tokenizing context file: 244729-v2.0.0-mixed
2025-05-29 11:39:35,796 - ForkPoolWorker-2 - INFO - Tokenizing context file: 244165-v2.0.0-mixed
2025-05-29 11:39:35,796 - ForkPoolWorker-3 - INFO - Tokenizing context file: 235517-v2.0.0-mixed
2025-05-29 11:39:35,796 - ForkPoolWorker-1 - INFO - Tokenizing context file: 242370-v2.0.0-mixed
2025-05-29 11:39:35,796 - ForkPoolWorker-7 - INFO - Finished tokenizing 500739-v1.0.0-bad: 1 centers, 4 frags.
2025-05-29 11:39:35,797 - ForkPoolWorker-7 - INFO - Tokenizing context file: 240887-v2.0.0-mixed
2025-05-29 11:39:35,797 - ForkPoolWorker-11 - INFO - Tokenizing context file: 242378-v2.0.0-mixed
2025-05-29 11:39:35,797 - ForkPoolWorker-5 - INFO - Finished tokenizing 244896-v2.0.0-mixed: 1 centers, 5 frags.
2025-05-29 11:39:35,797 - ForkPoolWorker-10 - INFO - Finished tokenizing 243115-v2.0.0-mixed: 4 centers, 17 frags.
2025-05-29 11:39:35,797 - ForkPoolWorker-2 - INFO - Finished tokenizing 244165-v2.0.0-mixed: 4 centers, 6 frags.
2025-05-29 11:39:35,797 - ForkPoolWorker-8 - INFO - Finished tokenizing 243336-v2.0.0-mixed: 4 centers, 12 frags.
2025-05-29 11:39:35,797 - ForkPoolWorker-12 - INFO - Finished tokenizing 244729-v2.0.0-mixed: 3 centers, 9 frags.
2025-05-29 11:39:35,797 - ForkPoolWorker-3 - INFO - Finished tokenizing 235517-v2.0.0-mixed: 4 centers, 12 frags.
2025-05-29 11:39:35,797 - ForkPoolWorker-4 - INFO - Finished tokenizing 242629-v2.0.0-mixed: 7 centers, 21 frags.
2025-05-29 11:39:35,797 - ForkPoolWorker-9 - INFO - Finished tokenizing 242156-v2.0.0-mixed: 7 centers, 27 frags.
2025-05-29 11:39:35,797 - ForkPoolWorker-7 - INFO - Finished tokenizing 240887-v2.0.0-mixed: 2 centers, 7 frags.
2025-05-29 11:39:35,798 - ForkPoolWorker-1 - INFO - Finished tokenizing 242370-v2.0.0-mixed: 10 centers, 19 frags.
2025-05-29 11:39:35,798 - ForkPoolWorker-11 - INFO - Finished tokenizing 242378-v2.0.0-mixed: 7 centers, 21 frags.
2025-05-29 11:39:35,799 - ForkPoolWorker-5 - INFO - Tokenizing context file: 1982-v1.0.0-good
2025-05-29 11:39:35,799 - ForkPoolWorker-10 - INFO - Tokenizing context file: 243593-v2.0.0-mixed
2025-05-29 11:39:35,799 - ForkPoolWorker-2 - INFO - Tokenizing context file: 500953-v1.0.0-bad
2025-05-29 11:39:35,799 - ForkPoolWorker-8 - INFO - Tokenizing context file: 241845-v2.0.0-mixed
2025-05-29 11:39:35,799 - ForkPoolWorker-2 - INFO - Finished tokenizing 500953-v1.0.0-bad: 2 centers, 4 frags.
2025-05-29 11:39:35,800 - ForkPoolWorker-5 - INFO - Finished tokenizing 1982-v1.0.0-good: 2 centers, 9 frags.
2025-05-29 11:39:35,800 - ForkPoolWorker-10 - INFO - Finished tokenizing 243593-v2.0.0-mixed: 3 centers, 10 frags.
2025-05-29 11:39:35,800 - ForkPoolWorker-8 - INFO - Finished tokenizing 241845-v2.0.0-mixed: 6 centers, 20 frags.
2025-05-29 11:39:35,800 - ForkPoolWorker-12 - INFO - Tokenizing context file: 242991-v2.0.0-mixed
2025-05-29 11:39:35,800 - ForkPoolWorker-3 - INFO - Tokenizing context file: 2039-v1.0.0-good
2025-05-29 11:39:35,800 - ForkPoolWorker-6 - INFO - Tokenizing context file: 242850-v2.0.0-mixed
2025-05-29 11:39:35,801 - ForkPoolWorker-3 - INFO - Finished tokenizing 2039-v1.0.0-good: 1 centers, 5 frags.
2025-05-29 11:39:35,801 - ForkPoolWorker-12 - INFO - Finished tokenizing 242991-v2.0.0-mixed: 4 centers, 16 frags.
2025-05-29 11:39:35,801 - ForkPoolWorker-6 - INFO - Finished tokenizing 242850-v2.0.0-mixed: 10 centers, 19 frags.
2025-05-29 11:39:35,802 - ForkPoolWorker-4 - INFO - Tokenizing context file: 242299-v2.0.0-mixed
2025-05-29 11:39:35,802 - ForkPoolWorker-9 - INFO - Tokenizing context file: 234124-v2.0.0-mixed
2025-05-29 11:39:35,802 - ForkPoolWorker-7 - INFO - Tokenizing context file: 242969-v2.0.0-mixed
2025-05-29 11:39:35,802 - ForkPoolWorker-1 - INFO - Tokenizing context file: 242710-v2.0.0-mixed
2025-05-29 11:39:35,803 - ForkPoolWorker-11 - INFO - Tokenizing context file: 241973-v2.0.0-mixed
2025-05-29 11:39:35,803 - ForkPoolWorker-2 - INFO - Tokenizing context file: 246953-v2.0.0-mixed
2025-05-29 11:39:35,803 - ForkPoolWorker-5 - INFO - Tokenizing context file: 243069-v2.0.0-mixed
2025-05-29 11:39:35,803 - ForkPoolWorker-10 - INFO - Tokenizing context file: 238878-v2.0.0-mixed
2025-05-29 11:39:35,803 - ForkPoolWorker-4 - INFO - Finished tokenizing 242299-v2.0.0-mixed: 6 centers, 24 frags.
2025-05-29 11:39:35,803 - ForkPoolWorker-1 - INFO - Finished tokenizing 242710-v2.0.0-mixed: 2 centers, 9 frags.
2025-05-29 11:39:35,803 - ForkPoolWorker-7 - INFO - Finished tokenizing 242969-v2.0.0-mixed: 2 centers, 9 frags.
2025-05-29 11:39:35,804 - ForkPoolWorker-8 - INFO - Tokenizing context file: 245462-v2.0.0-mixed
2025-05-29 11:39:35,804 - ForkPoolWorker-10 - INFO - Finished tokenizing 238878-v2.0.0-mixed: 2 centers, 7 frags.
2025-05-29 11:39:35,804 - ForkPoolWorker-2 - INFO - Finished tokenizing 246953-v2.0.0-mixed: 3 centers, 9 frags.
2025-05-29 11:39:35,804 - ForkPoolWorker-3 - INFO - Tokenizing context file: 243234-v2.0.0-mixed
2025-05-29 11:39:35,804 - ForkPoolWorker-12 - INFO - Tokenizing context file: 242411-v2.0.0-mixed
2025-05-29 11:39:35,804 - ForkPoolWorker-9 - INFO - Finished tokenizing 234124-v2.0.0-mixed: 31 centers, 51 frags.
2025-05-29 11:39:35,804 - ForkPoolWorker-11 - INFO - Finished tokenizing 241973-v2.0.0-mixed: 6 centers, 32 frags.
2025-05-29 11:39:35,804 - ForkPoolWorker-5 - INFO - Finished tokenizing 243069-v2.0.0-mixed: 6 centers, 27 frags.
2025-05-29 11:39:35,804 - ForkPoolWorker-8 - INFO - Finished tokenizing 245462-v2.0.0-mixed: 2 centers, 10 frags.
2025-05-29 11:39:35,805 - ForkPoolWorker-6 - INFO - Tokenizing context file: 244357-v2.0.0-mixed
2025-05-29 11:39:35,805 - ForkPoolWorker-4 - INFO - Tokenizing context file: 242192-v2.0.0-mixed
2025-05-29 11:39:35,805 - ForkPoolWorker-3 - INFO - Finished tokenizing 243234-v2.0.0-mixed: 6 centers, 22 frags.
2025-05-29 11:39:35,805 - ForkPoolWorker-12 - INFO - Finished tokenizing 242411-v2.0.0-mixed: 7 centers, 25 frags.
2025-05-29 11:39:35,806 - ForkPoolWorker-4 - INFO - Finished tokenizing 242192-v2.0.0-mixed: 4 centers, 14 frags.
2025-05-29 11:39:35,806 - ForkPoolWorker-6 - INFO - Finished tokenizing 244357-v2.0.0-mixed: 6 centers, 19 frags.
2025-05-29 11:39:35,806 - ForkPoolWorker-7 - INFO - Tokenizing context file: 240419-v2.0.0-mixed
2025-05-29 11:39:35,806 - ForkPoolWorker-6 - INFO - Tokenizing context file: 246253-v2.0.0-mixed
2025-05-29 11:39:35,806 - ForkPoolWorker-1 - INFO - Tokenizing context file: 243302-v2.0.0-mixed
2025-05-29 11:39:35,806 - ForkPoolWorker-2 - INFO - Tokenizing context file: 239082-v2.0.0-mixed
2025-05-29 11:39:35,806 - ForkPoolWorker-9 - INFO - Tokenizing context file: 234226-v2.0.0-mixed
2025-05-29 11:39:35,807 - ForkPoolWorker-6 - INFO - Finished tokenizing 246253-v2.0.0-mixed: 3 centers, 8 frags.
2025-05-29 11:39:35,807 - ForkPoolWorker-2 - INFO - Finished tokenizing 239082-v2.0.0-mixed: 2 centers, 7 frags.
2025-05-29 11:39:35,807 - ForkPoolWorker-9 - INFO - Finished tokenizing 234226-v2.0.0-mixed: 3 centers, 8 frags.
2025-05-29 11:39:35,807 - ForkPoolWorker-5 - INFO - Tokenizing context file: 500814-v1.0.0-bad
2025-05-29 11:39:35,807 - ForkPoolWorker-7 - INFO - Finished tokenizing 240419-v2.0.0-mixed: 5 centers, 18 frags.
2025-05-29 11:39:35,807 - ForkPoolWorker-1 - INFO - Finished tokenizing 243302-v2.0.0-mixed: 6 centers, 23 frags.
2025-05-29 11:39:35,808 - ForkPoolWorker-5 - INFO - Finished tokenizing 500814-v1.0.0-bad: 1 centers, 4 frags.
2025-05-29 11:39:35,808 - ForkPoolWorker-11 - INFO - Tokenizing context file: 241934-v2.0.0-mixed
2025-05-29 11:39:35,808 - ForkPoolWorker-8 - INFO - Tokenizing context file: 243510-v2.0.0-mixed
2025-05-29 11:39:35,808 - ForkPoolWorker-3 - INFO - Tokenizing context file: 245743-v2.0.0-mixed
2025-05-29 11:39:35,808 - ForkPoolWorker-12 - INFO - Tokenizing context file: 247233-v2.0.0-mixed
2025-05-29 11:39:35,809 - ForkPoolWorker-4 - INFO - Tokenizing context file: 241860-v2.0.0-mixed
2025-05-29 11:39:35,809 - ForkPoolWorker-6 - INFO - Tokenizing context file: 243452-v2.0.0-mixed
2025-05-29 11:39:35,809 - ForkPoolWorker-10 - INFO - Tokenizing context file: 242496-v2.0.0-mixed
2025-05-29 11:39:35,809 - ForkPoolWorker-3 - INFO - Finished tokenizing 245743-v2.0.0-mixed: 1 centers, 5 frags.
2025-05-29 11:39:35,809 - ForkPoolWorker-12 - INFO - Finished tokenizing 247233-v2.0.0-mixed: 3 centers, 9 frags.
2025-05-29 11:39:35,809 - ForkPoolWorker-8 - INFO - Finished tokenizing 243510-v2.0.0-mixed: 6 centers, 9 frags.
2025-05-29 11:39:35,809 - ForkPoolWorker-2 - INFO - Tokenizing context file: 243368-v2.0.0-mixed
2025-05-29 11:39:35,809 - ForkPoolWorker-9 - INFO - Tokenizing context file: 243037-v2.0.0-mixed
2025-05-29 11:39:35,810 - ForkPoolWorker-11 - INFO - Finished tokenizing 241934-v2.0.0-mixed: 7 centers, 27 frags.
2025-05-29 11:39:35,810 - ForkPoolWorker-6 - INFO - Finished tokenizing 243452-v2.0.0-mixed: 6 centers, 17 frags.
2025-05-29 11:39:35,810 - ForkPoolWorker-2 - INFO - Finished tokenizing 243368-v2.0.0-mixed: 4 centers, 12 frags.
2025-05-29 11:39:35,810 - ForkPoolWorker-4 - INFO - Finished tokenizing 241860-v2.0.0-mixed: 5 centers, 17 frags.
2025-05-29 11:39:35,811 - ForkPoolWorker-10 - INFO - Finished tokenizing 242496-v2.0.0-mixed: 6 centers, 26 frags.
2025-05-29 11:39:35,811 - ForkPoolWorker-3 - INFO - Tokenizing context file: 245791-v2.0.0-mixed
2025-05-29 11:39:35,811 - ForkPoolWorker-7 - INFO - Tokenizing context file: 243391-v2.0.0-mixed
2025-05-29 11:39:35,811 - ForkPoolWorker-5 - INFO - Tokenizing context file: 500915-v1.0.0-bad
2025-05-29 11:39:35,811 - ForkPoolWorker-9 - INFO - Finished tokenizing 243037-v2.0.0-mixed: 6 centers, 36 frags.
2025-05-29 11:39:35,811 - ForkPoolWorker-1 - INFO - Tokenizing context file: 248057-v2.0.0-mixed
2025-05-29 11:39:35,811 - ForkPoolWorker-12 - INFO - Tokenizing context file: 235021-v2.0.0-mixed
2025-05-29 11:39:35,811 - ForkPoolWorker-8 - INFO - Tokenizing context file: 241801-v2.0.0-mixed
2025-05-29 11:39:35,812 - ForkPoolWorker-3 - INFO - Finished tokenizing 245791-v2.0.0-mixed: 1 centers, 7 frags.
2025-05-29 11:39:35,812 - ForkPoolWorker-5 - INFO - Finished tokenizing 500915-v1.0.0-bad: 1 centers, 6 frags.
2025-05-29 11:39:35,812 - ForkPoolWorker-7 - INFO - Finished tokenizing 243391-v2.0.0-mixed: 6 centers, 17 frags.
2025-05-29 11:39:35,812 - ForkPoolWorker-12 - INFO - Finished tokenizing 235021-v2.0.0-mixed: 3 centers, 6 frags.
2025-05-29 11:39:35,812 - ForkPoolWorker-1 - INFO - Finished tokenizing 248057-v2.0.0-mixed: 2 centers, 8 frags.
2025-05-29 11:39:35,813 - ForkPoolWorker-8 - INFO - Finished tokenizing 241801-v2.0.0-mixed: 4 centers, 16 frags.
2025-05-29 11:39:35,813 - ForkPoolWorker-11 - INFO - Tokenizing context file: 1492-v1.0.0-bad
2025-05-29 11:39:35,813 - ForkPoolWorker-6 - INFO - Tokenizing context file: 246454-v2.0.0-mixed
2025-05-29 11:39:35,813 - ForkPoolWorker-11 - INFO - Finished tokenizing 1492-v1.0.0-bad: 1 centers, 4 frags.
2025-05-29 11:39:35,814 - ForkPoolWorker-2 - INFO - Tokenizing context file: 244597-v2.0.0-mixed
2025-05-29 11:39:35,814 - ForkPoolWorker-6 - INFO - Finished tokenizing 246454-v2.0.0-mixed: 2 centers, 10 frags.
2025-05-29 11:39:35,814 - ForkPoolWorker-4 - INFO - Tokenizing context file: 246029-v2.0.0-mixed
2025-05-29 11:39:35,814 - ForkPoolWorker-10 - INFO - Tokenizing context file: 234201-v2.0.0-mixed
2025-05-29 11:39:35,814 - ForkPoolWorker-4 - INFO - Finished tokenizing 246029-v2.0.0-mixed: 2 centers, 8 frags.
2025-05-29 11:39:35,815 - ForkPoolWorker-9 - INFO - Tokenizing context file: 242001-v2.0.0-mixed
2025-05-29 11:39:35,815 - ForkPoolWorker-3 - INFO - Tokenizing context file: 244802-v2.0.0-mixed
2025-05-29 11:39:35,815 - ForkPoolWorker-10 - INFO - Finished tokenizing 234201-v2.0.0-mixed: 2 centers, 7 frags.
2025-05-29 11:39:35,815 - ForkPoolWorker-2 - INFO - Finished tokenizing 244597-v2.0.0-mixed: 5 centers, 29 frags.
2025-05-29 11:39:35,815 - ForkPoolWorker-9 - INFO - Finished tokenizing 242001-v2.0.0-mixed: 1 centers, 2 frags.
2025-05-29 11:39:35,816 - ForkPoolWorker-3 - INFO - Finished tokenizing 244802-v2.0.0-mixed: 2 centers, 10 frags.
2025-05-29 11:39:35,816 - ForkPoolWorker-5 - INFO - Tokenizing context file: 243990-v2.0.0-mixed
2025-05-29 11:39:35,816 - ForkPoolWorker-7 - INFO - Tokenizing context file: 234765-v2.0.0-mixed
2025-05-29 11:39:35,816 - ForkPoolWorker-12 - INFO - Tokenizing context file: 248246-v2.0.0-mixed
2025-05-29 11:39:35,816 - ForkPoolWorker-1 - INFO - Tokenizing context file: 247189-v2.0.0-mixed
2025-05-29 11:39:35,817 - ForkPoolWorker-7 - INFO - Finished tokenizing 234765-v2.0.0-mixed: 3 centers, 10 frags.
2025-05-29 11:39:35,817 - ForkPoolWorker-5 - INFO - Finished tokenizing 243990-v2.0.0-mixed: 4 centers, 12 frags.
2025-05-29 11:39:35,817 - ForkPoolWorker-12 - INFO - Finished tokenizing 248246-v2.0.0-mixed: 2 centers, 11 frags.
2025-05-29 11:39:35,817 - ForkPoolWorker-8 - INFO - Tokenizing context file: 242120-v2.0.0-mixed
2025-05-29 11:39:35,817 - ForkPoolWorker-11 - INFO - Tokenizing context file: 241911-v2.0.0-mixed
2025-05-29 11:39:35,817 - ForkPoolWorker-6 - INFO - Tokenizing context file: 500805-v1.0.0-bad
2025-05-29 11:39:35,817 - ForkPoolWorker-4 - INFO - Tokenizing context file: 242867-v2.0.0-mixed
2025-05-29 11:39:35,817 - ForkPoolWorker-10 - INFO - Tokenizing context file: 242354-v2.0.0-mixed
2025-05-29 11:39:35,818 - ForkPoolWorker-1 - INFO - Finished tokenizing 247189-v2.0.0-mixed: 5 centers, 32 frags.
2025-05-29 11:39:35,818 - ForkPoolWorker-2 - INFO - Tokenizing context file: 501026-v1.0.0-bad
2025-05-29 11:39:35,818 - ForkPoolWorker-9 - INFO - Tokenizing context file: 242697-v2.0.0-mixed
2025-05-29 11:39:35,818 - ForkPoolWorker-3 - INFO - Tokenizing context file: 244378-v2.0.0-mixed
2025-05-29 11:39:35,818 - ForkPoolWorker-10 - INFO - Finished tokenizing 242354-v2.0.0-mixed: 1 centers, 2 frags.
2025-05-29 11:39:35,818 - ForkPoolWorker-6 - INFO - Finished tokenizing 500805-v1.0.0-bad: 1 centers, 4 frags.
2025-05-29 11:39:35,818 - ForkPoolWorker-11 - INFO - Finished tokenizing 241911-v2.0.0-mixed: 2 centers, 9 frags.
2025-05-29 11:39:35,818 - ForkPoolWorker-8 - INFO - Finished tokenizing 242120-v2.0.0-mixed: 4 centers, 12 frags.
2025-05-29 11:39:35,819 - ForkPoolWorker-2 - INFO - Finished tokenizing 501026-v1.0.0-bad: 1 centers, 4 frags.
2025-05-29 11:39:35,819 - ForkPoolWorker-4 - INFO - Finished tokenizing 242867-v2.0.0-mixed: 4 centers, 14 frags.
2025-05-29 11:39:35,819 - ForkPoolWorker-9 - INFO - Finished tokenizing 242697-v2.0.0-mixed: 4 centers, 13 frags.
2025-05-29 11:39:35,819 - ForkPoolWorker-1 - INFO - Tokenizing context file: 235601-v2.0.0-mixed
2025-05-29 11:39:35,819 - ForkPoolWorker-5 - INFO - Tokenizing context file: 242443-v2.0.0-mixed
2025-05-29 11:39:35,819 - ForkPoolWorker-3 - INFO - Finished tokenizing 244378-v2.0.0-mixed: 3 centers, 13 frags.
2025-05-29 11:39:35,820 - ForkPoolWorker-12 - INFO - Tokenizing context file: 234728-v2.0.0-mixed
2025-05-29 11:39:35,820 - ForkPoolWorker-7 - INFO - Tokenizing context file: 242381-v2.0.0-mixed
2025-05-29 11:39:35,820 - ForkPoolWorker-6 - INFO - Tokenizing context file: 243053-v2.0.0-mixed
2025-05-29 11:39:35,820 - ForkPoolWorker-11 - INFO - Tokenizing context file: 242379-v2.0.0-mixed
2025-05-29 11:39:35,820 - ForkPoolWorker-1 - INFO - Finished tokenizing 235601-v2.0.0-mixed: 4 centers, 12 frags.
2025-05-29 11:39:35,820 - ForkPoolWorker-2 - INFO - Tokenizing context file: 1538-v1.0.0-bad
2025-05-29 11:39:35,820 - ForkPoolWorker-1 - INFO - Tokenizing context file: 242546-v2.0.0-mixed
2025-05-29 11:39:35,820 - ForkPoolWorker-4 - INFO - Tokenizing context file: 243403-v2.0.0-mixed
2025-05-29 11:39:35,820 - ForkPoolWorker-9 - INFO - Tokenizing context file: 500833-v1.0.0-bad
2025-05-29 11:39:35,820 - ForkPoolWorker-3 - INFO - Tokenizing context file: 242290-v2.0.0-mixed
2025-05-29 11:39:35,821 - ForkPoolWorker-12 - INFO - Finished tokenizing 234728-v2.0.0-mixed: 5 centers, 16 frags.
2025-05-29 11:39:35,821 - ForkPoolWorker-9 - INFO - Finished tokenizing 500833-v1.0.0-bad: 1 centers, 3 frags.
2025-05-29 11:39:35,821 - ForkPoolWorker-9 - INFO - Tokenizing context file: 246266-v2.0.0-mixed
2025-05-29 11:39:35,821 - ForkPoolWorker-12 - INFO - Tokenizing context file: 246926-v2.0.0-mixed
2025-05-29 11:39:35,821 - ForkPoolWorker-8 - INFO - Tokenizing context file: 244234-v2.0.0-mixed
2025-05-29 11:39:35,821 - ForkPoolWorker-4 - INFO - Finished tokenizing 243403-v2.0.0-mixed: 4 centers, 17 frags.
2025-05-29 11:39:35,822 - ForkPoolWorker-4 - INFO - Tokenizing context file: 500830-v1.0.0-bad
2025-05-29 11:39:35,820 - ForkPoolWorker-10 - INFO - Tokenizing context file: 245745-v2.0.0-mixed
2025-05-29 11:39:35,823 - ForkPoolWorker-7 - INFO - Finished tokenizing 242381-v2.0.0-mixed: 7 centers, 19 frags.
2025-05-29 11:39:35,823 - ForkPoolWorker-7 - INFO - Tokenizing context file: 248229-v2.0.0-mixed
2025-05-29 11:39:35,823 - ForkPoolWorker-2 - INFO - Finished tokenizing 1538-v1.0.0-bad: 3 centers, 12 frags.
2025-05-29 11:39:35,823 - ForkPoolWorker-4 - INFO - Finished tokenizing 500830-v1.0.0-bad: 1 centers, 3 frags.
2025-05-29 11:39:35,824 - ForkPoolWorker-2 - INFO - Tokenizing context file: 242168-v2.0.0-mixed
2025-05-29 11:39:35,824 - ForkPoolWorker-4 - INFO - Tokenizing context file: 234133-v2.0.0-mixed
2025-05-29 11:39:35,824 - ForkPoolWorker-10 - INFO - Finished tokenizing 245745-v2.0.0-mixed: 2 centers, 8 frags.
2025-05-29 11:39:35,824 - ForkPoolWorker-5 - INFO - Finished tokenizing 242443-v2.0.0-mixed: 7 centers, 23 frags.
2025-05-29 11:39:35,824 - ForkPoolWorker-10 - INFO - Tokenizing context file: 241813-v2.0.0-mixed
2025-05-29 11:39:35,824 - ForkPoolWorker-5 - INFO - Tokenizing context file: 242976-v2.0.0-mixed
2025-05-29 11:39:35,824 - ForkPoolWorker-12 - INFO - Finished tokenizing 246926-v2.0.0-mixed: 2 centers, 10 frags.
2025-05-29 11:39:35,824 - ForkPoolWorker-8 - INFO - Finished tokenizing 244234-v2.0.0-mixed: 3 centers, 12 frags.
2025-05-29 11:39:35,824 - ForkPoolWorker-12 - INFO - Tokenizing context file: 243015-v2.0.0-mixed
2025-05-29 11:39:35,824 - ForkPoolWorker-6 - INFO - Finished tokenizing 243053-v2.0.0-mixed: 7 centers, 19 frags.
2025-05-29 11:39:35,824 - ForkPoolWorker-8 - INFO - Tokenizing context file: 242902-v2.0.0-mixed
2025-05-29 11:39:35,824 - ForkPoolWorker-3 - INFO - Finished tokenizing 242290-v2.0.0-mixed: 1 centers, 2 frags.
2025-05-29 11:39:35,825 - ForkPoolWorker-3 - INFO - Tokenizing context file: 242011-v2.0.0-mixed
2025-05-29 11:39:35,825 - ForkPoolWorker-1 - INFO - Finished tokenizing 242546-v2.0.0-mixed: 1 centers, 2 frags.
2025-05-29 11:39:35,825 - ForkPoolWorker-6 - INFO - Tokenizing context file: 245039-v2.0.0-mixed
2025-05-29 11:39:35,825 - ForkPoolWorker-1 - INFO - Tokenizing context file: 234559-v2.0.0-mixed
2025-05-29 11:39:35,825 - ForkPoolWorker-7 - INFO - Finished tokenizing 248229-v2.0.0-mixed: 5 centers, 15 frags.
2025-05-29 11:39:35,825 - ForkPoolWorker-9 - INFO - Finished tokenizing 246266-v2.0.0-mixed: 3 centers, 11 frags.
2025-05-29 11:39:35,825 - ForkPoolWorker-8 - INFO - Finished tokenizing 242902-v2.0.0-mixed: 2 centers, 9 frags.
2025-05-29 11:39:35,825 - ForkPoolWorker-7 - INFO - Tokenizing context file: 245932-v2.0.0-mixed
2025-05-29 11:39:35,825 - ForkPoolWorker-8 - INFO - Tokenizing context file: 248058-v2.0.0-mixed
2025-05-29 11:39:35,826 - ForkPoolWorker-11 - INFO - Finished tokenizing 242379-v2.0.0-mixed: 7 centers, 25 frags.
2025-05-29 11:39:35,826 - ForkPoolWorker-10 - INFO - Finished tokenizing 241813-v2.0.0-mixed: 6 centers, 24 frags.
2025-05-29 11:39:35,826 - ForkPoolWorker-4 - INFO - Finished tokenizing 234133-v2.0.0-mixed: 7 centers, 24 frags.
2025-05-29 11:39:35,826 - ForkPoolWorker-10 - INFO - Tokenizing context file: 2068-v1.0.0-good
2025-05-29 11:39:35,826 - ForkPoolWorker-12 - INFO - Finished tokenizing 243015-v2.0.0-mixed: 4 centers, 13 frags.
2025-05-29 11:39:35,826 - ForkPoolWorker-4 - INFO - Tokenizing context file: 242031-v2.0.0-mixed
2025-05-29 11:39:35,826 - ForkPoolWorker-11 - INFO - Tokenizing context file: 244752-v2.0.0-mixed
2025-05-29 11:39:35,827 - ForkPoolWorker-12 - INFO - Tokenizing context file: 1996-v1.0.0-good
2025-05-29 11:39:35,826 - ForkPoolWorker-5 - INFO - Finished tokenizing 242976-v2.0.0-mixed: 6 centers, 26 frags.
2025-05-29 11:39:35,827 - ForkPoolWorker-6 - INFO - Finished tokenizing 245039-v2.0.0-mixed: 1 centers, 7 frags.
2025-05-29 11:39:35,827 - ForkPoolWorker-3 - INFO - Finished tokenizing 242011-v2.0.0-mixed: 6 centers, 24 frags.
2025-05-29 11:39:35,827 - ForkPoolWorker-7 - INFO - Finished tokenizing 245932-v2.0.0-mixed: 2 centers, 10 frags.
2025-05-29 11:39:35,827 - ForkPoolWorker-6 - INFO - Tokenizing context file: 247669-v2.0.0-mixed
2025-05-29 11:39:35,827 - ForkPoolWorker-3 - INFO - Tokenizing context file: 148826-v1.0.0-bad
2025-05-29 11:39:35,827 - ForkPoolWorker-7 - INFO - Tokenizing context file: 243431-v2.0.0-mixed
2025-05-29 11:39:35,827 - ForkPoolWorker-5 - INFO - Tokenizing context file: 242796-v2.0.0-mixed
2025-05-29 11:39:35,828 - ForkPoolWorker-4 - INFO - Finished tokenizing 242031-v2.0.0-mixed: 4 centers, 16 frags.
2025-05-29 11:39:35,828 - ForkPoolWorker-8 - INFO - Finished tokenizing 248058-v2.0.0-mixed: 2 centers, 8 frags.
2025-05-29 11:39:35,828 - ForkPoolWorker-4 - INFO - Tokenizing context file: 241454-v2.0.0-mixed
2025-05-29 11:39:35,828 - ForkPoolWorker-10 - INFO - Finished tokenizing 2068-v1.0.0-good: 2 centers, 16 frags.
2025-05-29 11:39:35,828 - ForkPoolWorker-12 - INFO - Finished tokenizing 1996-v1.0.0-good: 2 centers, 7 frags.
2025-05-29 11:39:35,828 - ForkPoolWorker-8 - INFO - Tokenizing context file: 239936-v2.0.0-mixed
2025-05-29 11:39:35,828 - ForkPoolWorker-9 - INFO - Tokenizing context file: 243806-v2.0.0-mixed
2025-05-29 11:39:35,828 - ForkPoolWorker-12 - INFO - Tokenizing context file: 242449-v2.0.0-mixed
2025-05-29 11:39:35,828 - ForkPoolWorker-11 - INFO - Finished tokenizing 244752-v2.0.0-mixed: 1 centers, 5 frags.
2025-05-29 11:39:35,828 - ForkPoolWorker-11 - INFO - Tokenizing context file: 239408-v2.0.0-mixed
2025-05-29 11:39:35,828 - ForkPoolWorker-10 - INFO - Tokenizing context file: 246765-v2.0.0-mixed
2025-05-29 11:39:35,828 - ForkPoolWorker-6 - INFO - Finished tokenizing 247669-v2.0.0-mixed: 3 centers, 8 frags.
2025-05-29 11:39:35,828 - ForkPoolWorker-1 - INFO - Finished tokenizing 234559-v2.0.0-mixed: 3 centers, 7 frags.
2025-05-29 11:39:35,828 - ForkPoolWorker-6 - INFO - Tokenizing context file: 242799-v2.0.0-mixed
2025-05-29 11:39:35,828 - ForkPoolWorker-2 - INFO - Finished tokenizing 242168-v2.0.0-mixed: 2 centers, 7 frags.
2025-05-29 11:39:35,829 - ForkPoolWorker-12 - INFO - Finished tokenizing 242449-v2.0.0-mixed: 1 centers, 2 frags.
2025-05-29 11:39:35,829 - ForkPoolWorker-4 - INFO - Finished tokenizing 241454-v2.0.0-mixed: 1 centers, 4 frags.
2025-05-29 11:39:35,829 - ForkPoolWorker-12 - INFO - Tokenizing context file: 244000-v2.0.0-mixed
2025-05-29 11:39:35,829 - ForkPoolWorker-4 - INFO - Tokenizing context file: 242384-v2.0.0-mixed
2025-05-29 11:39:35,829 - ForkPoolWorker-2 - INFO - Tokenizing context file: 243293-v2.0.0-mixed
2025-05-29 11:39:35,829 - ForkPoolWorker-1 - INFO - Tokenizing context file: 500999-v1.0.0-bad
2025-05-29 11:39:35,829 - ForkPoolWorker-3 - INFO - Finished tokenizing 148826-v1.0.0-bad: 3 centers, 13 frags.
2025-05-29 11:39:35,829 - ForkPoolWorker-3 - INFO - Tokenizing context file: 246349-v2.0.0-mixed
2025-05-29 11:39:35,829 - ForkPoolWorker-9 - INFO - Finished tokenizing 243806-v2.0.0-mixed: 3 centers, 10 frags.
2025-05-29 11:39:35,829 - ForkPoolWorker-5 - INFO - Finished tokenizing 242796-v2.0.0-mixed: 7 centers, 27 frags.
2025-05-29 11:39:35,829 - ForkPoolWorker-8 - INFO - Finished tokenizing 239936-v2.0.0-mixed: 7 centers, 27 frags.
2025-05-29 11:39:35,829 - ForkPoolWorker-11 - INFO - Finished tokenizing 239408-v2.0.0-mixed: 4 centers, 13 frags.
2025-05-29 11:39:35,830 - ForkPoolWorker-9 - INFO - Tokenizing context file: 242722-v2.0.0-mixed
2025-05-29 11:39:35,830 - ForkPoolWorker-8 - INFO - Tokenizing context file: 245937-v2.0.0-mixed
2025-05-29 11:39:35,830 - ForkPoolWorker-5 - INFO - Tokenizing context file: 500923-v1.0.0-bad
2025-05-29 11:39:35,830 - ForkPoolWorker-11 - INFO - Tokenizing context file: 241984-v2.0.0-mixed
2025-05-29 11:39:35,830 - ForkPoolWorker-7 - INFO - Finished tokenizing 243431-v2.0.0-mixed: 7 centers, 22 frags.
2025-05-29 11:39:35,830 - ForkPoolWorker-7 - INFO - Tokenizing context file: 242591-v2.0.0-mixed
2025-05-29 11:39:35,830 - ForkPoolWorker-10 - INFO - Finished tokenizing 246765-v2.0.0-mixed: 6 centers, 19 frags.
2025-05-29 11:39:35,830 - ForkPoolWorker-3 - INFO - Finished tokenizing 246349-v2.0.0-mixed: 3 centers, 8 frags.
2025-05-29 11:39:35,830 - ForkPoolWorker-4 - INFO - Finished tokenizing 242384-v2.0.0-mixed: 4 centers, 14 frags.
2025-05-29 11:39:35,830 - ForkPoolWorker-10 - INFO - Tokenizing context file: 247158-v2.0.0-mixed
2025-05-29 11:39:35,830 - ForkPoolWorker-3 - INFO - Tokenizing context file: 247821-v2.0.0-mixed
2025-05-29 11:39:35,830 - ForkPoolWorker-4 - INFO - Tokenizing context file: 501028-v1.0.0-bad
2025-05-29 11:39:35,830 - ForkPoolWorker-5 - INFO - Finished tokenizing 500923-v1.0.0-bad: 1 centers, 4 frags.
2025-05-29 11:39:35,830 - ForkPoolWorker-12 - INFO - Finished tokenizing 244000-v2.0.0-mixed: 4 centers, 23 frags.
2025-05-29 11:39:35,830 - ForkPoolWorker-5 - INFO - Tokenizing context file: 240930-v2.0.0-mixed
2025-05-29 11:39:35,831 - ForkPoolWorker-12 - INFO - Tokenizing context file: 241905-v2.0.0-mixed
2025-05-29 11:39:35,831 - ForkPoolWorker-8 - INFO - Finished tokenizing 245937-v2.0.0-mixed: 3 centers, 11 frags.
2025-05-29 11:39:35,831 - ForkPoolWorker-1 - INFO - Finished tokenizing 500999-v1.0.0-bad: 1 centers, 3 frags.
2025-05-29 11:39:35,831 - ForkPoolWorker-8 - INFO - Tokenizing context file: 240700-v2.0.0-mixed
2025-05-29 11:39:35,831 - ForkPoolWorker-1 - INFO - Tokenizing context file: 243154-v2.0.0-mixed
2025-05-29 11:39:35,831 - ForkPoolWorker-6 - INFO - Finished tokenizing 242799-v2.0.0-mixed: 4 centers, 16 frags.
2025-05-29 11:39:35,831 - ForkPoolWorker-2 - INFO - Finished tokenizing 243293-v2.0.0-mixed: 6 centers, 27 frags.
2025-05-29 11:39:35,831 - ForkPoolWorker-9 - INFO - Finished tokenizing 242722-v2.0.0-mixed: 10 centers, 19 frags.
2025-05-29 11:39:35,831 - ForkPoolWorker-6 - INFO - Tokenizing context file: 248457-v2.0.0-mixed
2025-05-29 11:39:35,831 - ForkPoolWorker-9 - INFO - Tokenizing context file: 243198-v2.0.0-mixed
2025-05-29 11:39:35,831 - ForkPoolWorker-3 - INFO - Finished tokenizing 247821-v2.0.0-mixed: 2 centers, 10 frags.
2025-05-29 11:39:35,831 - ForkPoolWorker-12 - INFO - Finished tokenizing 241905-v2.0.0-mixed: 1 centers, 2 frags.
2025-05-29 11:39:35,831 - ForkPoolWorker-2 - INFO - Tokenizing context file: 242325-v2.0.0-mixed
2025-05-29 11:39:35,831 - ForkPoolWorker-10 - INFO - Finished tokenizing 247158-v2.0.0-mixed: 2 centers, 11 frags.
2025-05-29 11:39:35,831 - ForkPoolWorker-5 - INFO - Finished tokenizing 240930-v2.0.0-mixed: 2 centers, 7 frags.
2025-05-29 11:39:35,831 - ForkPoolWorker-3 - INFO - Tokenizing context file: 242212-v2.0.0-mixed
2025-05-29 11:39:35,831 - ForkPoolWorker-4 - INFO - Finished tokenizing 501028-v1.0.0-bad: 1 centers, 4 frags.
2025-05-29 11:39:35,831 - ForkPoolWorker-10 - INFO - Tokenizing context file: 239450-v2.0.0-mixed
2025-05-29 11:39:35,831 - ForkPoolWorker-12 - INFO - Tokenizing context file: 242599-v2.0.0-mixed
2025-05-29 11:39:35,831 - ForkPoolWorker-5 - INFO - Tokenizing context file: 245445-v2.0.0-mixed
2025-05-29 11:39:35,831 - ForkPoolWorker-4 - INFO - Tokenizing context file: 243137-v2.0.0-mixed
2025-05-29 11:39:35,832 - ForkPoolWorker-1 - INFO - Finished tokenizing 243154-v2.0.0-mixed: 4 centers, 14 frags.
2025-05-29 11:39:35,832 - ForkPoolWorker-10 - INFO - Finished tokenizing 239450-v2.0.0-mixed: 0 centers, 0 frags.
2025-05-29 11:39:35,832 - ForkPoolWorker-1 - INFO - Tokenizing context file: 244520-v2.0.0-mixed
2025-05-29 11:39:35,832 - ForkPoolWorker-10 - INFO - Tokenizing context file: 239544-v2.0.0-mixed
2025-05-29 11:39:35,833 - ForkPoolWorker-5 - INFO - Finished tokenizing 245445-v2.0.0-mixed: 5 centers, 14 frags.
2025-05-29 11:39:35,833 - ForkPoolWorker-2 - INFO - Finished tokenizing 242325-v2.0.0-mixed: 6 centers, 20 frags.
2025-05-29 11:39:35,833 - ForkPoolWorker-5 - INFO - Tokenizing context file: 242761-v2.0.0-mixed
2025-05-29 11:39:35,833 - ForkPoolWorker-2 - INFO - Tokenizing context file: 241606-v2.0.0-mixed
2025-05-29 11:39:35,833 - ForkPoolWorker-9 - INFO - Finished tokenizing 243198-v2.0.0-mixed: 6 centers, 27 frags.
2025-05-29 11:39:35,833 - ForkPoolWorker-7 - INFO - Finished tokenizing 242591-v2.0.0-mixed: 6 centers, 26 frags.
2025-05-29 11:39:35,833 - ForkPoolWorker-1 - INFO - Finished tokenizing 244520-v2.0.0-mixed: 1 centers, 7 frags.
2025-05-29 11:39:35,833 - ForkPoolWorker-9 - INFO - Tokenizing context file: 243235-v2.0.0-mixed
2025-05-29 11:39:35,833 - ForkPoolWorker-1 - INFO - Tokenizing context file: 242041-v2.0.0-mixed
2025-05-29 11:39:35,833 - ForkPoolWorker-7 - INFO - Tokenizing context file: 245319-v2.0.0-mixed
2025-05-29 11:39:35,833 - ForkPoolWorker-11 - INFO - Finished tokenizing 241984-v2.0.0-mixed: 6 centers, 37 frags.
2025-05-29 11:39:35,833 - ForkPoolWorker-11 - INFO - Tokenizing context file: 242291-v2.0.0-mixed
2025-05-29 11:39:35,833 - ForkPoolWorker-3 - INFO - Finished tokenizing 242212-v2.0.0-mixed: 5 centers, 21 frags.
2025-05-29 11:39:35,833 - ForkPoolWorker-8 - INFO - Finished tokenizing 240700-v2.0.0-mixed: 6 centers, 40 frags.
2025-05-29 11:39:35,833 - ForkPoolWorker-3 - INFO - Tokenizing context file: 242746-v2.0.0-mixed
2025-05-29 11:39:35,834 - ForkPoolWorker-10 - INFO - Finished tokenizing 239544-v2.0.0-mixed: 4 centers, 14 frags.
2025-05-29 11:39:35,834 - ForkPoolWorker-8 - INFO - Tokenizing context file: 242152-v2.0.0-mixed
2025-05-29 11:39:35,834 - ForkPoolWorker-10 - INFO - Tokenizing context file: 243376-v2.0.0-mixed
2025-05-29 11:39:35,834 - ForkPoolWorker-2 - INFO - Finished tokenizing 241606-v2.0.0-mixed: 3 centers, 7 frags.
2025-05-29 11:39:35,834 - ForkPoolWorker-2 - INFO - Tokenizing context file: 234535-v2.0.0-mixed
2025-05-29 11:39:35,834 - ForkPoolWorker-5 - INFO - Finished tokenizing 242761-v2.0.0-mixed: 4 centers, 16 frags.
2025-05-29 11:39:35,834 - ForkPoolWorker-5 - INFO - Tokenizing context file: 242931-v2.0.0-mixed
2025-05-29 11:39:35,834 - ForkPoolWorker-7 - INFO - Finished tokenizing 245319-v2.0.0-mixed: 1 centers, 5 frags.
2025-05-29 11:39:35,834 - ForkPoolWorker-6 - INFO - Finished tokenizing 248457-v2.0.0-mixed: 4 centers, 10 frags.
2025-05-29 11:39:35,834 - ForkPoolWorker-7 - INFO - Tokenizing context file: 239146-v2.0.0-mixed
2025-05-29 11:39:35,834 - ForkPoolWorker-12 - INFO - Finished tokenizing 242599-v2.0.0-mixed: 4 centers, 12 frags.
2025-05-29 11:39:35,834 - ForkPoolWorker-6 - INFO - Tokenizing context file: 246217-v2.0.0-mixed
2025-05-29 11:39:35,835 - ForkPoolWorker-12 - INFO - Tokenizing context file: 500834-v1.0.0-bad
2025-05-29 11:39:35,835 - ForkPoolWorker-2 - INFO - Finished tokenizing 234535-v2.0.0-mixed: 1 centers, 3 frags.
2025-05-29 11:39:35,835 - ForkPoolWorker-2 - INFO - Tokenizing context file: 246165-v2.0.0-mixed
2025-05-29 11:39:35,835 - ForkPoolWorker-4 - INFO - Finished tokenizing 243137-v2.0.0-mixed: 6 centers, 22 frags.
2025-05-29 11:39:35,835 - ForkPoolWorker-4 - INFO - Tokenizing context file: 243966-v2.0.0-mixed
2025-05-29 11:39:35,835 - ForkPoolWorker-10 - INFO - Finished tokenizing 243376-v2.0.0-mixed: 7 centers, 24 frags.
2025-05-29 11:39:35,835 - ForkPoolWorker-10 - INFO - Tokenizing context file: 244473-v2.0.0-mixed
2025-05-29 11:39:35,835 - ForkPoolWorker-11 - INFO - Finished tokenizing 242291-v2.0.0-mixed: 4 centers, 14 frags.
2025-05-29 11:39:35,835 - ForkPoolWorker-8 - INFO - Finished tokenizing 242152-v2.0.0-mixed: 4 centers, 10 frags.
2025-05-29 11:39:35,835 - ForkPoolWorker-11 - INFO - Tokenizing context file: 235727-v2.0.0-mixed
2025-05-29 11:39:35,835 - ForkPoolWorker-8 - INFO - Tokenizing context file: 246881-v2.0.0-mixed
2025-05-29 11:39:35,836 - ForkPoolWorker-7 - INFO - Finished tokenizing 239146-v2.0.0-mixed: 3 centers, 6 frags.
2025-05-29 11:39:35,836 - ForkPoolWorker-9 - INFO - Finished tokenizing 243235-v2.0.0-mixed: 26 centers, 42 frags.
2025-05-29 11:39:35,836 - ForkPoolWorker-6 - INFO - Finished tokenizing 246217-v2.0.0-mixed: 3 centers, 11 frags.
2025-05-29 11:39:35,836 - ForkPoolWorker-7 - INFO - Tokenizing context file: 240582-v2.0.0-mixed
2025-05-29 11:39:35,836 - ForkPoolWorker-12 - INFO - Finished tokenizing 500834-v1.0.0-bad: 1 centers, 3 frags.
2025-05-29 11:39:35,836 - ForkPoolWorker-9 - INFO - Tokenizing context file: 500808-v1.0.0-bad
2025-05-29 11:39:35,836 - ForkPoolWorker-3 - INFO - Finished tokenizing 242746-v2.0.0-mixed: 6 centers, 36 frags.
2025-05-29 11:39:35,836 - ForkPoolWorker-2 - INFO - Finished tokenizing 246165-v2.0.0-mixed: 2 centers, 8 frags.
2025-05-29 11:39:35,836 - ForkPoolWorker-5 - INFO - Finished tokenizing 242931-v2.0.0-mixed: 4 centers, 18 frags.
2025-05-29 11:39:35,836 - ForkPoolWorker-11 - INFO - Finished tokenizing 235727-v2.0.0-mixed: 4 centers, 14 frags.
2025-05-29 11:39:35,836 - ForkPoolWorker-8 - INFO - Finished tokenizing 246881-v2.0.0-mixed: 2 centers, 10 frags.
2025-05-29 11:39:35,837 - ForkPoolWorker-9 - INFO - Finished tokenizing 500808-v1.0.0-bad: 2 centers, 6 frags.
2025-05-29 11:39:35,837 - ForkPoolWorker-10 - INFO - Finished tokenizing 244473-v2.0.0-mixed: 3 centers, 15 frags.
2025-05-29 11:39:35,837 - ForkPoolWorker-4 - INFO - Finished tokenizing 243966-v2.0.0-mixed: 7 centers, 26 frags.
2025-05-29 11:39:35,838 - ForkPoolWorker-7 - INFO - Finished tokenizing 240582-v2.0.0-mixed: 18 centers, 29 frags.
2025-05-29 11:39:35,841 - ForkPoolWorker-1 - INFO - Finished tokenizing 242041-v2.0.0-mixed: 2 centers, 9 frags.
2025-05-29 11:39:35,850 - ForkPoolWorker-6 - INFO - Tokenizing context file: 500921-v1.0.0-bad
2025-05-29 11:39:35,850 - ForkPoolWorker-12 - INFO - Tokenizing context file: 245510-v2.0.0-mixed
2025-05-29 11:39:35,850 - ForkPoolWorker-2 - INFO - Tokenizing context file: 241807-v2.0.0-mixed
2025-05-29 11:39:35,851 - ForkPoolWorker-6 - INFO - Finished tokenizing 500921-v1.0.0-bad: 1 centers, 5 frags.
2025-05-29 11:39:35,851 - ForkPoolWorker-3 - INFO - Tokenizing context file: 242307-v2.0.0-mixed
2025-05-29 11:39:35,852 - ForkPoolWorker-12 - INFO - Finished tokenizing 245510-v2.0.0-mixed: 2 centers, 10 frags.
2025-05-29 11:39:35,852 - ForkPoolWorker-5 - INFO - Tokenizing context file: 242693-v2.0.0-mixed
2025-05-29 11:39:35,852 - ForkPoolWorker-2 - INFO - Finished tokenizing 241807-v2.0.0-mixed: 4 centers, 16 frags.
2025-05-29 11:39:35,852 - ForkPoolWorker-6 - INFO - Tokenizing context file: 234202-v2.0.0-mixed
2025-05-29 11:39:35,852 - ForkPoolWorker-11 - INFO - Tokenizing context file: 239572-v2.0.0-mixed
2025-05-29 11:39:35,852 - ForkPoolWorker-9 - INFO - Tokenizing context file: 242600-v2.0.0-mixed
2025-05-29 11:39:35,852 - ForkPoolWorker-6 - INFO - Finished tokenizing 234202-v2.0.0-mixed: 1 centers, 2 frags.
2025-05-29 11:39:35,852 - ForkPoolWorker-10 - INFO - Tokenizing context file: 235769-v2.0.0-mixed
2025-05-29 11:39:35,852 - ForkPoolWorker-4 - INFO - Tokenizing context file: 239000-v2.0.0-mixed
2025-05-29 11:39:35,853 - ForkPoolWorker-7 - INFO - Tokenizing context file: 242982-v2.0.0-mixed
2025-05-29 11:39:35,853 - ForkPoolWorker-1 - INFO - Tokenizing context file: 246205-v2.0.0-mixed
2025-05-29 11:39:35,853 - ForkPoolWorker-12 - INFO - Tokenizing context file: 240260-v2.0.0-mixed
2025-05-29 11:39:35,853 - ForkPoolWorker-3 - INFO - Finished tokenizing 242307-v2.0.0-mixed: 4 centers, 15 frags.
2025-05-29 11:39:35,853 - ForkPoolWorker-8 - INFO - Tokenizing context file: 246215-v2.0.0-mixed
2025-05-29 11:39:35,853 - ForkPoolWorker-2 - INFO - Tokenizing context file: 2049-v1.0.0-good
2025-05-29 11:39:35,853 - ForkPoolWorker-6 - INFO - Tokenizing context file: 243089-v2.0.0-mixed
2025-05-29 11:39:35,853 - ForkPoolWorker-11 - INFO - Finished tokenizing 239572-v2.0.0-mixed: 7 centers, 22 frags.
2025-05-29 11:39:35,853 - ForkPoolWorker-3 - INFO - Tokenizing context file: 500755-v1.0.0-bad
2025-05-29 11:39:35,853 - ForkPoolWorker-5 - INFO - Finished tokenizing 242693-v2.0.0-mixed: 7 centers, 23 frags.
2025-05-29 11:39:35,853 - ForkPoolWorker-11 - INFO - Tokenizing context file: 246783-v2.0.0-mixed
2025-05-29 11:39:35,853 - ForkPoolWorker-4 - INFO - Finished tokenizing 239000-v2.0.0-mixed: 2 centers, 7 frags.
2025-05-29 11:39:35,854 - ForkPoolWorker-5 - INFO - Tokenizing context file: 242805-v2.0.0-mixed
2025-05-29 11:39:35,854 - ForkPoolWorker-4 - INFO - Tokenizing context file: 246028-v2.0.0-mixed
2025-05-29 11:39:35,854 - ForkPoolWorker-9 - INFO - Finished tokenizing 242600-v2.0.0-mixed: 4 centers, 12 frags.
2025-05-29 11:39:35,854 - ForkPoolWorker-9 - INFO - Tokenizing context file: 234129-v2.0.0-mixed
2025-05-29 11:39:35,854 - ForkPoolWorker-10 - INFO - Finished tokenizing 235769-v2.0.0-mixed: 4 centers, 17 frags.
2025-05-29 11:39:35,854 - ForkPoolWorker-8 - INFO - Finished tokenizing 246215-v2.0.0-mixed: 1 centers, 7 frags.
2025-05-29 11:39:35,854 - ForkPoolWorker-7 - INFO - Finished tokenizing 242982-v2.0.0-mixed: 4 centers, 14 frags.
2025-05-29 11:39:35,854 - ForkPoolWorker-12 - INFO - Finished tokenizing 240260-v2.0.0-mixed: 4 centers, 13 frags.
2025-05-29 11:39:35,854 - ForkPoolWorker-10 - INFO - Tokenizing context file: 234798-v2.0.0-mixed
2025-05-29 11:39:35,854 - ForkPoolWorker-8 - INFO - Tokenizing context file: 235091-v2.0.0-mixed
2025-05-29 11:39:35,854 - ForkPoolWorker-2 - INFO - Finished tokenizing 2049-v1.0.0-good: 3 centers, 11 frags.
2025-05-29 11:39:35,854 - ForkPoolWorker-1 - INFO - Finished tokenizing 246205-v2.0.0-mixed: 3 centers, 8 frags.
2025-05-29 11:39:35,854 - ForkPoolWorker-11 - INFO - Finished tokenizing 246783-v2.0.0-mixed: 1 centers, 5 frags.
2025-05-29 11:39:35,854 - ForkPoolWorker-6 - INFO - Finished tokenizing 243089-v2.0.0-mixed: 4 centers, 16 frags.
2025-05-29 11:39:35,855 - ForkPoolWorker-3 - INFO - Finished tokenizing 500755-v1.0.0-bad: 1 centers, 4 frags.
2025-05-29 11:39:35,855 - ForkPoolWorker-9 - INFO - Finished tokenizing 234129-v2.0.0-mixed: 4 centers, 15 frags.
2025-05-29 11:39:35,855 - ForkPoolWorker-8 - INFO - Finished tokenizing 235091-v2.0.0-mixed: 5 centers, 11 frags.
2025-05-29 11:39:35,855 - ForkPoolWorker-10 - INFO - Finished tokenizing 234798-v2.0.0-mixed: 3 centers, 10 frags.
2025-05-29 11:39:35,855 - ForkPoolWorker-4 - INFO - Finished tokenizing 246028-v2.0.0-mixed: 2 centers, 8 frags.
2025-05-29 11:39:35,855 - ForkPoolWorker-9 - INFO - Tokenizing context file: 240361-v2.0.0-mixed
2025-05-29 11:39:35,855 - ForkPoolWorker-1 - INFO - Tokenizing context file: 242892-v2.0.0-mixed
2025-05-29 11:39:35,855 - ForkPoolWorker-11 - INFO - Tokenizing context file: 244420-v2.0.0-mixed
2025-05-29 11:39:35,855 - ForkPoolWorker-5 - INFO - Finished tokenizing 242805-v2.0.0-mixed: 6 centers, 20 frags.
2025-05-29 11:39:35,855 - ForkPoolWorker-6 - INFO - Tokenizing context file: 242141-v2.0.0-mixed
2025-05-29 11:39:35,855 - ForkPoolWorker-4 - INFO - Tokenizing context file: 242995-v2.0.0-mixed
2025-05-29 11:39:35,855 - ForkPoolWorker-7 - INFO - Tokenizing context file: 243030-v2.0.0-mixed
2025-05-29 11:39:35,855 - ForkPoolWorker-8 - INFO - Tokenizing context file: 242566-v2.0.0-mixed
2025-05-29 11:39:35,855 - ForkPoolWorker-2 - INFO - Tokenizing context file: 241748-v2.0.0-mixed
2025-05-29 11:39:35,855 - ForkPoolWorker-12 - INFO - Tokenizing context file: 242619-v2.0.0-mixed
2025-05-29 11:39:35,855 - ForkPoolWorker-3 - INFO - Tokenizing context file: 240711-v2.0.0-mixed
2025-05-29 11:39:35,855 - ForkPoolWorker-10 - INFO - Tokenizing context file: 500970-v1.0.0-bad
2025-05-29 11:39:35,855 - ForkPoolWorker-5 - INFO - Tokenizing context file: 242098-v2.0.0-mixed
2025-05-29 11:39:35,856 - ForkPoolWorker-11 - INFO - Finished tokenizing 244420-v2.0.0-mixed: 2 centers, 9 frags.
2025-05-29 11:39:35,856 - ForkPoolWorker-10 - INFO - Finished tokenizing 500970-v1.0.0-bad: 1 centers, 4 frags.
2025-05-29 11:39:35,856 - ForkPoolWorker-11 - INFO - Tokenizing context file: 243087-v2.0.0-mixed
2025-05-29 11:39:35,856 - ForkPoolWorker-10 - INFO - Tokenizing context file: 243894-v2.0.0-mixed
2025-05-29 11:39:35,856 - ForkPoolWorker-3 - INFO - Finished tokenizing 240711-v2.0.0-mixed: 4 centers, 14 frags.
2025-05-29 11:39:35,856 - ForkPoolWorker-4 - INFO - Finished tokenizing 242995-v2.0.0-mixed: 4 centers, 14 frags.
2025-05-29 11:39:35,857 - ForkPoolWorker-3 - INFO - Tokenizing context file: 242423-v2.0.0-mixed
2025-05-29 11:39:35,857 - ForkPoolWorker-4 - INFO - Tokenizing context file: 242545-v2.0.0-mixed
2025-05-29 11:39:35,857 - ForkPoolWorker-9 - INFO - Finished tokenizing 240361-v2.0.0-mixed: 7 centers, 25 frags.
2025-05-29 11:39:35,857 - ForkPoolWorker-8 - INFO - Finished tokenizing 242566-v2.0.0-mixed: 4 centers, 16 frags.
2025-05-29 11:39:35,857 - ForkPoolWorker-9 - INFO - Tokenizing context file: 242985-v2.0.0-mixed
2025-05-29 11:39:35,857 - ForkPoolWorker-1 - INFO - Finished tokenizing 242892-v2.0.0-mixed: 7 centers, 27 frags.
2025-05-29 11:39:35,857 - ForkPoolWorker-5 - INFO - Finished tokenizing 242098-v2.0.0-mixed: 1 centers, 2 frags.
2025-05-29 11:39:35,857 - ForkPoolWorker-6 - INFO - Finished tokenizing 242141-v2.0.0-mixed: 6 centers, 21 frags.
2025-05-29 11:39:35,857 - ForkPoolWorker-2 - INFO - Finished tokenizing 241748-v2.0.0-mixed: 18 centers, 23 frags.
2025-05-29 11:39:35,857 - ForkPoolWorker-4 - INFO - Finished tokenizing 242545-v2.0.0-mixed: 1 centers, 2 frags.
2025-05-29 11:39:35,857 - ForkPoolWorker-10 - INFO - Finished tokenizing 243894-v2.0.0-mixed: 3 centers, 10 frags.
2025-05-29 11:39:35,857 - ForkPoolWorker-12 - INFO - Finished tokenizing 242619-v2.0.0-mixed: 6 centers, 20 frags.
2025-05-29 11:39:35,858 - ForkPoolWorker-3 - INFO - Finished tokenizing 242423-v2.0.0-mixed: 2 centers, 9 frags.
2025-05-29 11:39:35,858 - ForkPoolWorker-7 - INFO - Finished tokenizing 243030-v2.0.0-mixed: 2 centers, 20 frags.
2025-05-29 11:39:35,858 - ForkPoolWorker-9 - INFO - Finished tokenizing 242985-v2.0.0-mixed: 4 centers, 13 frags.
2025-05-29 11:39:35,858 - ForkPoolWorker-11 - INFO - Finished tokenizing 243087-v2.0.0-mixed: 7 centers, 23 frags.
2025-05-29 11:39:35,865 - ForkPoolWorker-8 - INFO - Tokenizing context file: 245369-v2.0.0-mixed
2025-05-29 11:39:35,865 - ForkPoolWorker-1 - INFO - Tokenizing context file: 240102-v2.0.0-mixed
2025-05-29 11:39:35,865 - ForkPoolWorker-5 - INFO - Tokenizing context file: 238877-v2.0.0-mixed
2025-05-29 11:39:35,865 - ForkPoolWorker-6 - INFO - Tokenizing context file: 243502-v2.0.0-mixed
2025-05-29 11:39:35,865 - ForkPoolWorker-2 - INFO - Tokenizing context file: 242809-v2.0.0-mixed
2025-05-29 11:39:35,866 - ForkPoolWorker-4 - INFO - Tokenizing context file: 241680-v2.0.0-mixed
2025-05-29 11:39:35,866 - ForkPoolWorker-10 - INFO - Tokenizing context file: 240911-v2.0.0-mixed
2025-05-29 11:39:35,866 - ForkPoolWorker-12 - INFO - Tokenizing context file: 246309-v2.0.0-mixed
2025-05-29 11:39:35,866 - ForkPoolWorker-3 - INFO - Tokenizing context file: 243636-v2.0.0-mixed
2025-05-29 11:39:35,866 - ForkPoolWorker-1 - INFO - Finished tokenizing 240102-v2.0.0-mixed: 1 centers, 2 frags.
2025-05-29 11:39:35,866 - ForkPoolWorker-8 - INFO - Finished tokenizing 245369-v2.0.0-mixed: 2 centers, 9 frags.
2025-05-29 11:39:35,867 - ForkPoolWorker-5 - INFO - Finished tokenizing 238877-v2.0.0-mixed: 2 centers, 7 frags.
2025-05-29 11:39:35,867 - ForkPoolWorker-2 - INFO - Finished tokenizing 242809-v2.0.0-mixed: 2 centers, 9 frags.
2025-05-29 11:39:35,867 - ForkPoolWorker-4 - INFO - Finished tokenizing 241680-v2.0.0-mixed: 2 centers, 10 frags.
2025-05-29 11:39:35,867 - ForkPoolWorker-3 - INFO - Finished tokenizing 243636-v2.0.0-mixed: 3 centers, 10 frags.
2025-05-29 11:39:35,867 - ForkPoolWorker-6 - INFO - Finished tokenizing 243502-v2.0.0-mixed: 7 centers, 26 frags.
2025-05-29 11:39:35,867 - ForkPoolWorker-10 - INFO - Finished tokenizing 240911-v2.0.0-mixed: 3 centers, 18 frags.
2025-05-29 11:39:35,867 - ForkPoolWorker-12 - INFO - Finished tokenizing 246309-v2.0.0-mixed: 2 centers, 9 frags.
2025-05-29 11:39:35,867 - ForkPoolWorker-7 - INFO - Tokenizing context file: 243432-v2.0.0-mixed
2025-05-29 11:39:35,867 - ForkPoolWorker-9 - INFO - Tokenizing context file: 247402-v2.0.0-mixed
2025-05-29 11:39:35,868 - ForkPoolWorker-10 - INFO - Tokenizing context file: 243493-v2.0.0-mixed
2025-05-29 11:39:35,868 - ForkPoolWorker-7 - INFO - Finished tokenizing 243432-v2.0.0-mixed: 4 centers, 12 frags.
2025-05-29 11:39:35,868 - ForkPoolWorker-9 - INFO - Finished tokenizing 247402-v2.0.0-mixed: 2 centers, 11 frags.
2025-05-29 11:39:35,868 - ForkPoolWorker-1 - INFO - Tokenizing context file: 246453-v2.0.0-mixed
2025-05-29 11:39:35,868 - ForkPoolWorker-8 - INFO - Tokenizing context file: 243478-v2.0.0-mixed
2025-05-29 11:39:35,868 - ForkPoolWorker-5 - INFO - Tokenizing context file: 243182-v2.0.0-mixed
2025-05-29 11:39:35,869 - ForkPoolWorker-1 - INFO - Finished tokenizing 246453-v2.0.0-mixed: 2 centers, 10 frags.
2025-05-29 11:39:35,869 - ForkPoolWorker-10 - INFO - Finished tokenizing 243493-v2.0.0-mixed: 4 centers, 17 frags.
2025-05-29 11:39:35,869 - ForkPoolWorker-8 - INFO - Finished tokenizing 243478-v2.0.0-mixed: 18 centers, 25 frags.
2025-05-29 11:39:35,869 - ForkPoolWorker-2 - INFO - Tokenizing context file: 242087-v2.0.0-mixed
2025-05-29 11:39:35,869 - ForkPoolWorker-4 - INFO - Tokenizing context file: 241803-v2.0.0-mixed
2025-05-29 11:39:35,869 - ForkPoolWorker-5 - INFO - Finished tokenizing 243182-v2.0.0-mixed: 7 centers, 26 frags.
2025-05-29 11:39:35,870 - ForkPoolWorker-3 - INFO - Tokenizing context file: 241422-v2.0.0-mixed
2025-05-29 11:39:35,870 - ForkPoolWorker-6 - INFO - Tokenizing context file: 245696-v2.0.0-mixed
2025-05-29 11:39:35,870 - ForkPoolWorker-11 - INFO - Tokenizing context file: 238960-v2.0.0-mixed
2025-05-29 11:39:35,870 - ForkPoolWorker-3 - INFO - Finished tokenizing 241422-v2.0.0-mixed: 1 centers, 4 frags.
2025-05-29 11:39:35,870 - ForkPoolWorker-2 - INFO - Finished tokenizing 242087-v2.0.0-mixed: 4 centers, 16 frags.
2025-05-29 11:39:35,871 - ForkPoolWorker-12 - INFO - Tokenizing context file: 239868-v2.0.0-mixed
2025-05-29 11:39:35,871 - ForkPoolWorker-6 - INFO - Finished tokenizing 245696-v2.0.0-mixed: 1 centers, 7 frags.
2025-05-29 11:39:35,871 - ForkPoolWorker-7 - INFO - Tokenizing context file: 241902-v2.0.0-mixed
2025-05-29 11:39:35,871 - ForkPoolWorker-11 - INFO - Finished tokenizing 238960-v2.0.0-mixed: 2 centers, 7 frags.
2025-05-29 11:39:35,871 - ForkPoolWorker-9 - INFO - Tokenizing context file: 242214-v2.0.0-mixed
2025-05-29 11:39:35,871 - ForkPoolWorker-1 - INFO - Tokenizing context file: 243316-v2.0.0-mixed
2025-05-29 11:39:35,871 - ForkPoolWorker-6 - INFO - Tokenizing context file: 2036-v1.0.0-good
2025-05-29 11:39:35,871 - ForkPoolWorker-4 - INFO - Finished tokenizing 241803-v2.0.0-mixed: 7 centers, 25 frags.
2025-05-29 11:39:35,871 - ForkPoolWorker-8 - INFO - Tokenizing context file: 235494-v2.0.0-mixed
2025-05-29 11:39:35,871 - ForkPoolWorker-5 - INFO - Tokenizing context file: 241896-v2.0.0-mixed
2025-05-29 11:39:35,871 - ForkPoolWorker-2 - INFO - Tokenizing context file: 246359-v2.0.0-mixed
2025-05-29 11:39:35,871 - ForkPoolWorker-3 - INFO - Tokenizing context file: 242056-v2.0.0-mixed
2025-05-29 11:39:35,871 - ForkPoolWorker-10 - INFO - Tokenizing context file: 242360-v2.0.0-mixed
2025-05-29 11:39:35,871 - ForkPoolWorker-11 - INFO - Tokenizing context file: 243492-v2.0.0-mixed
2025-05-29 11:39:35,871 - ForkPoolWorker-4 - INFO - Tokenizing context file: 243287-v2.0.0-mixed
2025-05-29 11:39:35,872 - ForkPoolWorker-1 - INFO - Finished tokenizing 243316-v2.0.0-mixed: 1 centers, 2 frags.
2025-05-29 11:39:35,872 - ForkPoolWorker-6 - INFO - Finished tokenizing 2036-v1.0.0-good: 2 centers, 6 frags.
2025-05-29 11:39:35,872 - ForkPoolWorker-2 - INFO - Finished tokenizing 246359-v2.0.0-mixed: 1 centers, 5 frags.
2025-05-29 11:39:35,872 - ForkPoolWorker-9 - INFO - Finished tokenizing 242214-v2.0.0-mixed: 4 centers, 14 frags.
2025-05-29 11:39:35,872 - ForkPoolWorker-12 - INFO - Finished tokenizing 239868-v2.0.0-mixed: 4 centers, 16 frags.
2025-05-29 11:39:35,872 - ForkPoolWorker-5 - INFO - Finished tokenizing 241896-v2.0.0-mixed: 4 centers, 14 frags.
2025-05-29 11:39:35,872 - ForkPoolWorker-8 - INFO - Finished tokenizing 235494-v2.0.0-mixed: 3 centers, 13 frags.
2025-05-29 11:39:35,873 - ForkPoolWorker-10 - INFO - Finished tokenizing 242360-v2.0.0-mixed: 2 centers, 7 frags.
2025-05-29 11:39:35,873 - ForkPoolWorker-4 - INFO - Finished tokenizing 243287-v2.0.0-mixed: 6 centers, 17 frags.
2025-05-29 11:39:35,873 - ForkPoolWorker-3 - INFO - Finished tokenizing 242056-v2.0.0-mixed: 4 centers, 10 frags.
2025-05-29 11:39:35,873 - ForkPoolWorker-11 - INFO - Finished tokenizing 243492-v2.0.0-mixed: 10 centers, 22 frags.
2025-05-29 11:39:35,873 - ForkPoolWorker-1 - INFO - Tokenizing context file: 242055-v2.0.0-mixed
2025-05-29 11:39:35,873 - ForkPoolWorker-6 - INFO - Tokenizing context file: 242820-v2.0.0-mixed
2025-05-29 11:39:35,874 - ForkPoolWorker-2 - INFO - Tokenizing context file: 242793-v2.0.0-mixed
2025-05-29 11:39:35,874 - ForkPoolWorker-9 - INFO - Tokenizing context file: 243018-v2.0.0-mixed
2025-05-29 11:39:35,874 - ForkPoolWorker-12 - INFO - Tokenizing context file: 246831-v2.0.0-mixed
2025-05-29 11:39:35,874 - ForkPoolWorker-5 - INFO - Tokenizing context file: 248578-v2.0.0-mixed
2025-05-29 11:39:35,875 - ForkPoolWorker-8 - INFO - Tokenizing context file: 242442-v2.0.0-mixed
2025-05-29 11:39:35,875 - ForkPoolWorker-2 - INFO - Finished tokenizing 242793-v2.0.0-mixed: 4 centers, 13 frags.
2025-05-29 11:39:35,875 - ForkPoolWorker-1 - INFO - Finished tokenizing 242055-v2.0.0-mixed: 4 centers, 13 frags.
2025-05-29 11:39:35,875 - ForkPoolWorker-6 - INFO - Finished tokenizing 242820-v2.0.0-mixed: 5 centers, 17 frags.
2025-05-29 11:39:35,875 - ForkPoolWorker-9 - INFO - Finished tokenizing 243018-v2.0.0-mixed: 7 centers, 19 frags.
2025-05-29 11:39:35,875 - ForkPoolWorker-12 - INFO - Finished tokenizing 246831-v2.0.0-mixed: 1 centers, 7 frags.
2025-05-29 11:39:35,875 - ForkPoolWorker-5 - INFO - Finished tokenizing 248578-v2.0.0-mixed: 3 centers, 8 frags.
2025-05-29 11:39:35,876 - ForkPoolWorker-8 - INFO - Finished tokenizing 242442-v2.0.0-mixed: 7 centers, 19 frags.
2025-05-29 11:39:35,876 - ForkPoolWorker-10 - INFO - Tokenizing context file: 1495-v1.0.0-good
2025-05-29 11:39:35,876 - ForkPoolWorker-4 - INFO - Tokenizing context file: 247185-v2.0.0-mixed
2025-05-29 11:39:35,876 - ForkPoolWorker-3 - INFO - Tokenizing context file: 243551-v2.0.0-mixed
2025-05-29 11:39:35,876 - ForkPoolWorker-10 - INFO - Finished tokenizing 1495-v1.0.0-good: 2 centers, 6 frags.
2025-05-29 11:39:35,876 - ForkPoolWorker-7 - INFO - Finished tokenizing 241902-v2.0.0-mixed: 7 centers, 26 frags.
2025-05-29 11:39:35,877 - ForkPoolWorker-4 - INFO - Finished tokenizing 247185-v2.0.0-mixed: 3 centers, 9 frags.
2025-05-29 11:39:35,877 - ForkPoolWorker-3 - INFO - Finished tokenizing 243551-v2.0.0-mixed: 3 centers, 10 frags.
2025-05-29 11:39:35,877 - ForkPoolWorker-11 - INFO - Tokenizing context file: 241487-v2.0.0-mixed
2025-05-29 11:39:35,877 - ForkPoolWorker-2 - INFO - Tokenizing context file: 245557-v2.0.0-mixed
2025-05-29 11:39:35,877 - ForkPoolWorker-1 - INFO - Tokenizing context file: 242281-v2.0.0-mixed
2025-05-29 11:39:35,878 - ForkPoolWorker-2 - INFO - Finished tokenizing 245557-v2.0.0-mixed: 2 centers, 8 frags.
2025-05-29 11:39:35,878 - ForkPoolWorker-11 - INFO - Finished tokenizing 241487-v2.0.0-mixed: 2 centers, 10 frags.
2025-05-29 11:39:35,878 - ForkPoolWorker-6 - INFO - Tokenizing context file: 241774-v2.0.0-mixed
2025-05-29 11:39:35,878 - ForkPoolWorker-9 - INFO - Tokenizing context file: 242963-v2.0.0-mixed
2025-05-29 11:39:35,878 - ForkPoolWorker-12 - INFO - Tokenizing context file: 239068-v2.0.0-mixed
2025-05-29 11:39:35,879 - ForkPoolWorker-1 - INFO - Finished tokenizing 242281-v2.0.0-mixed: 4 centers, 16 frags.
2025-05-29 11:39:35,879 - ForkPoolWorker-5 - INFO - Tokenizing context file: 242743-v2.0.0-mixed
2025-05-29 11:39:35,879 - ForkPoolWorker-8 - INFO - Tokenizing context file: 241510-v2.0.0-mixed
2025-05-29 11:39:35,880 - ForkPoolWorker-10 - INFO - Tokenizing context file: 243472-v2.0.0-mixed
2025-05-29 11:39:35,880 - ForkPoolWorker-9 - INFO - Finished tokenizing 242963-v2.0.0-mixed: 4 centers, 14 frags.
2025-05-29 11:39:35,880 - ForkPoolWorker-12 - INFO - Finished tokenizing 239068-v2.0.0-mixed: 5 centers, 12 frags.
2025-05-29 11:39:35,880 - ForkPoolWorker-7 - INFO - Tokenizing context file: 242903-v2.0.0-mixed
2025-05-29 11:39:35,880 - ForkPoolWorker-4 - INFO - Tokenizing context file: 242775-v2.0.0-mixed
2025-05-29 11:39:35,880 - ForkPoolWorker-3 - INFO - Tokenizing context file: 244325-v2.0.0-mixed
2025-05-29 11:39:35,880 - ForkPoolWorker-6 - INFO - Finished tokenizing 241774-v2.0.0-mixed: 7 centers, 27 frags.
2025-05-29 11:39:35,881 - ForkPoolWorker-5 - INFO - Finished tokenizing 242743-v2.0.0-mixed: 2 centers, 20 frags.
2025-05-29 11:39:35,881 - ForkPoolWorker-8 - INFO - Finished tokenizing 241510-v2.0.0-mixed: 5 centers, 9 frags.
2025-05-29 11:39:35,881 - ForkPoolWorker-4 - INFO - Finished tokenizing 242775-v2.0.0-mixed: 2 centers, 9 frags.
2025-05-29 11:39:35,881 - ForkPoolWorker-7 - INFO - Finished tokenizing 242903-v2.0.0-mixed: 2 centers, 9 frags.
2025-05-29 11:39:35,881 - ForkPoolWorker-10 - INFO - Finished tokenizing 243472-v2.0.0-mixed: 7 centers, 24 frags.
2025-05-29 11:39:35,881 - ForkPoolWorker-3 - INFO - Finished tokenizing 244325-v2.0.0-mixed: 2 centers, 11 frags.
2025-05-29 11:39:35,882 - ForkPoolWorker-2 - INFO - Tokenizing context file: 245113-v2.0.0-mixed
2025-05-29 11:39:35,882 - ForkPoolWorker-11 - INFO - Tokenizing context file: 248056-v2.0.0-mixed
2025-05-29 11:39:35,882 - ForkPoolWorker-1 - INFO - Tokenizing context file: 244049-v2.0.0-mixed
2025-05-29 11:39:35,882 - ForkPoolWorker-9 - INFO - Tokenizing context file: 241456-v2.0.0-mixed
2025-05-29 11:39:35,882 - ForkPoolWorker-12 - INFO - Tokenizing context file: 243475-v2.0.0-mixed
2025-05-29 11:39:35,882 - ForkPoolWorker-6 - INFO - Tokenizing context file: 241937-v2.0.0-mixed
2025-05-29 11:39:35,883 - ForkPoolWorker-11 - INFO - Finished tokenizing 248056-v2.0.0-mixed: 1 centers, 5 frags.
2025-05-29 11:39:35,883 - ForkPoolWorker-12 - INFO - Finished tokenizing 243475-v2.0.0-mixed: 1 centers, 2 frags.
2025-05-29 11:39:35,883 - ForkPoolWorker-6 - INFO - Finished tokenizing 241937-v2.0.0-mixed: 1 centers, 2 frags.
2025-05-29 11:39:35,883 - ForkPoolWorker-1 - INFO - Finished tokenizing 244049-v2.0.0-mixed: 3 centers, 15 frags.
2025-05-29 11:39:35,883 - ForkPoolWorker-2 - INFO - Finished tokenizing 245113-v2.0.0-mixed: 5 centers, 13 frags.
2025-05-29 11:39:35,883 - ForkPoolWorker-9 - INFO - Finished tokenizing 241456-v2.0.0-mixed: 2 centers, 10 frags.
2025-05-29 11:39:35,883 - ForkPoolWorker-8 - INFO - Tokenizing context file: 243173-v2.0.0-mixed
2025-05-29 11:39:35,883 - ForkPoolWorker-5 - INFO - Tokenizing context file: 247679-v2.0.0-mixed
2025-05-29 11:39:35,883 - ForkPoolWorker-4 - INFO - Tokenizing context file: 242565-v2.0.0-mixed
2025-05-29 11:39:35,884 - ForkPoolWorker-5 - INFO - Finished tokenizing 247679-v2.0.0-mixed: 1 centers, 5 frags.
2025-05-29 11:39:35,884 - ForkPoolWorker-8 - INFO - Finished tokenizing 243173-v2.0.0-mixed: 4 centers, 17 frags.
2025-05-29 11:39:35,884 - ForkPoolWorker-4 - INFO - Finished tokenizing 242565-v2.0.0-mixed: 7 centers, 28 frags.
2025-05-29 11:39:35,885 - ForkPoolWorker-7 - INFO - Tokenizing context file: 243274-v2.0.0-mixed
2025-05-29 11:39:35,885 - ForkPoolWorker-3 - INFO - Tokenizing context file: 241898-v2.0.0-mixed
2025-05-29 11:39:35,885 - ForkPoolWorker-10 - INFO - Tokenizing context file: 243236-v2.0.0-mixed
2025-05-29 11:39:35,885 - ForkPoolWorker-12 - INFO - Tokenizing context file: 242282-v2.0.0-mixed
2025-05-29 11:39:35,885 - ForkPoolWorker-11 - INFO - Tokenizing context file: 240615-v2.0.0-mixed
2025-05-29 11:39:35,885 - ForkPoolWorker-6 - INFO - Tokenizing context file: 242709-v2.0.0-mixed
2025-05-29 11:39:35,885 - ForkPoolWorker-1 - INFO - Tokenizing context file: 235452-v2.0.0-mixed
2025-05-29 11:39:35,886 - ForkPoolWorker-2 - INFO - Tokenizing context file: 2191-v1.0.0-good
2025-05-29 11:39:35,886 - ForkPoolWorker-7 - INFO - Finished tokenizing 243274-v2.0.0-mixed: 4 centers, 14 frags.
2025-05-29 11:39:35,886 - ForkPoolWorker-12 - INFO - Finished tokenizing 242282-v2.0.0-mixed: 7 centers, 21 frags.
2025-05-29 11:39:35,886 - ForkPoolWorker-10 - INFO - Finished tokenizing 243236-v2.0.0-mixed: 10 centers, 22 frags.
2025-05-29 11:39:35,886 - ForkPoolWorker-3 - INFO - Finished tokenizing 241898-v2.0.0-mixed: 7 centers, 21 frags.
2025-05-29 11:39:35,886 - ForkPoolWorker-9 - INFO - Tokenizing context file: 234992-v2.0.0-mixed
2025-05-29 11:39:35,886 - ForkPoolWorker-5 - INFO - Tokenizing context file: 240695-v2.0.0-mixed
2025-05-29 11:39:35,886 - ForkPoolWorker-2 - INFO - Finished tokenizing 2191-v1.0.0-good: 1 centers, 3 frags.
2025-05-29 11:39:35,886 - ForkPoolWorker-12 - INFO - Tokenizing context file: 245877-v2.0.0-mixed
2025-05-29 11:39:35,886 - ForkPoolWorker-1 - INFO - Finished tokenizing 235452-v2.0.0-mixed: 2 centers, 8 frags.
2025-05-29 11:39:35,887 - ForkPoolWorker-10 - INFO - Tokenizing context file: 242728-v2.0.0-mixed
2025-05-29 11:39:35,887 - ForkPoolWorker-7 - INFO - Tokenizing context file: 247062-v2.0.0-mixed
2025-05-29 11:39:35,887 - ForkPoolWorker-11 - INFO - Finished tokenizing 240615-v2.0.0-mixed: 10 centers, 21 frags.
2025-05-29 11:39:35,887 - ForkPoolWorker-6 - INFO - Finished tokenizing 242709-v2.0.0-mixed: 6 centers, 20 frags.
2025-05-29 11:39:35,887 - ForkPoolWorker-12 - INFO - Finished tokenizing 245877-v2.0.0-mixed: 3 centers, 8 frags.
2025-05-29 11:39:35,887 - ForkPoolWorker-5 - INFO - Finished tokenizing 240695-v2.0.0-mixed: 2 centers, 9 frags.
2025-05-29 11:39:35,887 - ForkPoolWorker-7 - INFO - Finished tokenizing 247062-v2.0.0-mixed: 2 centers, 8 frags.
2025-05-29 11:39:35,887 - ForkPoolWorker-3 - INFO - Tokenizing context file: 243189-v2.0.0-mixed
2025-05-29 11:39:35,887 - ForkPoolWorker-10 - INFO - Finished tokenizing 242728-v2.0.0-mixed: 4 centers, 10 frags.
2025-05-29 11:39:35,888 - ForkPoolWorker-9 - INFO - Finished tokenizing 234992-v2.0.0-mixed: 5 centers, 18 frags.
2025-05-29 11:39:35,888 - ForkPoolWorker-3 - INFO - Finished tokenizing 243189-v2.0.0-mixed: 4 centers, 13 frags.
2025-05-29 11:39:35,888 - ForkPoolWorker-2 - INFO - Tokenizing context file: 243378-v2.0.0-mixed
2025-05-29 11:39:35,888 - ForkPoolWorker-4 - INFO - Tokenizing context file: 241762-v2.0.0-mixed
2025-05-29 11:39:35,888 - ForkPoolWorker-1 - INFO - Tokenizing context file: 241867-v2.0.0-mixed
2025-05-29 11:39:35,889 - ForkPoolWorker-2 - INFO - Finished tokenizing 243378-v2.0.0-mixed: 4 centers, 14 frags.
2025-05-29 11:39:35,889 - ForkPoolWorker-4 - INFO - Finished tokenizing 241762-v2.0.0-mixed: 10 centers, 19 frags.
2025-05-29 11:39:35,889 - ForkPoolWorker-1 - INFO - Finished tokenizing 241867-v2.0.0-mixed: 7 centers, 23 frags.
2025-05-29 11:39:35,890 - ForkPoolWorker-11 - INFO - Tokenizing context file: 243208-v2.0.0-mixed
2025-05-29 11:39:35,890 - ForkPoolWorker-8 - INFO - Tokenizing context file: 500728-v1.0.0-bad
2025-05-29 11:39:35,890 - ForkPoolWorker-8 - INFO - Finished tokenizing 500728-v1.0.0-bad: 2 centers, 4 frags.
2025-05-29 11:39:35,891 - ForkPoolWorker-11 - INFO - Finished tokenizing 243208-v2.0.0-mixed: 4 centers, 12 frags.
2025-05-29 11:39:35,891 - ForkPoolWorker-6 - INFO - Tokenizing context file: 246120-v2.0.0-mixed
2025-05-29 11:39:35,891 - ForkPoolWorker-12 - INFO - Tokenizing context file: 242654-v2.0.0-mixed
2025-05-29 11:39:35,891 - ForkPoolWorker-11 - INFO - Tokenizing context file: 239872-v2.0.0-mixed
2025-05-29 11:39:35,891 - ForkPoolWorker-6 - INFO - Finished tokenizing 246120-v2.0.0-mixed: 1 centers, 5 frags.
2025-05-29 11:39:35,891 - ForkPoolWorker-5 - INFO - Tokenizing context file: 243092-v2.0.0-mixed
2025-05-29 11:39:35,892 - ForkPoolWorker-10 - INFO - Tokenizing context file: 242934-v2.0.0-mixed
2025-05-29 11:39:35,892 - ForkPoolWorker-9 - INFO - Tokenizing context file: 247306-v2.0.0-mixed
2025-05-29 11:39:35,892 - ForkPoolWorker-12 - INFO - Finished tokenizing 242654-v2.0.0-mixed: 4 centers, 19 frags.
2025-05-29 11:39:35,892 - ForkPoolWorker-11 - INFO - Finished tokenizing 239872-v2.0.0-mixed: 7 centers, 24 frags.
2025-05-29 11:39:35,892 - ForkPoolWorker-5 - INFO - Finished tokenizing 243092-v2.0.0-mixed: 1 centers, 2 frags.
2025-05-29 11:39:35,892 - ForkPoolWorker-9 - INFO - Finished tokenizing 247306-v2.0.0-mixed: 2 centers, 10 frags.
2025-05-29 11:39:35,893 - ForkPoolWorker-3 - INFO - Tokenizing context file: 242609-v2.0.0-mixed
2025-05-29 11:39:35,893 - ForkPoolWorker-10 - INFO - Finished tokenizing 242934-v2.0.0-mixed: 2 centers, 20 frags.
2025-05-29 11:39:35,893 - ForkPoolWorker-2 - INFO - Tokenizing context file: 242448-v2.0.0-mixed
2025-05-29 11:39:35,893 - ForkPoolWorker-4 - INFO - Tokenizing context file: 243144-v2.0.0-mixed
2025-05-29 11:39:35,893 - ForkPoolWorker-3 - INFO - Finished tokenizing 242609-v2.0.0-mixed: 1 centers, 2 frags.
2025-05-29 11:39:35,894 - ForkPoolWorker-1 - INFO - Tokenizing context file: 241550-v2.0.0-mixed
2025-05-29 11:39:35,894 - ForkPoolWorker-4 - INFO - Finished tokenizing 243144-v2.0.0-mixed: 4 centers, 12 frags.
2025-05-29 11:39:35,894 - ForkPoolWorker-2 - INFO - Finished tokenizing 242448-v2.0.0-mixed: 4 centers, 14 frags.
2025-05-29 11:39:35,894 - ForkPoolWorker-8 - INFO - Tokenizing context file: 242028-v2.0.0-mixed
2025-05-29 11:39:35,894 - ForkPoolWorker-7 - INFO - Tokenizing context file: 500993-v1.0.0-bad
2025-05-29 11:39:35,894 - ForkPoolWorker-6 - INFO - Tokenizing context file: 244221-v2.0.0-mixed
2025-05-29 11:39:35,894 - ForkPoolWorker-12 - INFO - Tokenizing context file: 243080-v2.0.0-mixed
2025-05-29 11:39:35,894 - ForkPoolWorker-11 - INFO - Tokenizing context file: 1539-v1.0.0-bad
2025-05-29 11:39:35,894 - ForkPoolWorker-5 - INFO - Tokenizing context file: 500907-v1.0.0-bad
2025-05-29 11:39:35,894 - ForkPoolWorker-1 - INFO - Finished tokenizing 241550-v2.0.0-mixed: 1 centers, 4 frags.
2025-05-29 11:39:35,894 - ForkPoolWorker-7 - INFO - Finished tokenizing 500993-v1.0.0-bad: 1 centers, 4 frags.
2025-05-29 11:39:35,895 - ForkPoolWorker-6 - INFO - Finished tokenizing 244221-v2.0.0-mixed: 3 centers, 8 frags.
2025-05-29 11:39:35,895 - ForkPoolWorker-11 - INFO - Finished tokenizing 1539-v1.0.0-bad: 2 centers, 4 frags.
2025-05-29 11:39:35,895 - ForkPoolWorker-5 - INFO - Finished tokenizing 500907-v1.0.0-bad: 1 centers, 3 frags.
2025-05-29 11:39:35,895 - ForkPoolWorker-12 - INFO - Finished tokenizing 243080-v2.0.0-mixed: 4 centers, 12 frags.
2025-05-29 11:39:35,895 - ForkPoolWorker-8 - INFO - Finished tokenizing 242028-v2.0.0-mixed: 7 centers, 27 frags.
2025-05-29 11:39:35,895 - ForkPoolWorker-9 - INFO - Tokenizing context file: 239672-v2.0.0-mixed
2025-05-29 11:39:35,896 - ForkPoolWorker-10 - INFO - Tokenizing context file: 242155-v2.0.0-mixed
2025-05-29 11:39:35,896 - ForkPoolWorker-3 - INFO - Tokenizing context file: 245983-v2.0.0-mixed
2025-05-29 11:39:35,896 - ForkPoolWorker-4 - INFO - Tokenizing context file: 247017-v2.0.0-mixed
2025-05-29 11:39:35,896 - ForkPoolWorker-3 - INFO - Finished tokenizing 245983-v2.0.0-mixed: 1 centers, 7 frags.
2025-05-29 11:39:35,896 - ForkPoolWorker-4 - INFO - Finished tokenizing 247017-v2.0.0-mixed: 2 centers, 8 frags.
2025-05-29 11:39:35,896 - ForkPoolWorker-2 - INFO - Tokenizing context file: 1989-v1.0.0-bad
2025-05-29 11:39:35,896 - ForkPoolWorker-4 - INFO - Tokenizing context file: 234170-v2.0.0-mixed
2025-05-29 11:39:35,896 - ForkPoolWorker-9 - INFO - Finished tokenizing 239672-v2.0.0-mixed: 4 centers, 14 frags.
2025-05-29 11:39:35,896 - ForkPoolWorker-7 - INFO - Tokenizing context file: 242646-v2.0.0-mixed
2025-05-29 11:39:35,897 - ForkPoolWorker-1 - INFO - Tokenizing context file: 248273-v2.0.0-mixed
2025-05-29 11:39:35,897 - ForkPoolWorker-11 - INFO - Tokenizing context file: 1973-v1.0.0-bad
2025-05-29 11:39:35,897 - ForkPoolWorker-6 - INFO - Tokenizing context file: 247253-v2.0.0-mixed
2025-05-29 11:39:35,897 - ForkPoolWorker-5 - INFO - Tokenizing context file: 248369-v2.0.0-mixed
2025-05-29 11:39:35,897 - ForkPoolWorker-10 - INFO - Finished tokenizing 242155-v2.0.0-mixed: 7 centers, 23 frags.
2025-05-29 11:39:35,897 - ForkPoolWorker-8 - INFO - Tokenizing context file: 234332-v2.0.0-mixed
2025-05-29 11:39:35,897 - ForkPoolWorker-10 - INFO - Tokenizing context file: 500719-v1.0.0-bad
2025-05-29 11:39:35,897 - ForkPoolWorker-4 - INFO - Finished tokenizing 234170-v2.0.0-mixed: 1 centers, 2 frags.
2025-05-29 11:39:35,897 - ForkPoolWorker-4 - INFO - Tokenizing context file: 242276-v2.0.0-mixed
2025-05-29 11:39:35,897 - ForkPoolWorker-2 - INFO - Finished tokenizing 1989-v1.0.0-bad: 1 centers, 5 frags.
2025-05-29 11:39:35,897 - ForkPoolWorker-12 - INFO - Tokenizing context file: 241828-v2.0.0-mixed
2025-05-29 11:39:35,897 - ForkPoolWorker-2 - INFO - Tokenizing context file: 245368-v2.0.0-mixed
2025-05-29 11:39:35,897 - ForkPoolWorker-9 - INFO - Tokenizing context file: 241796-v2.0.0-mixed
2025-05-29 11:39:35,897 - ForkPoolWorker-11 - INFO - Finished tokenizing 1973-v1.0.0-bad: 3 centers, 7 frags.
2025-05-29 11:39:35,897 - ForkPoolWorker-1 - INFO - Finished tokenizing 248273-v2.0.0-mixed: 4 centers, 10 frags.
2025-05-29 11:39:35,897 - ForkPoolWorker-6 - INFO - Finished tokenizing 247253-v2.0.0-mixed: 2 centers, 9 frags.
2025-05-29 11:39:35,897 - ForkPoolWorker-11 - INFO - Tokenizing context file: 248237-v2.0.0-mixed
2025-05-29 11:39:35,897 - ForkPoolWorker-5 - INFO - Finished tokenizing 248369-v2.0.0-mixed: 4 centers, 9 frags.
2025-05-29 11:39:35,898 - ForkPoolWorker-10 - INFO - Finished tokenizing 500719-v1.0.0-bad: 1 centers, 3 frags.
2025-05-29 11:39:35,898 - ForkPoolWorker-3 - INFO - Tokenizing context file: 247159-v2.0.0-mixed
2025-05-29 11:39:35,898 - ForkPoolWorker-7 - INFO - Finished tokenizing 242646-v2.0.0-mixed: 2 centers, 20 frags.
2025-05-29 11:39:35,898 - ForkPoolWorker-2 - INFO - Finished tokenizing 245368-v2.0.0-mixed: 1 centers, 5 frags.
2025-05-29 11:39:35,898 - ForkPoolWorker-11 - INFO - Finished tokenizing 248237-v2.0.0-mixed: 3 centers, 8 frags.
2025-05-29 11:39:35,898 - ForkPoolWorker-3 - INFO - Finished tokenizing 247159-v2.0.0-mixed: 1 centers, 7 frags.
2025-05-29 11:39:35,898 - ForkPoolWorker-5 - INFO - Tokenizing context file: 243638-v2.0.0-mixed
2025-05-29 11:39:35,898 - ForkPoolWorker-6 - INFO - Tokenizing context file: 242065-v2.0.0-mixed
2025-05-29 11:39:35,898 - ForkPoolWorker-12 - INFO - Finished tokenizing 241828-v2.0.0-mixed: 5 centers, 21 frags.
2025-05-29 11:39:35,898 - ForkPoolWorker-3 - INFO - Tokenizing context file: 246809-v2.0.0-mixed
2025-05-29 11:39:35,899 - ForkPoolWorker-1 - INFO - Tokenizing context file: 243998-v2.0.0-mixed
2025-05-29 11:39:35,899 - ForkPoolWorker-8 - INFO - Finished tokenizing 234332-v2.0.0-mixed: 5 centers, 20 frags.
2025-05-29 11:39:35,898 - ForkPoolWorker-9 - INFO - Finished tokenizing 241796-v2.0.0-mixed: 5 centers, 17 frags.
2025-05-29 11:39:35,899 - ForkPoolWorker-10 - INFO - Tokenizing context file: 248341-v2.0.0-mixed
2025-05-29 11:39:35,899 - ForkPoolWorker-6 - INFO - Finished tokenizing 242065-v2.0.0-mixed: 1 centers, 2 frags.
2025-05-29 11:39:35,899 - ForkPoolWorker-10 - INFO - Finished tokenizing 248341-v2.0.0-mixed: 2 centers, 10 frags.
2025-05-29 11:39:35,899 - ForkPoolWorker-4 - INFO - Finished tokenizing 242276-v2.0.0-mixed: 5 centers, 17 frags.
2025-05-29 11:39:35,900 - ForkPoolWorker-5 - INFO - Finished tokenizing 243638-v2.0.0-mixed: 3 centers, 10 frags.
2025-05-29 11:39:35,900 - ForkPoolWorker-3 - INFO - Finished tokenizing 246809-v2.0.0-mixed: 4 centers, 12 frags.
2025-05-29 11:39:35,900 - ForkPoolWorker-1 - INFO - Finished tokenizing 243998-v2.0.0-mixed: 7 centers, 26 frags.
2025-05-29 11:39:35,900 - ForkPoolWorker-2 - INFO - Tokenizing context file: 243038-v2.0.0-mixed
2025-05-29 11:39:35,900 - ForkPoolWorker-11 - INFO - Tokenizing context file: 243191-v2.0.0-mixed
2025-05-29 11:39:35,900 - ForkPoolWorker-12 - INFO - Tokenizing context file: 240262-v2.0.0-mixed
2025-05-29 11:39:35,901 - ForkPoolWorker-7 - INFO - Tokenizing context file: 245222-v2.0.0-mixed
2025-05-29 11:39:35,901 - ForkPoolWorker-8 - INFO - Tokenizing context file: 235297-v2.0.0-mixed
2025-05-29 11:39:35,901 - ForkPoolWorker-12 - INFO - Finished tokenizing 240262-v2.0.0-mixed: 1 centers, 2 frags.
2025-05-29 11:39:35,901 - ForkPoolWorker-11 - INFO - Finished tokenizing 243191-v2.0.0-mixed: 6 centers, 17 frags.
2025-05-29 11:39:35,901 - ForkPoolWorker-2 - INFO - Finished tokenizing 243038-v2.0.0-mixed: 4 centers, 19 frags.
2025-05-29 11:39:35,901 - ForkPoolWorker-7 - INFO - Finished tokenizing 245222-v2.0.0-mixed: 2 centers, 8 frags.
2025-05-29 11:39:35,901 - ForkPoolWorker-9 - INFO - Tokenizing context file: 242788-v2.0.0-mixed
2025-05-29 11:39:35,901 - ForkPoolWorker-6 - INFO - Tokenizing context file: 242243-v2.0.0-mixed
2025-05-29 11:39:35,901 - ForkPoolWorker-10 - INFO - Tokenizing context file: 1999-v1.0.0-bad
2025-05-29 11:39:35,902 - ForkPoolWorker-5 - INFO - Tokenizing context file: 246212-v2.0.0-mixed
2025-05-29 11:39:35,902 - ForkPoolWorker-4 - INFO - Tokenizing context file: 243244-v2.0.0-mixed
2025-05-29 11:39:35,902 - ForkPoolWorker-3 - INFO - Tokenizing context file: 242915-v2.0.0-mixed
2025-05-29 11:39:35,902 - ForkPoolWorker-8 - INFO - Finished tokenizing 235297-v2.0.0-mixed: 3 centers, 15 frags.
2025-05-29 11:39:35,902 - ForkPoolWorker-10 - INFO - Finished tokenizing 1999-v1.0.0-bad: 1 centers, 3 frags.
2025-05-29 11:39:35,902 - ForkPoolWorker-3 - INFO - Finished tokenizing 242915-v2.0.0-mixed: 4 centers, 15 frags.
2025-05-29 11:39:35,902 - ForkPoolWorker-6 - INFO - Finished tokenizing 242243-v2.0.0-mixed: 4 centers, 15 frags.
2025-05-29 11:39:35,902 - ForkPoolWorker-5 - INFO - Finished tokenizing 246212-v2.0.0-mixed: 2 centers, 11 frags.
2025-05-29 11:39:35,903 - ForkPoolWorker-4 - INFO - Finished tokenizing 243244-v2.0.0-mixed: 7 centers, 19 frags.
2025-05-29 11:39:35,903 - ForkPoolWorker-9 - INFO - Finished tokenizing 242788-v2.0.0-mixed: 5 centers, 21 frags.
2025-05-29 11:39:35,903 - ForkPoolWorker-7 - INFO - Tokenizing context file: 248674-v2.0.0-mixed
2025-05-29 11:39:35,903 - ForkPoolWorker-12 - INFO - Tokenizing context file: 242994-v2.0.0-mixed
2025-05-29 11:39:35,903 - ForkPoolWorker-11 - INFO - Tokenizing context file: 1541-v1.0.0-bad
2025-05-29 11:39:35,903 - ForkPoolWorker-2 - INFO - Tokenizing context file: 242351-v2.0.0-mixed
2025-05-29 11:39:35,903 - ForkPoolWorker-1 - INFO - Tokenizing context file: 501008-v1.0.0-bad
2025-05-29 11:39:35,903 - ForkPoolWorker-12 - INFO - Finished tokenizing 242994-v2.0.0-mixed: 1 centers, 2 frags.
2025-05-29 11:39:35,904 - ForkPoolWorker-11 - INFO - Finished tokenizing 1541-v1.0.0-bad: 2 centers, 4 frags.
2025-05-29 11:39:35,904 - ForkPoolWorker-1 - INFO - Finished tokenizing 501008-v1.0.0-bad: 1 centers, 3 frags.
2025-05-29 11:39:35,904 - ForkPoolWorker-7 - INFO - Finished tokenizing 248674-v2.0.0-mixed: 3 centers, 8 frags.
2025-05-29 11:39:35,904 - ForkPoolWorker-8 - INFO - Tokenizing context file: 245176-v2.0.0-mixed
2025-05-29 11:39:35,904 - ForkPoolWorker-10 - INFO - Tokenizing context file: 235605-v2.0.0-mixed
2025-05-29 11:39:35,904 - ForkPoolWorker-3 - INFO - Tokenizing context file: 244281-v2.0.0-mixed
2025-05-29 11:39:35,904 - ForkPoolWorker-2 - INFO - Finished tokenizing 242351-v2.0.0-mixed: 4 centers, 16 frags.
2025-05-29 11:39:35,904 - ForkPoolWorker-8 - INFO - Finished tokenizing 245176-v2.0.0-mixed: 1 centers, 5 frags.
2025-05-29 11:39:35,905 - ForkPoolWorker-3 - INFO - Finished tokenizing 244281-v2.0.0-mixed: 3 centers, 12 frags.
2025-05-29 11:39:35,905 - ForkPoolWorker-6 - INFO - Tokenizing context file: 235811-v2.0.0-mixed
2025-05-29 11:39:35,905 - ForkPoolWorker-10 - INFO - Finished tokenizing 235605-v2.0.0-mixed: 7 centers, 20 frags.
2025-05-29 11:39:35,905 - ForkPoolWorker-5 - INFO - Tokenizing context file: 241758-v2.0.0-mixed
2025-05-29 11:39:35,905 - ForkPoolWorker-4 - INFO - Tokenizing context file: 242880-v2.0.0-mixed
2025-05-29 11:39:35,906 - ForkPoolWorker-6 - INFO - Finished tokenizing 235811-v2.0.0-mixed: 4 centers, 15 frags.
2025-05-29 11:39:35,906 - ForkPoolWorker-5 - INFO - Finished tokenizing 241758-v2.0.0-mixed: 4 centers, 13 frags.
2025-05-29 11:39:35,906 - ForkPoolWorker-6 - INFO - Tokenizing context file: 241715-v2.0.0-mixed
2025-05-29 11:39:35,906 - ForkPoolWorker-9 - INFO - Tokenizing context file: 242807-v2.0.0-mixed
2025-05-29 11:39:35,906 - ForkPoolWorker-12 - INFO - Tokenizing context file: 246546-v2.0.0-mixed
2025-05-29 11:39:35,906 - ForkPoolWorker-4 - INFO - Finished tokenizing 242880-v2.0.0-mixed: 6 centers, 26 frags.
2025-05-29 11:39:35,907 - ForkPoolWorker-9 - INFO - Finished tokenizing 242807-v2.0.0-mixed: 2 centers, 9 frags.
2025-05-29 11:39:35,907 - ForkPoolWorker-12 - INFO - Finished tokenizing 246546-v2.0.0-mixed: 2 centers, 8 frags.
2025-05-29 11:39:35,907 - ForkPoolWorker-6 - INFO - Finished tokenizing 241715-v2.0.0-mixed: 4 centers, 14 frags.
2025-05-29 11:39:35,907 - ForkPoolWorker-5 - INFO - Tokenizing context file: 242081-v2.0.0-mixed
2025-05-29 11:39:35,908 - ForkPoolWorker-2 - INFO - Tokenizing context file: 241520-v2.0.0-mixed
2025-05-29 11:39:35,908 - ForkPoolWorker-8 - INFO - Tokenizing context file: 241861-v2.0.0-mixed
2025-05-29 11:39:35,908 - ForkPoolWorker-7 - INFO - Tokenizing context file: 242300-v2.0.0-mixed
2025-05-29 11:39:35,909 - ForkPoolWorker-2 - INFO - Finished tokenizing 241520-v2.0.0-mixed: 3 centers, 11 frags.
2025-05-29 11:39:35,909 - ForkPoolWorker-3 - INFO - Tokenizing context file: 242104-v2.0.0-mixed
2025-05-29 11:39:35,909 - ForkPoolWorker-10 - INFO - Tokenizing context file: 242369-v2.0.0-mixed
2025-05-29 11:39:35,909 - ForkPoolWorker-11 - INFO - Tokenizing context file: 241389-v2.0.0-mixed
2025-05-29 11:39:35,909 - ForkPoolWorker-1 - INFO - Tokenizing context file: 246433-v2.0.0-mixed
2025-05-29 11:39:35,909 - ForkPoolWorker-8 - INFO - Finished tokenizing 241861-v2.0.0-mixed: 7 centers, 21 frags.
2025-05-29 11:39:35,909 - ForkPoolWorker-7 - INFO - Finished tokenizing 242300-v2.0.0-mixed: 6 centers, 24 frags.
2025-05-29 11:39:35,909 - ForkPoolWorker-11 - INFO - Finished tokenizing 241389-v2.0.0-mixed: 1 centers, 4 frags.
2025-05-29 11:39:35,910 - ForkPoolWorker-3 - INFO - Finished tokenizing 242104-v2.0.0-mixed: 2 centers, 9 frags.
2025-05-29 11:39:35,910 - ForkPoolWorker-1 - INFO - Finished tokenizing 246433-v2.0.0-mixed: 4 centers, 11 frags.
2025-05-29 11:39:35,910 - ForkPoolWorker-5 - INFO - Finished tokenizing 242081-v2.0.0-mixed: 26 centers, 40 frags.
2025-05-29 11:39:35,910 - ForkPoolWorker-4 - INFO - Tokenizing context file: 248476-v2.0.0-mixed
2025-05-29 11:39:35,910 - ForkPoolWorker-9 - INFO - Tokenizing context file: 243943-v2.0.0-mixed
2025-05-29 11:39:35,910 - ForkPoolWorker-12 - INFO - Tokenizing context file: 500825-v1.0.0-bad
2025-05-29 11:39:35,911 - ForkPoolWorker-12 - INFO - Finished tokenizing 500825-v1.0.0-bad: 1 centers, 2 frags.
2025-05-29 11:39:35,911 - ForkPoolWorker-9 - INFO - Finished tokenizing 243943-v2.0.0-mixed: 2 centers, 6 frags.
2025-05-29 11:39:35,911 - ForkPoolWorker-10 - INFO - Finished tokenizing 242369-v2.0.0-mixed: 26 centers, 40 frags.
2025-05-29 11:39:35,911 - ForkPoolWorker-4 - INFO - Finished tokenizing 248476-v2.0.0-mixed: 2 centers, 8 frags.
2025-05-29 11:39:35,912 - ForkPoolWorker-1 - INFO - Tokenizing context file: 235451-v2.0.0-mixed
2025-05-29 11:39:35,912 - ForkPoolWorker-2 - INFO - Tokenizing context file: 500848-v1.0.0-bad
2025-05-29 11:39:35,912 - ForkPoolWorker-8 - INFO - Tokenizing context file: 243962-v2.0.0-mixed
2025-05-29 11:39:35,912 - ForkPoolWorker-11 - INFO - Tokenizing context file: 248469-v2.0.0-mixed
2025-05-29 11:39:35,912 - ForkPoolWorker-7 - INFO - Tokenizing context file: 244846-v2.0.0-mixed
2025-05-29 11:39:35,912 - ForkPoolWorker-3 - INFO - Tokenizing context file: 235157-v2.0.0-mixed
2025-05-29 11:39:35,913 - ForkPoolWorker-2 - INFO - Finished tokenizing 500848-v1.0.0-bad: 2 centers, 3 frags.
2025-05-29 11:39:35,913 - ForkPoolWorker-1 - INFO - Finished tokenizing 235451-v2.0.0-mixed: 2 centers, 8 frags.
2025-05-29 11:39:35,913 - ForkPoolWorker-7 - INFO - Finished tokenizing 244846-v2.0.0-mixed: 2 centers, 9 frags.
2025-05-29 11:39:35,913 - ForkPoolWorker-11 - INFO - Finished tokenizing 248469-v2.0.0-mixed: 3 centers, 8 frags.
2025-05-29 11:39:35,913 - ForkPoolWorker-8 - INFO - Finished tokenizing 243962-v2.0.0-mixed: 7 centers, 25 frags.
2025-05-29 11:39:35,914 - ForkPoolWorker-3 - INFO - Finished tokenizing 235157-v2.0.0-mixed: 9 centers, 30 frags.
2025-05-29 11:39:35,915 - ForkPoolWorker-6 - INFO - Tokenizing context file: 247208-v2.0.0-mixed
2025-05-29 11:39:35,915 - ForkPoolWorker-6 - INFO - Finished tokenizing 247208-v2.0.0-mixed: 1 centers, 5 frags.
2025-05-29 11:39:35,916 - ForkPoolWorker-5 - INFO - Tokenizing context file: 500938-v1.0.0-bad
2025-05-29 11:39:35,916 - ForkPoolWorker-12 - INFO - Tokenizing context file: 500743-v1.0.0-bad
2025-05-29 11:39:35,916 - ForkPoolWorker-9 - INFO - Tokenizing context file: 242531-v2.0.0-mixed
2025-05-29 11:39:35,917 - ForkPoolWorker-5 - INFO - Finished tokenizing 500938-v1.0.0-bad: 1 centers, 2 frags.
2025-05-29 11:39:35,917 - ForkPoolWorker-12 - INFO - Finished tokenizing 500743-v1.0.0-bad: 1 centers, 5 frags.
2025-05-29 11:39:35,917 - ForkPoolWorker-10 - INFO - Tokenizing context file: 248530-v2.0.0-mixed
2025-05-29 11:39:35,917 - ForkPoolWorker-9 - INFO - Finished tokenizing 242531-v2.0.0-mixed: 4 centers, 15 frags.
2025-05-29 11:39:35,918 - ForkPoolWorker-10 - INFO - Finished tokenizing 248530-v2.0.0-mixed: 3 centers, 11 frags.
2025-05-29 11:39:35,918 - ForkPoolWorker-10 - INFO - Tokenizing context file: 2024-v1.0.0-good
2025-05-29 11:39:35,918 - ForkPoolWorker-2 - INFO - Tokenizing context file: 243973-v2.0.0-mixed
2025-05-29 11:39:35,918 - ForkPoolWorker-4 - INFO - Tokenizing context file: 247009-v2.0.0-mixed
2025-05-29 11:39:35,918 - ForkPoolWorker-11 - INFO - Tokenizing context file: 2059-v1.0.0-good
2025-05-29 11:39:35,918 - ForkPoolWorker-7 - INFO - Tokenizing context file: 500791-v1.0.0-bad
2025-05-29 11:39:35,919 - ForkPoolWorker-8 - INFO - Tokenizing context file: 242815-v2.0.0-mixed
2025-05-29 11:39:35,919 - ForkPoolWorker-7 - INFO - Finished tokenizing 500791-v1.0.0-bad: 2 centers, 5 frags.
2025-05-29 11:39:35,919 - ForkPoolWorker-10 - INFO - Finished tokenizing 2024-v1.0.0-good: 3 centers, 9 frags.
2025-05-29 11:39:35,919 - ForkPoolWorker-4 - INFO - Finished tokenizing 247009-v2.0.0-mixed: 3 centers, 9 frags.
2025-05-29 11:39:35,919 - ForkPoolWorker-11 - INFO - Finished tokenizing 2059-v1.0.0-good: 3 centers, 10 frags.
2025-05-29 11:39:35,920 - ForkPoolWorker-2 - INFO - Finished tokenizing 243973-v2.0.0-mixed: 6 centers, 29 frags.
2025-05-29 11:39:35,920 - ForkPoolWorker-3 - INFO - Tokenizing context file: 246502-v2.0.0-mixed
2025-05-29 11:39:35,920 - ForkPoolWorker-6 - INFO - Tokenizing context file: 243723-v2.0.0-mixed
2025-05-29 11:39:35,920 - ForkPoolWorker-5 - INFO - Tokenizing context file: 248177-v2.0.0-mixed
2025-05-29 11:39:35,920 - ForkPoolWorker-8 - INFO - Finished tokenizing 242815-v2.0.0-mixed: 6 centers, 22 frags.
2025-05-29 11:39:35,920 - ForkPoolWorker-2 - INFO - Tokenizing context file: 242261-v2.0.0-mixed
2025-05-29 11:39:35,920 - ForkPoolWorker-9 - INFO - Tokenizing context file: 245086-v2.0.0-mixed
2025-05-29 11:39:35,921 - ForkPoolWorker-5 - INFO - Finished tokenizing 248177-v2.0.0-mixed: 3 centers, 8 frags.
2025-05-29 11:39:35,921 - ForkPoolWorker-6 - INFO - Finished tokenizing 243723-v2.0.0-mixed: 3 centers, 10 frags.
2025-05-29 11:39:35,921 - ForkPoolWorker-3 - INFO - Finished tokenizing 246502-v2.0.0-mixed: 2 centers, 8 frags.
2025-05-29 11:39:35,921 - ForkPoolWorker-9 - INFO - Finished tokenizing 245086-v2.0.0-mixed: 2 centers, 8 frags.
2025-05-29 11:39:35,921 - ForkPoolWorker-8 - INFO - Tokenizing context file: 242406-v2.0.0-mixed
2025-05-29 11:39:35,921 - ForkPoolWorker-7 - INFO - Tokenizing context file: 1540-v1.0.0-bad
2025-05-29 11:39:35,921 - ForkPoolWorker-10 - INFO - Tokenizing context file: 242804-v2.0.0-mixed
2025-05-29 11:39:35,921 - ForkPoolWorker-4 - INFO - Tokenizing context file: 243285-v2.0.0-mixed
2025-05-29 11:39:35,922 - ForkPoolWorker-8 - INFO - Finished tokenizing 242406-v2.0.0-mixed: 4 centers, 14 frags.
2025-05-29 11:39:35,922 - ForkPoolWorker-2 - INFO - Finished tokenizing 242261-v2.0.0-mixed: 6 centers, 32 frags.
2025-05-29 11:39:35,922 - ForkPoolWorker-7 - INFO - Finished tokenizing 1540-v1.0.0-bad: 3 centers, 9 frags.
2025-05-29 11:39:35,922 - ForkPoolWorker-4 - INFO - Finished tokenizing 243285-v2.0.0-mixed: 4 centers, 13 frags.
2025-05-29 11:39:35,922 - ForkPoolWorker-11 - INFO - Tokenizing context file: 243387-v2.0.0-mixed
2025-05-29 11:39:35,922 - ForkPoolWorker-12 - INFO - Tokenizing context file: 242296-v2.0.0-mixed
2025-05-29 11:39:35,922 - ForkPoolWorker-1 - INFO - Tokenizing context file: 242584-v2.0.0-mixed
2025-05-29 11:39:35,922 - ForkPoolWorker-6 - INFO - Tokenizing context file: 500772-v1.0.0-bad
2025-05-29 11:39:35,922 - ForkPoolWorker-4 - INFO - Tokenizing context file: 234930-v2.0.0-mixed
2025-05-29 11:39:35,923 - ForkPoolWorker-10 - INFO - Finished tokenizing 242804-v2.0.0-mixed: 18 centers, 23 frags.
2025-05-29 11:39:35,923 - ForkPoolWorker-3 - INFO - Tokenizing context file: 242884-v2.0.0-mixed
2025-05-29 11:39:35,923 - ForkPoolWorker-7 - INFO - Tokenizing context file: 242083-v2.0.0-mixed
2025-05-29 11:39:35,923 - ForkPoolWorker-8 - INFO - Tokenizing context file: 501023-v1.0.0-bad
2025-05-29 11:39:35,923 - ForkPoolWorker-9 - INFO - Tokenizing context file: 247156-v2.0.0-mixed
2025-05-29 11:39:35,923 - ForkPoolWorker-6 - INFO - Finished tokenizing 500772-v1.0.0-bad: 1 centers, 5 frags.
2025-05-29 11:39:35,923 - ForkPoolWorker-11 - INFO - Finished tokenizing 243387-v2.0.0-mixed: 2 centers, 6 frags.
2025-05-29 11:39:35,923 - ForkPoolWorker-4 - INFO - Finished tokenizing 234930-v2.0.0-mixed: 3 centers, 10 frags.
2025-05-29 11:39:35,923 - ForkPoolWorker-1 - INFO - Finished tokenizing 242584-v2.0.0-mixed: 2 centers, 9 frags.
2025-05-29 11:39:35,923 - ForkPoolWorker-12 - INFO - Finished tokenizing 242296-v2.0.0-mixed: 2 centers, 9 frags.
2025-05-29 11:39:35,923 - ForkPoolWorker-8 - INFO - Finished tokenizing 501023-v1.0.0-bad: 1 centers, 4 frags.
2025-05-29 11:39:35,924 - ForkPoolWorker-2 - INFO - Tokenizing context file: 242080-v2.0.0-mixed
2025-05-29 11:39:35,924 - ForkPoolWorker-5 - INFO - Tokenizing context file: 240036-v2.0.0-mixed
2025-05-29 11:39:35,924 - ForkPoolWorker-9 - INFO - Finished tokenizing 247156-v2.0.0-mixed: 2 centers, 11 frags.
2025-05-29 11:39:35,924 - ForkPoolWorker-7 - INFO - Finished tokenizing 242083-v2.0.0-mixed: 4 centers, 14 frags.
2025-05-29 11:39:35,924 - ForkPoolWorker-3 - INFO - Finished tokenizing 242884-v2.0.0-mixed: 5 centers, 21 frags.
2025-05-29 11:39:35,924 - ForkPoolWorker-5 - INFO - Finished tokenizing 240036-v2.0.0-mixed: 4 centers, 14 frags.
2025-05-29 11:39:35,925 - ForkPoolWorker-10 - INFO - Tokenizing context file: 235095-v2.0.0-mixed
2025-05-29 11:39:35,925 - ForkPoolWorker-6 - INFO - Tokenizing context file: 240768-v2.0.0-mixed
2025-05-29 11:39:35,925 - ForkPoolWorker-11 - INFO - Tokenizing context file: 242667-v2.0.0-mixed
2025-05-29 11:39:35,925 - ForkPoolWorker-4 - INFO - Tokenizing context file: 243155-v2.0.0-mixed
2025-05-29 11:39:35,925 - ForkPoolWorker-2 - INFO - Finished tokenizing 242080-v2.0.0-mixed: 6 centers, 35 frags.
2025-05-29 11:39:35,925 - ForkPoolWorker-4 - INFO - Finished tokenizing 243155-v2.0.0-mixed: 1 centers, 2 frags.
2025-05-29 11:39:35,926 - ForkPoolWorker-6 - INFO - Finished tokenizing 240768-v2.0.0-mixed: 4 centers, 13 frags.
2025-05-29 11:39:35,926 - ForkPoolWorker-10 - INFO - Finished tokenizing 235095-v2.0.0-mixed: 3 centers, 10 frags.
2025-05-29 11:39:35,926 - ForkPoolWorker-1 - INFO - Tokenizing context file: 243227-v2.0.0-mixed
2025-05-29 11:39:35,926 - ForkPoolWorker-12 - INFO - Tokenizing context file: 2063-v1.0.0-bad
2025-05-29 11:39:35,926 - ForkPoolWorker-8 - INFO - Tokenizing context file: 242515-v2.0.0-mixed
2025-05-29 11:39:35,926 - ForkPoolWorker-9 - INFO - Tokenizing context file: 500731-v1.0.0-bad
2025-05-29 11:39:35,926 - ForkPoolWorker-7 - INFO - Tokenizing context file: 246973-v2.0.0-mixed
2025-05-29 11:39:35,926 - ForkPoolWorker-11 - INFO - Finished tokenizing 242667-v2.0.0-mixed: 7 centers, 25 frags.
2025-05-29 11:39:35,926 - ForkPoolWorker-3 - INFO - Tokenizing context file: 500824-v1.0.0-bad
2025-05-29 11:39:35,927 - ForkPoolWorker-5 - INFO - Tokenizing context file: 242347-v2.0.0-mixed
2025-05-29 11:39:35,927 - ForkPoolWorker-1 - INFO - Finished tokenizing 243227-v2.0.0-mixed: 2 centers, 6 frags.
2025-05-29 11:39:35,927 - ForkPoolWorker-7 - INFO - Finished tokenizing 246973-v2.0.0-mixed: 2 centers, 8 frags.
2025-05-29 11:39:35,927 - ForkPoolWorker-9 - INFO - Finished tokenizing 500731-v1.0.0-bad: 2 centers, 4 frags.
2025-05-29 11:39:35,927 - ForkPoolWorker-12 - INFO - Finished tokenizing 2063-v1.0.0-bad: 2 centers, 10 frags.
2025-05-29 11:39:35,927 - ForkPoolWorker-8 - INFO - Finished tokenizing 242515-v2.0.0-mixed: 4 centers, 14 frags.
2025-05-29 11:39:35,927 - ForkPoolWorker-3 - INFO - Finished tokenizing 500824-v1.0.0-bad: 1 centers, 3 frags.
2025-05-29 11:39:35,928 - ForkPoolWorker-5 - INFO - Finished tokenizing 242347-v2.0.0-mixed: 7 centers, 23 frags.
2025-05-29 11:39:35,937 - ForkPoolWorker-2 - INFO - Tokenizing context file: 241714-v2.0.0-mixed
2025-05-29 11:39:35,937 - ForkPoolWorker-4 - INFO - Tokenizing context file: 239205-v2.0.0-mixed
2025-05-29 11:39:35,937 - ForkPoolWorker-10 - INFO - Tokenizing context file: 500725-v1.0.0-bad
2025-05-29 11:39:35,937 - ForkPoolWorker-6 - INFO - Tokenizing context file: 243159-v2.0.0-mixed
2025-05-29 11:39:35,937 - ForkPoolWorker-11 - INFO - Tokenizing context file: 235398-v2.0.0-mixed
2025-05-29 11:39:35,937 - ForkPoolWorker-1 - INFO - Tokenizing context file: 245511-v2.0.0-mixed
2025-05-29 11:39:35,937 - ForkPoolWorker-7 - INFO - Tokenizing context file: 500867-v1.0.0-bad
2025-05-29 11:39:35,937 - ForkPoolWorker-9 - INFO - Tokenizing context file: 243046-v2.0.0-mixed
2025-05-29 11:39:35,937 - ForkPoolWorker-12 - INFO - Tokenizing context file: 242237-v2.0.0-mixed
2025-05-29 11:39:35,937 - ForkPoolWorker-3 - INFO - Tokenizing context file: 239813-v2.0.0-mixed
2025-05-29 11:39:35,937 - ForkPoolWorker-8 - INFO - Tokenizing context file: 234431-v2.0.0-mixed
2025-05-29 11:39:35,937 - ForkPoolWorker-5 - INFO - Tokenizing context file: 234160-v2.0.0-mixed
2025-05-29 11:39:35,938 - ForkPoolWorker-4 - INFO - Finished tokenizing 239205-v2.0.0-mixed: 2 centers, 7 frags.
2025-05-29 11:39:35,938 - ForkPoolWorker-3 - INFO - Finished tokenizing 239813-v2.0.0-mixed: 0 centers, 0 frags.
2025-05-29 11:39:35,938 - ForkPoolWorker-1 - INFO - Finished tokenizing 245511-v2.0.0-mixed: 1 centers, 7 frags.
2025-05-29 11:39:35,938 - ForkPoolWorker-4 - INFO - Tokenizing context file: 241985-v2.0.0-mixed
2025-05-29 11:39:35,938 - ForkPoolWorker-3 - INFO - Tokenizing context file: 242979-v2.0.0-mixed
2025-05-29 11:39:35,938 - ForkPoolWorker-1 - INFO - Tokenizing context file: 240438-v2.0.0-mixed
2025-05-29 11:39:35,938 - ForkPoolWorker-10 - INFO - Finished tokenizing 500725-v1.0.0-bad: 1 centers, 5 frags.
2025-05-29 11:39:35,938 - ForkPoolWorker-2 - INFO - Finished tokenizing 241714-v2.0.0-mixed: 6 centers, 15 frags.
2025-05-29 11:39:35,938 - ForkPoolWorker-11 - INFO - Finished tokenizing 235398-v2.0.0-mixed: 5 centers, 15 frags.
2025-05-29 11:39:35,938 - ForkPoolWorker-5 - INFO - Finished tokenizing 234160-v2.0.0-mixed: 3 centers, 9 frags.
2025-05-29 11:39:35,938 - ForkPoolWorker-10 - INFO - Tokenizing context file: 243104-v2.0.0-mixed
2025-05-29 11:39:35,938 - ForkPoolWorker-6 - INFO - Finished tokenizing 243159-v2.0.0-mixed: 6 centers, 17 frags.
2025-05-29 11:39:35,938 - ForkPoolWorker-2 - INFO - Tokenizing context file: 242841-v2.0.0-mixed
2025-05-29 11:39:35,938 - ForkPoolWorker-11 - INFO - Tokenizing context file: 242658-v2.0.0-mixed
2025-05-29 11:39:35,938 - ForkPoolWorker-5 - INFO - Tokenizing context file: 247634-v2.0.0-mixed
2025-05-29 11:39:35,938 - ForkPoolWorker-9 - INFO - Finished tokenizing 243046-v2.0.0-mixed: 4 centers, 16 frags.
2025-05-29 11:39:35,938 - ForkPoolWorker-7 - INFO - Finished tokenizing 500867-v1.0.0-bad: 2 centers, 3 frags.
2025-05-29 11:39:35,939 - ForkPoolWorker-8 - INFO - Finished tokenizing 234431-v2.0.0-mixed: 5 centers, 19 frags.
2025-05-29 11:39:35,939 - ForkPoolWorker-12 - INFO - Finished tokenizing 242237-v2.0.0-mixed: 6 centers, 21 frags.
2025-05-29 11:39:35,939 - ForkPoolWorker-2 - INFO - Finished tokenizing 242841-v2.0.0-mixed: 2 centers, 7 frags.
2025-05-29 11:39:35,939 - ForkPoolWorker-5 - INFO - Finished tokenizing 247634-v2.0.0-mixed: 2 centers, 11 frags.
2025-05-29 11:39:35,939 - ForkPoolWorker-6 - INFO - Tokenizing context file: 242455-v2.0.0-mixed
2025-05-29 11:39:35,939 - ForkPoolWorker-9 - INFO - Tokenizing context file: 235828-v2.0.0-mixed
2025-05-29 11:39:35,939 - ForkPoolWorker-7 - INFO - Tokenizing context file: 242848-v2.0.0-mixed
2025-05-29 11:39:35,940 - ForkPoolWorker-10 - INFO - Finished tokenizing 243104-v2.0.0-mixed: 4 centers, 18 frags.
2025-05-29 11:39:35,940 - ForkPoolWorker-3 - INFO - Finished tokenizing 242979-v2.0.0-mixed: 4 centers, 15 frags.
2025-05-29 11:39:35,940 - ForkPoolWorker-1 - INFO - Finished tokenizing 240438-v2.0.0-mixed: 7 centers, 24 frags.
2025-05-29 11:39:35,940 - ForkPoolWorker-11 - INFO - Finished tokenizing 242658-v2.0.0-mixed: 10 centers, 19 frags.
2025-05-29 11:39:35,940 - ForkPoolWorker-6 - INFO - Finished tokenizing 242455-v2.0.0-mixed: 2 centers, 20 frags.
2025-05-29 11:39:35,941 - ForkPoolWorker-9 - INFO - Finished tokenizing 235828-v2.0.0-mixed: 3 centers, 13 frags.
2025-05-29 11:39:35,941 - ForkPoolWorker-4 - INFO - Finished tokenizing 241985-v2.0.0-mixed: 26 centers, 40 frags.
2025-05-29 11:39:35,941 - ForkPoolWorker-7 - INFO - Finished tokenizing 242848-v2.0.0-mixed: 6 centers, 37 frags.
2025-05-29 11:39:35,941 - ForkPoolWorker-8 - INFO - Tokenizing context file: 242110-v2.0.0-mixed
2025-05-29 11:39:35,941 - ForkPoolWorker-12 - INFO - Tokenizing context file: 242583-v2.0.0-mixed
2025-05-29 11:39:35,942 - ForkPoolWorker-12 - INFO - Finished tokenizing 242583-v2.0.0-mixed: 2 centers, 9 frags.
2025-05-29 11:39:35,942 - ForkPoolWorker-8 - INFO - Finished tokenizing 242110-v2.0.0-mixed: 4 centers, 13 frags.
2025-05-29 11:39:35,942 - ForkPoolWorker-2 - INFO - Tokenizing context file: 243940-v2.0.0-mixed
2025-05-29 11:39:35,942 - ForkPoolWorker-5 - INFO - Tokenizing context file: 235255-v2.0.0-mixed
2025-05-29 11:39:35,943 - ForkPoolWorker-10 - INFO - Tokenizing context file: 241850-v2.0.0-mixed
2025-05-29 11:39:35,943 - ForkPoolWorker-5 - INFO - Finished tokenizing 235255-v2.0.0-mixed: 3 centers, 15 frags.
2025-05-29 11:39:35,943 - ForkPoolWorker-3 - INFO - Tokenizing context file: 235446-v2.0.0-mixed
2025-05-29 11:39:35,943 - ForkPoolWorker-1 - INFO - Tokenizing context file: 242587-v2.0.0-mixed
2025-05-29 11:39:35,944 - ForkPoolWorker-10 - INFO - Finished tokenizing 241850-v2.0.0-mixed: 6 centers, 21 frags.
2025-05-29 11:39:35,944 - ForkPoolWorker-2 - INFO - Finished tokenizing 243940-v2.0.0-mixed: 18 centers, 24 frags.
2025-05-29 11:39:35,944 - ForkPoolWorker-3 - INFO - Finished tokenizing 235446-v2.0.0-mixed: 3 centers, 13 frags.
2025-05-29 11:39:35,945 - ForkPoolWorker-1 - INFO - Finished tokenizing 242587-v2.0.0-mixed: 6 centers, 24 frags.
2025-05-29 11:39:35,945 - ForkPoolWorker-11 - INFO - Tokenizing context file: 241892-v2.0.0-mixed
2025-05-29 11:39:35,945 - ForkPoolWorker-6 - INFO - Tokenizing context file: 245769-v2.0.0-mixed
2025-05-29 11:39:35,945 - ForkPoolWorker-6 - INFO - Finished tokenizing 245769-v2.0.0-mixed: 3 centers, 8 frags.
2025-05-29 11:39:35,946 - ForkPoolWorker-11 - INFO - Finished tokenizing 241892-v2.0.0-mixed: 5 centers, 17 frags.
2025-05-29 11:39:35,946 - ForkPoolWorker-9 - INFO - Tokenizing context file: 242006-v2.0.0-mixed
2025-05-29 11:39:35,947 - ForkPoolWorker-9 - INFO - Finished tokenizing 242006-v2.0.0-mixed: 2 centers, 9 frags.
2025-05-29 11:39:35,947 - ForkPoolWorker-4 - INFO - Tokenizing context file: 244142-v2.0.0-mixed
2025-05-29 11:39:35,948 - ForkPoolWorker-7 - INFO - Tokenizing context file: 241645-v2.0.0-mixed
2025-05-29 11:39:35,948 - ForkPoolWorker-12 - INFO - Tokenizing context file: 242757-v2.0.0-mixed
2025-05-29 11:39:35,948 - ForkPoolWorker-4 - INFO - Finished tokenizing 244142-v2.0.0-mixed: 2 centers, 8 frags.
2025-05-29 11:39:35,948 - ForkPoolWorker-7 - INFO - Finished tokenizing 241645-v2.0.0-mixed: 1 centers, 4 frags.
2025-05-29 11:39:35,949 - ForkPoolWorker-12 - INFO - Finished tokenizing 242757-v2.0.0-mixed: 7 centers, 28 frags.
2025-05-29 11:39:35,949 - ForkPoolWorker-8 - INFO - Tokenizing context file: 501034-v1.0.0-bad
2025-05-29 11:39:35,949 - ForkPoolWorker-5 - INFO - Tokenizing context file: 243222-v2.0.0-mixed
2025-05-29 11:39:35,949 - ForkPoolWorker-8 - INFO - Finished tokenizing 501034-v1.0.0-bad: 0 centers, 0 frags.
2025-05-29 11:39:35,950 - ForkPoolWorker-10 - INFO - Tokenizing context file: 243386-v2.0.0-mixed
2025-05-29 11:39:35,950 - ForkPoolWorker-5 - INFO - Finished tokenizing 243222-v2.0.0-mixed: 18 centers, 25 frags.
2025-05-29 11:39:35,951 - ForkPoolWorker-3 - INFO - Tokenizing context file: 241614-v2.0.0-mixed
2025-05-29 11:39:35,951 - ForkPoolWorker-2 - INFO - Tokenizing context file: 241711-v2.0.0-mixed
2025-05-29 11:39:35,951 - ForkPoolWorker-10 - INFO - Finished tokenizing 243386-v2.0.0-mixed: 2 centers, 6 frags.
2025-05-29 11:39:35,951 - ForkPoolWorker-3 - INFO - Finished tokenizing 241614-v2.0.0-mixed: 1 centers, 4 frags.
2025-05-29 11:39:35,951 - ForkPoolWorker-1 - INFO - Tokenizing context file: 242659-v2.0.0-mixed
2025-05-29 11:39:35,951 - ForkPoolWorker-6 - INFO - Tokenizing context file: 241841-v2.0.0-mixed
2025-05-29 11:39:35,952 - ForkPoolWorker-2 - INFO - Finished tokenizing 241711-v2.0.0-mixed: 3 centers, 11 frags.
2025-05-29 11:39:35,952 - ForkPoolWorker-6 - INFO - Finished tokenizing 241841-v2.0.0-mixed: 1 centers, 2 frags.
2025-05-29 11:39:35,952 - ForkPoolWorker-1 - INFO - Finished tokenizing 242659-v2.0.0-mixed: 4 centers, 14 frags.
2025-05-29 11:39:35,952 - ForkPoolWorker-11 - INFO - Tokenizing context file: 234602-v2.0.0-mixed
2025-05-29 11:39:35,952 - ForkPoolWorker-9 - INFO - Tokenizing context file: 244516-v2.0.0-mixed
2025-05-29 11:39:35,952 - ForkPoolWorker-4 - INFO - Tokenizing context file: 1543-v1.0.0-bad
2025-05-29 11:39:35,952 - ForkPoolWorker-7 - INFO - Tokenizing context file: 243045-v2.0.0-mixed
2025-05-29 11:39:35,953 - ForkPoolWorker-11 - INFO - Finished tokenizing 234602-v2.0.0-mixed: 1 centers, 3 frags.
2025-05-29 11:39:35,953 - ForkPoolWorker-9 - INFO - Finished tokenizing 244516-v2.0.0-mixed: 2 centers, 10 frags.
2025-05-29 11:39:35,953 - ForkPoolWorker-4 - INFO - Finished tokenizing 1543-v1.0.0-bad: 4 centers, 10 frags.
2025-05-29 11:39:35,954 - ForkPoolWorker-7 - INFO - Finished tokenizing 243045-v2.0.0-mixed: 7 centers, 28 frags.
2025-05-29 11:39:35,954 - ForkPoolWorker-12 - INFO - Tokenizing context file: 241092-v2.0.0-mixed
2025-05-29 11:39:35,955 - ForkPoolWorker-12 - INFO - Finished tokenizing 241092-v2.0.0-mixed: 2 centers, 7 frags.
2025-05-29 11:39:35,956 - ForkPoolWorker-7 - INFO - Tokenizing context file: 240591-v2.0.0-mixed
2025-05-29 11:39:35,956 - ForkPoolWorker-5 - INFO - Tokenizing context file: 246689-v2.0.0-mixed
2025-05-29 11:39:35,956 - ForkPoolWorker-10 - INFO - Tokenizing context file: 242668-v2.0.0-mixed
2025-05-29 11:39:35,956 - ForkPoolWorker-3 - INFO - Tokenizing context file: 500849-v1.0.0-bad
2025-05-29 11:39:35,957 - ForkPoolWorker-2 - INFO - Tokenizing context file: 242137-v2.0.0-mixed
2025-05-29 11:39:35,957 - ForkPoolWorker-7 - INFO - Finished tokenizing 240591-v2.0.0-mixed: 6 centers, 26 frags.
2025-05-29 11:39:35,957 - ForkPoolWorker-6 - INFO - Tokenizing context file: 243364-v2.0.0-mixed
2025-05-29 11:39:35,957 - ForkPoolWorker-3 - INFO - Finished tokenizing 500849-v1.0.0-bad: 1 centers, 4 frags.
2025-05-29 11:39:35,957 - ForkPoolWorker-11 - INFO - Tokenizing context file: 242437-v2.0.0-mixed
2025-05-29 11:39:35,957 - ForkPoolWorker-1 - INFO - Tokenizing context file: 247613-v2.0.0-mixed
2025-05-29 11:39:35,957 - ForkPoolWorker-9 - INFO - Tokenizing context file: 242973-v2.0.0-mixed
2025-05-29 11:39:35,957 - ForkPoolWorker-4 - INFO - Tokenizing context file: 243961-v2.0.0-mixed
2025-05-29 11:39:35,957 - ForkPoolWorker-3 - INFO - Tokenizing context file: 2065-v1.0.0-bad
2025-05-29 11:39:35,957 - ForkPoolWorker-2 - INFO - Finished tokenizing 242137-v2.0.0-mixed: 2 centers, 9 frags.
2025-05-29 11:39:35,957 - ForkPoolWorker-12 - INFO - Tokenizing context file: 242018-v2.0.0-mixed
2025-05-29 11:39:35,957 - ForkPoolWorker-5 - INFO - Finished tokenizing 246689-v2.0.0-mixed: 3 centers, 15 frags.
2025-05-29 11:39:35,957 - ForkPoolWorker-2 - INFO - Tokenizing context file: 242183-v2.0.0-mixed
2025-05-29 11:39:35,957 - ForkPoolWorker-8 - INFO - Tokenizing context file: 242946-v2.0.0-mixed
2025-05-29 11:39:35,957 - ForkPoolWorker-7 - INFO - Tokenizing context file: 242673-v2.0.0-mixed
2025-05-29 11:39:35,958 - ForkPoolWorker-5 - INFO - Tokenizing context file: 242857-v2.0.0-mixed
2025-05-29 11:39:35,958 - ForkPoolWorker-10 - INFO - Finished tokenizing 242668-v2.0.0-mixed: 7 centers, 25 frags.
2025-05-29 11:39:35,958 - ForkPoolWorker-3 - INFO - Finished tokenizing 2065-v1.0.0-bad: 1 centers, 5 frags.
2025-05-29 11:39:35,958 - ForkPoolWorker-10 - INFO - Tokenizing context file: 247873-v2.0.0-mixed
2025-05-29 11:39:35,958 - ForkPoolWorker-3 - INFO - Tokenizing context file: 243310-v2.0.0-mixed
2025-05-29 11:39:35,959 - ForkPoolWorker-4 - INFO - Finished tokenizing 243961-v2.0.0-mixed: 4 centers, 11 frags.
2025-05-29 11:39:35,959 - ForkPoolWorker-4 - INFO - Tokenizing context file: 243705-v2.0.0-mixed
2025-05-29 11:39:35,959 - ForkPoolWorker-1 - INFO - Finished tokenizing 247613-v2.0.0-mixed: 5 centers, 17 frags.
2025-05-29 11:39:35,959 - ForkPoolWorker-11 - INFO - Finished tokenizing 242437-v2.0.0-mixed: 7 centers, 21 frags.
2025-05-29 11:39:35,959 - ForkPoolWorker-2 - INFO - Finished tokenizing 242183-v2.0.0-mixed: 4 centers, 16 frags.
2025-05-29 11:39:35,959 - ForkPoolWorker-1 - INFO - Tokenizing context file: 238941-v2.0.0-mixed
2025-05-29 11:39:35,959 - ForkPoolWorker-12 - INFO - Finished tokenizing 242018-v2.0.0-mixed: 10 centers, 21 frags.
2025-05-29 11:39:35,959 - ForkPoolWorker-10 - INFO - Finished tokenizing 247873-v2.0.0-mixed: 2 centers, 10 frags.
2025-05-29 11:39:35,959 - ForkPoolWorker-7 - INFO - Finished tokenizing 242673-v2.0.0-mixed: 1 centers, 2 frags.
2025-05-29 11:39:35,960 - ForkPoolWorker-3 - INFO - Finished tokenizing 243310-v2.0.0-mixed: 7 centers, 26 frags.
2025-05-29 11:39:35,960 - ForkPoolWorker-5 - INFO - Finished tokenizing 242857-v2.0.0-mixed: 4 centers, 16 frags.
2025-05-29 11:39:35,960 - ForkPoolWorker-1 - INFO - Finished tokenizing 238941-v2.0.0-mixed: 3 centers, 5 frags.
2025-05-29 11:39:35,960 - ForkPoolWorker-4 - INFO - Finished tokenizing 243705-v2.0.0-mixed: 4 centers, 13 frags.
2025-05-29 11:39:35,960 - ForkPoolWorker-9 - INFO - Finished tokenizing 242973-v2.0.0-mixed: 6 centers, 28 frags.
2025-05-29 11:39:35,961 - ForkPoolWorker-6 - INFO - Finished tokenizing 243364-v2.0.0-mixed: 10 centers, 22 frags.
2025-05-29 11:39:35,961 - ForkPoolWorker-11 - INFO - Tokenizing context file: 242342-v2.0.0-mixed
2025-05-29 11:39:35,961 - ForkPoolWorker-2 - INFO - Tokenizing context file: 243001-v2.0.0-mixed
2025-05-29 11:39:35,961 - ForkPoolWorker-12 - INFO - Tokenizing context file: 500863-v1.0.0-bad
2025-05-29 11:39:35,961 - ForkPoolWorker-10 - INFO - Tokenizing context file: 501016-v1.0.0-bad
2025-05-29 11:39:35,961 - ForkPoolWorker-7 - INFO - Tokenizing context file: 241810-v2.0.0-mixed
2025-05-29 11:39:35,961 - ForkPoolWorker-1 - INFO - Tokenizing context file: 501013-v1.0.0-bad
2025-05-29 11:39:35,961 - ForkPoolWorker-3 - INFO - Tokenizing context file: 248225-v2.0.0-mixed
2025-05-29 11:39:35,961 - ForkPoolWorker-5 - INFO - Tokenizing context file: 240714-v2.0.0-mixed
2025-05-29 11:39:35,962 - ForkPoolWorker-4 - INFO - Tokenizing context file: 500853-v1.0.0-bad
2025-05-29 11:39:35,962 - ForkPoolWorker-6 - INFO - Tokenizing context file: 500864-v1.0.0-bad
2025-05-29 11:39:35,962 - ForkPoolWorker-9 - INFO - Tokenizing context file: 242401-v2.0.0-mixed
2025-05-29 11:39:35,962 - ForkPoolWorker-8 - INFO - Finished tokenizing 242946-v2.0.0-mixed: 10 centers, 19 frags.
2025-05-29 11:39:35,962 - ForkPoolWorker-8 - INFO - Tokenizing context file: 246879-v2.0.0-mixed
2025-05-29 11:39:35,962 - ForkPoolWorker-2 - INFO - Finished tokenizing 243001-v2.0.0-mixed: 2 centers, 9 frags.
2025-05-29 11:39:35,962 - ForkPoolWorker-10 - INFO - Finished tokenizing 501016-v1.0.0-bad: 1 centers, 2 frags.
2025-05-29 11:39:35,962 - ForkPoolWorker-11 - INFO - Finished tokenizing 242342-v2.0.0-mixed: 4 centers, 11 frags.
2025-05-29 11:39:35,962 - ForkPoolWorker-12 - INFO - Finished tokenizing 500863-v1.0.0-bad: 1 centers, 3 frags.
2025-05-29 11:39:35,962 - ForkPoolWorker-2 - INFO - Tokenizing context file: 242403-v2.0.0-mixed
2025-05-29 11:39:35,962 - ForkPoolWorker-1 - INFO - Finished tokenizing 501013-v1.0.0-bad: 1 centers, 3 frags.
2025-05-29 11:39:35,962 - ForkPoolWorker-10 - INFO - Tokenizing context file: 243409-v2.0.0-mixed
2025-05-29 11:39:35,962 - ForkPoolWorker-11 - INFO - Tokenizing context file: 242696-v2.0.0-mixed
2025-05-29 11:39:35,962 - ForkPoolWorker-12 - INFO - Tokenizing context file: 242414-v2.0.0-mixed
2025-05-29 11:39:35,962 - ForkPoolWorker-1 - INFO - Tokenizing context file: 242885-v2.0.0-mixed
2025-05-29 11:39:35,962 - ForkPoolWorker-4 - INFO - Finished tokenizing 500853-v1.0.0-bad: 1 centers, 3 frags.
2025-05-29 11:39:35,962 - ForkPoolWorker-4 - INFO - Tokenizing context file: 244993-v2.0.0-mixed
2025-05-29 11:39:35,962 - ForkPoolWorker-6 - INFO - Finished tokenizing 500864-v1.0.0-bad: 1 centers, 4 frags.
2025-05-29 11:39:35,962 - ForkPoolWorker-6 - INFO - Tokenizing context file: 241875-v2.0.0-mixed
2025-05-29 11:39:35,963 - ForkPoolWorker-8 - INFO - Finished tokenizing 246879-v2.0.0-mixed: 1 centers, 7 frags.
2025-05-29 11:39:35,963 - ForkPoolWorker-7 - INFO - Finished tokenizing 241810-v2.0.0-mixed: 1 centers, 2 frags.
2025-05-29 11:39:35,963 - ForkPoolWorker-3 - INFO - Finished tokenizing 248225-v2.0.0-mixed: 3 centers, 8 frags.
2025-05-29 11:39:35,963 - ForkPoolWorker-8 - INFO - Tokenizing context file: 2047-v1.0.0-good
2025-05-29 11:39:35,963 - ForkPoolWorker-7 - INFO - Tokenizing context file: 242814-v2.0.0-mixed
2025-05-29 11:39:35,963 - ForkPoolWorker-5 - INFO - Finished tokenizing 240714-v2.0.0-mixed: 7 centers, 20 frags.
2025-05-29 11:39:35,963 - ForkPoolWorker-5 - INFO - Tokenizing context file: 240228-v2.0.0-mixed
2025-05-29 11:39:35,963 - ForkPoolWorker-3 - INFO - Tokenizing context file: 240197-v2.0.0-mixed
2025-05-29 11:39:35,963 - ForkPoolWorker-4 - INFO - Finished tokenizing 244993-v2.0.0-mixed: 2 centers, 11 frags.
2025-05-29 11:39:35,963 - ForkPoolWorker-10 - INFO - Finished tokenizing 243409-v2.0.0-mixed: 4 centers, 16 frags.
2025-05-29 11:39:35,963 - ForkPoolWorker-2 - INFO - Finished tokenizing 242403-v2.0.0-mixed: 4 centers, 15 frags.
2025-05-29 11:39:35,963 - ForkPoolWorker-11 - INFO - Finished tokenizing 242696-v2.0.0-mixed: 4 centers, 12 frags.
2025-05-29 11:39:35,964 - ForkPoolWorker-8 - INFO - Finished tokenizing 2047-v1.0.0-good: 2 centers, 12 frags.
2025-05-29 11:39:35,964 - ForkPoolWorker-7 - INFO - Finished tokenizing 242814-v2.0.0-mixed: 4 centers, 13 frags.
2025-05-29 11:39:35,964 - ForkPoolWorker-3 - INFO - Finished tokenizing 240197-v2.0.0-mixed: 1 centers, 2 frags.
2025-05-29 11:39:35,964 - ForkPoolWorker-1 - INFO - Finished tokenizing 242885-v2.0.0-mixed: 7 centers, 23 frags.
2025-05-29 11:39:35,964 - ForkPoolWorker-9 - INFO - Finished tokenizing 242401-v2.0.0-mixed: 26 centers, 40 frags.
2025-05-29 11:39:35,964 - ForkPoolWorker-5 - INFO - Finished tokenizing 240228-v2.0.0-mixed: 4 centers, 13 frags.
2025-05-29 11:39:35,965 - ForkPoolWorker-12 - INFO - Finished tokenizing 242414-v2.0.0-mixed: 7 centers, 27 frags.
2025-05-29 11:39:35,965 - ForkPoolWorker-6 - INFO - Finished tokenizing 241875-v2.0.0-mixed: 4 centers, 18 frags.
2025-05-29 11:39:35,965 - ForkPoolWorker-4 - INFO - Tokenizing context file: 243371-v2.0.0-mixed
2025-05-29 11:39:35,965 - ForkPoolWorker-2 - INFO - Tokenizing context file: 243953-v2.0.0-mixed
2025-05-29 11:39:35,966 - ForkPoolWorker-10 - INFO - Tokenizing context file: 234304-v2.0.0-mixed
2025-05-29 11:39:35,966 - ForkPoolWorker-10 - INFO - Finished tokenizing 234304-v2.0.0-mixed: 1 centers, 4 frags.
2025-05-29 11:39:35,966 - ForkPoolWorker-11 - INFO - Tokenizing context file: 241880-v2.0.0-mixed
2025-05-29 11:39:35,966 - ForkPoolWorker-8 - INFO - Tokenizing context file: 239942-v2.0.0-mixed
2025-05-29 11:39:35,966 - ForkPoolWorker-7 - INFO - Tokenizing context file: 240697-v2.0.0-mixed
2025-05-29 11:39:35,966 - ForkPoolWorker-10 - INFO - Tokenizing context file: 235054-v2.0.0-mixed
2025-05-29 11:39:35,966 - ForkPoolWorker-3 - INFO - Tokenizing context file: 500996-v1.0.0-bad
2025-05-29 11:39:35,967 - ForkPoolWorker-5 - INFO - Tokenizing context file: 241874-v2.0.0-mixed
2025-05-29 11:39:35,967 - ForkPoolWorker-4 - INFO - Finished tokenizing 243371-v2.0.0-mixed: 4 centers, 17 frags.
2025-05-29 11:39:35,967 - ForkPoolWorker-9 - INFO - Tokenizing context file: 243095-v2.0.0-mixed
2025-05-29 11:39:35,967 - ForkPoolWorker-8 - INFO - Finished tokenizing 239942-v2.0.0-mixed: 0 centers, 0 frags.
2025-05-29 11:39:35,967 - ForkPoolWorker-11 - INFO - Finished tokenizing 241880-v2.0.0-mixed: 2 centers, 7 frags.
2025-05-29 11:39:35,967 - ForkPoolWorker-10 - INFO - Finished tokenizing 235054-v2.0.0-mixed: 3 centers, 7 frags.
2025-05-29 11:39:35,967 - ForkPoolWorker-5 - INFO - Finished tokenizing 241874-v2.0.0-mixed: 1 centers, 2 frags.
2025-05-29 11:39:35,967 - ForkPoolWorker-7 - INFO - Finished tokenizing 240697-v2.0.0-mixed: 2 centers, 7 frags.
2025-05-29 11:39:35,967 - ForkPoolWorker-3 - INFO - Finished tokenizing 500996-v1.0.0-bad: 1 centers, 3 frags.
2025-05-29 11:39:35,968 - ForkPoolWorker-9 - INFO - Finished tokenizing 243095-v2.0.0-mixed: 6 centers, 17 frags.
2025-05-29 11:39:35,968 - ForkPoolWorker-2 - INFO - Finished tokenizing 243953-v2.0.0-mixed: 31 centers, 63 frags.
2025-05-29 11:39:35,969 - ForkPoolWorker-12 - INFO - Tokenizing context file: 244121-v2.0.0-mixed
2025-05-29 11:39:35,969 - ForkPoolWorker-12 - INFO - Finished tokenizing 244121-v2.0.0-mixed: 4 centers, 9 frags.
2025-05-29 11:39:35,970 - ForkPoolWorker-2 - INFO - Tokenizing context file: 243300-v2.0.0-mixed
2025-05-29 11:39:35,971 - ForkPoolWorker-1 - INFO - Tokenizing context file: 243288-v2.0.0-mixed
2025-05-29 11:39:35,971 - ForkPoolWorker-4 - INFO - Tokenizing context file: 239808-v2.0.0-mixed
2025-05-29 11:39:35,971 - ForkPoolWorker-8 - INFO - Tokenizing context file: 242634-v2.0.0-mixed
2025-05-29 11:39:35,971 - ForkPoolWorker-2 - INFO - Finished tokenizing 243300-v2.0.0-mixed: 10 centers, 22 frags.
2025-05-29 11:39:35,972 - ForkPoolWorker-1 - INFO - Finished tokenizing 243288-v2.0.0-mixed: 2 centers, 6 frags.
2025-05-29 11:39:35,972 - ForkPoolWorker-11 - INFO - Tokenizing context file: 244209-v2.0.0-mixed
2025-05-29 11:39:35,972 - ForkPoolWorker-10 - INFO - Tokenizing context file: 242633-v2.0.0-mixed
2025-05-29 11:39:35,972 - ForkPoolWorker-5 - INFO - Tokenizing context file: 242812-v2.0.0-mixed
2025-05-29 11:39:35,972 - ForkPoolWorker-7 - INFO - Tokenizing context file: 244096-v2.0.0-mixed
2025-05-29 11:39:35,972 - ForkPoolWorker-3 - INFO - Tokenizing context file: 500816-v1.0.0-bad
2025-05-29 11:39:35,972 - ForkPoolWorker-9 - INFO - Tokenizing context file: 247565-v2.0.0-mixed
2025-05-29 11:39:35,973 - ForkPoolWorker-6 - INFO - Tokenizing context file: 242802-v2.0.0-mixed
2025-05-29 11:39:35,973 - ForkPoolWorker-12 - INFO - Tokenizing context file: 241011-v2.0.0-mixed
2025-05-29 11:39:35,973 - ForkPoolWorker-8 - INFO - Finished tokenizing 242634-v2.0.0-mixed: 7 centers, 19 frags.
2025-05-29 11:39:35,973 - ForkPoolWorker-4 - INFO - Finished tokenizing 239808-v2.0.0-mixed: 7 centers, 28 frags.
2025-05-29 11:39:35,973 - ForkPoolWorker-11 - INFO - Finished tokenizing 244209-v2.0.0-mixed: 4 centers, 9 frags.
2025-05-29 11:39:35,973 - ForkPoolWorker-6 - INFO - Finished tokenizing 242802-v2.0.0-mixed: 1 centers, 2 frags.
2025-05-29 11:39:35,973 - ForkPoolWorker-3 - INFO - Finished tokenizing 500816-v1.0.0-bad: 2 centers, 4 frags.
2025-05-29 11:39:35,973 - ForkPoolWorker-7 - INFO - Finished tokenizing 244096-v2.0.0-mixed: 1 centers, 7 frags.
2025-05-29 11:39:35,973 - ForkPoolWorker-10 - INFO - Finished tokenizing 242633-v2.0.0-mixed: 4 centers, 13 frags.
2025-05-29 11:39:35,974 - ForkPoolWorker-2 - INFO - Tokenizing context file: 241610-v2.0.0-mixed
2025-05-29 11:39:35,974 - ForkPoolWorker-1 - INFO - Tokenizing context file: 246928-v2.0.0-mixed
2025-05-29 11:39:35,974 - ForkPoolWorker-8 - INFO - Tokenizing context file: 242798-v2.0.0-mixed
2025-05-29 11:39:35,974 - ForkPoolWorker-4 - INFO - Tokenizing context file: 242785-v2.0.0-mixed
2025-05-29 11:39:35,974 - ForkPoolWorker-11 - INFO - Tokenizing context file: 242965-v2.0.0-mixed
2025-05-29 11:39:35,974 - ForkPoolWorker-3 - INFO - Tokenizing context file: 500852-v1.0.0-bad
2025-05-29 11:39:35,974 - ForkPoolWorker-12 - INFO - Finished tokenizing 241011-v2.0.0-mixed: 2 centers, 7 frags.
2025-05-29 11:39:35,974 - ForkPoolWorker-7 - INFO - Tokenizing context file: 242445-v2.0.0-mixed
2025-05-29 11:39:35,974 - ForkPoolWorker-6 - INFO - Tokenizing context file: 241901-v2.0.0-mixed
2025-05-29 11:39:35,974 - ForkPoolWorker-5 - INFO - Finished tokenizing 242812-v2.0.0-mixed: 6 centers, 20 frags.
2025-05-29 11:39:35,974 - ForkPoolWorker-12 - INFO - Tokenizing context file: 247377-v2.0.0-mixed
2025-05-29 11:39:35,974 - ForkPoolWorker-10 - INFO - Tokenizing context file: 244098-v2.0.0-mixed
2025-05-29 11:39:35,974 - ForkPoolWorker-5 - INFO - Tokenizing context file: 500740-v1.0.0-bad
2025-05-29 11:39:35,974 - ForkPoolWorker-9 - INFO - Finished tokenizing 247565-v2.0.0-mixed: 5 centers, 13 frags.
2025-05-29 11:39:35,974 - ForkPoolWorker-9 - INFO - Tokenizing context file: 242768-v2.0.0-mixed
2025-05-29 11:39:35,975 - ForkPoolWorker-1 - INFO - Finished tokenizing 246928-v2.0.0-mixed: 1 centers, 7 frags.
2025-05-29 11:39:35,975 - ForkPoolWorker-1 - INFO - Tokenizing context file: 241747-v2.0.0-mixed
2025-05-29 11:39:35,975 - ForkPoolWorker-12 - INFO - Finished tokenizing 247377-v2.0.0-mixed: 3 centers, 8 frags.
2025-05-29 11:39:35,975 - ForkPoolWorker-12 - INFO - Tokenizing context file: 241767-v2.0.0-mixed
2025-05-29 11:39:35,975 - ForkPoolWorker-8 - INFO - Finished tokenizing 242798-v2.0.0-mixed: 7 centers, 27 frags.
2025-05-29 11:39:35,975 - ForkPoolWorker-7 - INFO - Finished tokenizing 242445-v2.0.0-mixed: 7 centers, 19 frags.
2025-05-29 11:39:35,975 - ForkPoolWorker-8 - INFO - Tokenizing context file: 244992-v2.0.0-mixed
2025-05-29 11:39:35,975 - ForkPoolWorker-2 - INFO - Finished tokenizing 241610-v2.0.0-mixed: 5 centers, 21 frags.
2025-05-29 11:39:35,975 - ForkPoolWorker-5 - INFO - Finished tokenizing 500740-v1.0.0-bad: 1 centers, 4 frags.
2025-05-29 11:39:35,975 - ForkPoolWorker-9 - INFO - Finished tokenizing 242768-v2.0.0-mixed: 4 centers, 14 frags.
2025-05-29 11:39:35,975 - ForkPoolWorker-2 - INFO - Tokenizing context file: 243343-v2.0.0-mixed
2025-05-29 11:39:35,975 - ForkPoolWorker-7 - INFO - Tokenizing context file: 242797-v2.0.0-mixed
2025-05-29 11:39:35,975 - ForkPoolWorker-11 - INFO - Finished tokenizing 242965-v2.0.0-mixed: 6 centers, 24 frags.
2025-05-29 11:39:35,975 - ForkPoolWorker-5 - INFO - Tokenizing context file: 246736-v2.0.0-mixed
2025-05-29 11:39:35,975 - ForkPoolWorker-9 - INFO - Tokenizing context file: 242542-v2.0.0-mixed
2025-05-29 11:39:35,976 - ForkPoolWorker-11 - INFO - Tokenizing context file: 241824-v2.0.0-mixed
2025-05-29 11:39:35,976 - ForkPoolWorker-10 - INFO - Finished tokenizing 244098-v2.0.0-mixed: 3 centers, 15 frags.
2025-05-29 11:39:35,976 - ForkPoolWorker-10 - INFO - Tokenizing context file: 247765-v2.0.0-mixed
2025-05-29 11:39:35,976 - ForkPoolWorker-3 - INFO - Finished tokenizing 500852-v1.0.0-bad: 1 centers, 3 frags.
2025-05-29 11:39:35,976 - ForkPoolWorker-3 - INFO - Tokenizing context file: 240037-v2.0.0-mixed
2025-05-29 11:39:35,976 - ForkPoolWorker-8 - INFO - Finished tokenizing 244992-v2.0.0-mixed: 1 centers, 7 frags.
2025-05-29 11:39:35,976 - ForkPoolWorker-8 - INFO - Tokenizing context file: 243248-v2.0.0-mixed
2025-05-29 11:39:35,976 - ForkPoolWorker-1 - INFO - Finished tokenizing 241747-v2.0.0-mixed: 4 centers, 14 frags.
2025-05-29 11:39:35,976 - ForkPoolWorker-1 - INFO - Tokenizing context file: 248053-v2.0.0-mixed
2025-05-29 11:39:35,976 - ForkPoolWorker-12 - INFO - Finished tokenizing 241767-v2.0.0-mixed: 4 centers, 13 frags.
2025-05-29 11:39:35,976 - ForkPoolWorker-3 - INFO - Finished tokenizing 240037-v2.0.0-mixed: 0 centers, 0 frags.
2025-05-29 11:39:35,976 - ForkPoolWorker-12 - INFO - Tokenizing context file: 243789-v2.0.0-mixed
2025-05-29 11:39:35,976 - ForkPoolWorker-3 - INFO - Tokenizing context file: 242413-v2.0.0-mixed
2025-05-29 11:39:35,976 - ForkPoolWorker-10 - INFO - Finished tokenizing 247765-v2.0.0-mixed: 3 centers, 8 frags.
2025-05-29 11:39:35,976 - ForkPoolWorker-4 - INFO - Finished tokenizing 242785-v2.0.0-mixed: 26 centers, 40 frags.
2025-05-29 11:39:35,977 - ForkPoolWorker-10 - INFO - Tokenizing context file: 242912-v2.0.0-mixed
2025-05-29 11:39:35,977 - ForkPoolWorker-4 - INFO - Tokenizing context file: 235895-v2.0.0-mixed
2025-05-29 11:39:35,977 - ForkPoolWorker-5 - INFO - Finished tokenizing 246736-v2.0.0-mixed: 1 centers, 5 frags.
2025-05-29 11:39:35,977 - ForkPoolWorker-5 - INFO - Tokenizing context file: 246665-v2.0.0-mixed
2025-05-29 11:39:35,977 - ForkPoolWorker-1 - INFO - Finished tokenizing 248053-v2.0.0-mixed: 2 centers, 8 frags.
2025-05-29 11:39:35,977 - ForkPoolWorker-2 - INFO - Finished tokenizing 243343-v2.0.0-mixed: 7 centers, 23 frags.
2025-05-29 11:39:35,977 - ForkPoolWorker-7 - INFO - Finished tokenizing 242797-v2.0.0-mixed: 7 centers, 21 frags.
2025-05-29 11:39:35,977 - ForkPoolWorker-1 - INFO - Tokenizing context file: 238736-v2.0.0-mixed
2025-05-29 11:39:35,977 - ForkPoolWorker-9 - INFO - Finished tokenizing 242542-v2.0.0-mixed: 7 centers, 27 frags.
2025-05-29 11:39:35,977 - ForkPoolWorker-2 - INFO - Tokenizing context file: 247872-v2.0.0-mixed
2025-05-29 11:39:35,977 - ForkPoolWorker-11 - INFO - Finished tokenizing 241824-v2.0.0-mixed: 6 centers, 26 frags.
2025-05-29 11:39:35,977 - ForkPoolWorker-8 - INFO - Finished tokenizing 243248-v2.0.0-mixed: 7 centers, 24 frags.
2025-05-29 11:39:35,978 - ForkPoolWorker-9 - INFO - Tokenizing context file: 243996-v2.0.0-mixed
2025-05-29 11:39:35,978 - ForkPoolWorker-7 - INFO - Tokenizing context file: 500887-v1.0.0-bad
2025-05-29 11:39:35,978 - ForkPoolWorker-12 - INFO - Finished tokenizing 243789-v2.0.0-mixed: 4 centers, 17 frags.
2025-05-29 11:39:35,978 - ForkPoolWorker-3 - INFO - Finished tokenizing 242413-v2.0.0-mixed: 7 centers, 21 frags.
2025-05-29 11:39:35,978 - ForkPoolWorker-10 - INFO - Finished tokenizing 242912-v2.0.0-mixed: 6 centers, 22 frags.
2025-05-29 11:39:35,978 - ForkPoolWorker-2 - INFO - Finished tokenizing 247872-v2.0.0-mixed: 1 centers, 7 frags.
2025-05-29 11:39:35,978 - ForkPoolWorker-7 - INFO - Finished tokenizing 500887-v1.0.0-bad: 1 centers, 2 frags.
2025-05-29 11:39:35,979 - ForkPoolWorker-1 - INFO - Finished tokenizing 238736-v2.0.0-mixed: 4 centers, 14 frags.
2025-05-29 11:39:35,979 - ForkPoolWorker-5 - INFO - Finished tokenizing 246665-v2.0.0-mixed: 4 centers, 12 frags.
2025-05-29 11:39:35,979 - ForkPoolWorker-11 - INFO - Tokenizing context file: 241869-v2.0.0-mixed
2025-05-29 11:39:35,979 - ForkPoolWorker-4 - INFO - Finished tokenizing 235895-v2.0.0-mixed: 4 centers, 16 frags.
2025-05-29 11:39:35,979 - ForkPoolWorker-6 - INFO - Finished tokenizing 241901-v2.0.0-mixed: 7 centers, 19 frags.
2025-05-29 11:39:35,979 - ForkPoolWorker-9 - INFO - Finished tokenizing 243996-v2.0.0-mixed: 7 centers, 30 frags.
2025-05-29 11:39:35,980 - ForkPoolWorker-11 - INFO - Finished tokenizing 241869-v2.0.0-mixed: 7 centers, 19 frags.
2025-05-29 11:39:35,981 - ForkPoolWorker-8 - INFO - Tokenizing context file: 241736-v2.0.0-mixed
2025-05-29 11:39:35,981 - ForkPoolWorker-12 - INFO - Tokenizing context file: 247258-v2.0.0-mixed
2025-05-29 11:39:35,981 - ForkPoolWorker-3 - INFO - Tokenizing context file: 234691-v2.0.0-mixed
2025-05-29 11:39:35,981 - ForkPoolWorker-12 - INFO - Finished tokenizing 247258-v2.0.0-mixed: 2 centers, 6 frags.
2025-05-29 11:39:35,981 - ForkPoolWorker-10 - INFO - Tokenizing context file: 240970-v2.0.0-mixed
2025-05-29 11:39:35,982 - ForkPoolWorker-8 - INFO - Finished tokenizing 241736-v2.0.0-mixed: 4 centers, 12 frags.
2025-05-29 11:39:35,982 - ForkPoolWorker-10 - INFO - Finished tokenizing 240970-v2.0.0-mixed: 2 centers, 7 frags.
2025-05-29 11:39:35,982 - ForkPoolWorker-3 - INFO - Finished tokenizing 234691-v2.0.0-mixed: 3 centers, 7 frags.
2025-05-29 11:39:35,982 - ForkPoolWorker-2 - INFO - Tokenizing context file: 239609-v2.0.0-mixed
2025-05-29 11:39:35,982 - ForkPoolWorker-7 - INFO - Tokenizing context file: 240603-v2.0.0-mixed
2025-05-29 11:39:35,982 - ForkPoolWorker-5 - INFO - Tokenizing context file: 247256-v2.0.0-mixed
2025-05-29 11:39:35,982 - ForkPoolWorker-1 - INFO - Tokenizing context file: 243437-v2.0.0-mixed
2025-05-29 11:39:35,983 - ForkPoolWorker-2 - INFO - Finished tokenizing 239609-v2.0.0-mixed: 0 centers, 0 frags.
2025-05-29 11:39:35,983 - ForkPoolWorker-7 - INFO - Finished tokenizing 240603-v2.0.0-mixed: 2 centers, 7 frags.
2025-05-29 11:39:35,983 - ForkPoolWorker-5 - INFO - Finished tokenizing 247256-v2.0.0-mixed: 1 centers, 5 frags.
2025-05-29 11:39:35,984 - ForkPoolWorker-1 - INFO - Finished tokenizing 243437-v2.0.0-mixed: 7 centers, 27 frags.
2025-05-29 11:39:35,984 - ForkPoolWorker-4 - INFO - Tokenizing context file: 247255-v2.0.0-mixed
2025-05-29 11:39:35,984 - ForkPoolWorker-6 - INFO - Tokenizing context file: 245746-v2.0.0-mixed
2025-05-29 11:39:35,985 - ForkPoolWorker-4 - INFO - Finished tokenizing 247255-v2.0.0-mixed: 1 centers, 5 frags.
2025-05-29 11:39:35,985 - ForkPoolWorker-6 - INFO - Finished tokenizing 245746-v2.0.0-mixed: 2 centers, 8 frags.
2025-05-29 11:39:35,985 - ForkPoolWorker-9 - INFO - Tokenizing context file: 246784-v2.0.0-mixed
2025-05-29 11:39:35,985 - ForkPoolWorker-11 - INFO - Tokenizing context file: 244685-v2.0.0-mixed
2025-05-29 11:39:35,986 - ForkPoolWorker-12 - INFO - Tokenizing context file: 241702-v2.0.0-mixed
2025-05-29 11:39:35,986 - ForkPoolWorker-8 - INFO - Tokenizing context file: 248244-v2.0.0-mixed
2025-05-29 11:39:35,986 - ForkPoolWorker-10 - INFO - Tokenizing context file: 500858-v1.0.0-bad
2025-05-29 11:39:35,986 - ForkPoolWorker-3 - INFO - Tokenizing context file: 241920-v2.0.0-mixed
2025-05-29 11:39:35,986 - ForkPoolWorker-9 - INFO - Finished tokenizing 246784-v2.0.0-mixed: 1 centers, 5 frags.
2025-05-29 11:39:35,986 - ForkPoolWorker-2 - INFO - Tokenizing context file: 245965-v2.0.0-mixed
2025-05-29 11:39:35,986 - ForkPoolWorker-7 - INFO - Tokenizing context file: 242256-v2.0.0-mixed
2025-05-29 11:39:35,986 - ForkPoolWorker-5 - INFO - Tokenizing context file: 244425-v2.0.0-mixed
2025-05-29 11:39:35,986 - ForkPoolWorker-9 - INFO - Tokenizing context file: 246455-v2.0.0-mixed
2025-05-29 11:39:35,986 - ForkPoolWorker-1 - INFO - Tokenizing context file: 234569-v2.0.0-mixed
2025-05-29 11:39:35,986 - ForkPoolWorker-6 - INFO - Tokenizing context file: 243319-v2.0.0-mixed
2025-05-29 11:39:35,987 - ForkPoolWorker-1 - INFO - Finished tokenizing 234569-v2.0.0-mixed: 1 centers, 3 frags.
2025-05-29 11:39:35,986 - ForkPoolWorker-10 - INFO - Finished tokenizing 500858-v1.0.0-bad: 1 centers, 4 frags.
2025-05-29 11:39:35,987 - ForkPoolWorker-11 - INFO - Finished tokenizing 244685-v2.0.0-mixed: 5 centers, 29 frags.
2025-05-29 11:39:35,987 - ForkPoolWorker-9 - INFO - Finished tokenizing 246455-v2.0.0-mixed: 1 centers, 7 frags.
2025-05-29 11:39:35,987 - ForkPoolWorker-12 - INFO - Finished tokenizing 241702-v2.0.0-mixed: 5 centers, 9 frags.
2025-05-29 11:39:35,987 - ForkPoolWorker-8 - INFO - Finished tokenizing 248244-v2.0.0-mixed: 2 centers, 11 frags.
2025-05-29 11:39:35,987 - ForkPoolWorker-7 - INFO - Finished tokenizing 242256-v2.0.0-mixed: 4 centers, 14 frags.
2025-05-29 11:39:35,987 - ForkPoolWorker-6 - INFO - Finished tokenizing 243319-v2.0.0-mixed: 6 centers, 17 frags.
2025-05-29 11:39:35,987 - ForkPoolWorker-5 - INFO - Finished tokenizing 244425-v2.0.0-mixed: 3 centers, 13 frags.
2025-05-29 11:39:35,987 - ForkPoolWorker-2 - INFO - Finished tokenizing 245965-v2.0.0-mixed: 6 centers, 18 frags.
2025-05-29 11:39:35,987 - ForkPoolWorker-3 - INFO - Finished tokenizing 241920-v2.0.0-mixed: 6 centers, 26 frags.
2025-05-29 11:39:35,988 - ForkPoolWorker-4 - INFO - Tokenizing context file: 247001-v2.0.0-mixed
2025-05-29 11:39:35,988 - ForkPoolWorker-1 - INFO - Tokenizing context file: 500850-v1.0.0-bad
2025-05-29 11:39:35,988 - ForkPoolWorker-10 - INFO - Tokenizing context file: 500806-v1.0.0-bad
2025-05-29 11:39:35,988 - ForkPoolWorker-11 - INFO - Tokenizing context file: 242385-v2.0.0-mixed
2025-05-29 11:39:35,989 - ForkPoolWorker-12 - INFO - Tokenizing context file: 235536-v2.0.0-mixed
2025-05-29 11:39:35,989 - ForkPoolWorker-9 - INFO - Tokenizing context file: 238999-v2.0.0-mixed
2025-05-29 11:39:35,989 - ForkPoolWorker-8 - INFO - Tokenizing context file: 234460-v2.0.0-mixed
2025-05-29 11:39:35,989 - ForkPoolWorker-7 - INFO - Tokenizing context file: 243942-v2.0.0-mixed
2025-05-29 11:39:35,989 - ForkPoolWorker-1 - INFO - Finished tokenizing 500850-v1.0.0-bad: 1 centers, 3 frags.
2025-05-29 11:39:35,989 - ForkPoolWorker-10 - INFO - Finished tokenizing 500806-v1.0.0-bad: 1 centers, 4 frags.
2025-05-29 11:39:35,989 - ForkPoolWorker-11 - INFO - Finished tokenizing 242385-v2.0.0-mixed: 1 centers, 2 frags.
2025-05-29 11:39:35,989 - ForkPoolWorker-7 - INFO - Finished tokenizing 243942-v2.0.0-mixed: 2 centers, 6 frags.
2025-05-29 11:39:35,989 - ForkPoolWorker-12 - INFO - Finished tokenizing 235536-v2.0.0-mixed: 3 centers, 13 frags.
2025-05-29 11:39:35,990 - ForkPoolWorker-6 - INFO - Tokenizing context file: 242206-v2.0.0-mixed
2025-05-29 11:39:35,990 - ForkPoolWorker-5 - INFO - Tokenizing context file: 241840-v2.0.0-mixed
2025-05-29 11:39:35,990 - ForkPoolWorker-8 - INFO - Finished tokenizing 234460-v2.0.0-mixed: 3 centers, 8 frags.
2025-05-29 11:39:35,990 - ForkPoolWorker-2 - INFO - Tokenizing context file: 242372-v2.0.0-mixed
2025-05-29 11:39:35,990 - ForkPoolWorker-9 - INFO - Finished tokenizing 238999-v2.0.0-mixed: 2 centers, 7 frags.
2025-05-29 11:39:35,990 - ForkPoolWorker-4 - INFO - Finished tokenizing 247001-v2.0.0-mixed: 5 centers, 27 frags.
2025-05-29 11:39:35,990 - ForkPoolWorker-5 - INFO - Finished tokenizing 241840-v2.0.0-mixed: 4 centers, 14 frags.
2025-05-29 11:39:35,990 - ForkPoolWorker-6 - INFO - Finished tokenizing 242206-v2.0.0-mixed: 4 centers, 13 frags.
2025-05-29 11:39:35,991 - ForkPoolWorker-2 - INFO - Finished tokenizing 242372-v2.0.0-mixed: 5 centers, 17 frags.
2025-05-29 11:39:35,991 - ForkPoolWorker-12 - INFO - Tokenizing context file: 246638-v2.0.0-mixed
2025-05-29 11:39:35,991 - ForkPoolWorker-1 - INFO - Tokenizing context file: 244045-v2.0.0-mixed
2025-05-29 11:39:35,991 - ForkPoolWorker-10 - INFO - Tokenizing context file: 248605-v2.0.0-mixed
2025-05-29 11:39:35,991 - ForkPoolWorker-11 - INFO - Tokenizing context file: 238859-v2.0.0-mixed
2025-05-29 11:39:35,991 - ForkPoolWorker-2 - INFO - Tokenizing context file: 234866-v2.0.0-mixed
2025-05-29 11:39:35,991 - ForkPoolWorker-3 - INFO - Tokenizing context file: 243266-v2.0.0-mixed
2025-05-29 11:39:35,991 - ForkPoolWorker-8 - INFO - Tokenizing context file: 241939-v2.0.0-mixed
2025-05-29 11:39:35,991 - ForkPoolWorker-9 - INFO - Tokenizing context file: 241769-v2.0.0-mixed
2025-05-29 11:39:35,992 - ForkPoolWorker-12 - INFO - Finished tokenizing 246638-v2.0.0-mixed: 2 centers, 8 frags.
2025-05-29 11:39:35,992 - ForkPoolWorker-2 - INFO - Finished tokenizing 234866-v2.0.0-mixed: 1 centers, 3 frags.
2025-05-29 11:39:35,992 - ForkPoolWorker-2 - INFO - Tokenizing context file: 241012-v2.0.0-mixed
2025-05-29 11:39:35,992 - ForkPoolWorker-11 - INFO - Finished tokenizing 238859-v2.0.0-mixed: 4 centers, 9 frags.
2025-05-29 11:39:35,992 - ForkPoolWorker-1 - INFO - Finished tokenizing 244045-v2.0.0-mixed: 2 centers, 10 frags.
2025-05-29 11:39:35,992 - ForkPoolWorker-4 - INFO - Tokenizing context file: 243067-v2.0.0-mixed
2025-05-29 11:39:35,992 - ForkPoolWorker-5 - INFO - Tokenizing context file: 243169-v2.0.0-mixed
2025-05-29 11:39:35,992 - ForkPoolWorker-8 - INFO - Finished tokenizing 241939-v2.0.0-mixed: 4 centers, 14 frags.
2025-05-29 11:39:35,992 - ForkPoolWorker-10 - INFO - Finished tokenizing 248605-v2.0.0-mixed: 6 centers, 15 frags.
2025-05-29 11:39:35,993 - ForkPoolWorker-1 - INFO - Tokenizing context file: 248671-v2.0.0-mixed
2025-05-29 11:39:35,993 - ForkPoolWorker-12 - INFO - Tokenizing context file: 242675-v2.0.0-mixed
2025-05-29 11:39:35,993 - ForkPoolWorker-10 - INFO - Tokenizing context file: 241821-v2.0.0-mixed
2025-05-29 11:39:35,993 - ForkPoolWorker-6 - INFO - Tokenizing context file: 243032-v2.0.0-mixed
2025-05-29 11:39:35,993 - ForkPoolWorker-2 - INFO - Finished tokenizing 241012-v2.0.0-mixed: 2 centers, 7 frags.
2025-05-29 11:39:35,993 - ForkPoolWorker-9 - INFO - Finished tokenizing 241769-v2.0.0-mixed: 4 centers, 13 frags.
2025-05-29 11:39:35,993 - ForkPoolWorker-7 - INFO - Tokenizing context file: 240479-v2.0.0-mixed
2025-05-29 11:39:35,993 - ForkPoolWorker-8 - INFO - Tokenizing context file: 243980-v2.0.0-mixed
2025-05-29 11:39:35,993 - ForkPoolWorker-5 - INFO - Finished tokenizing 243169-v2.0.0-mixed: 6 centers, 23 frags.
2025-05-29 11:39:35,993 - ForkPoolWorker-11 - INFO - Tokenizing context file: 242930-v2.0.0-mixed
2025-05-29 11:39:35,993 - ForkPoolWorker-9 - INFO - Tokenizing context file: 242165-v2.0.0-mixed
2025-05-29 11:39:35,994 - ForkPoolWorker-5 - INFO - Tokenizing context file: 248625-v2.0.0-mixed
2025-05-29 11:39:35,994 - ForkPoolWorker-1 - INFO - Finished tokenizing 248671-v2.0.0-mixed: 1 centers, 5 frags.
2025-05-29 11:39:35,994 - ForkPoolWorker-2 - INFO - Tokenizing context file: 241921-v2.0.0-mixed
2025-05-29 11:39:35,994 - ForkPoolWorker-3 - INFO - Finished tokenizing 243266-v2.0.0-mixed: 6 centers, 23 frags.
2025-05-29 11:39:35,994 - ForkPoolWorker-1 - INFO - Tokenizing context file: 243122-v2.0.0-mixed
2025-05-29 11:39:35,994 - ForkPoolWorker-4 - INFO - Finished tokenizing 243067-v2.0.0-mixed: 2 centers, 6 frags.
2025-05-29 11:39:35,994 - ForkPoolWorker-3 - INFO - Tokenizing context file: 243034-v2.0.0-mixed
2025-05-29 11:39:35,994 - ForkPoolWorker-6 - INFO - Finished tokenizing 243032-v2.0.0-mixed: 2 centers, 7 frags.
2025-05-29 11:39:35,994 - ForkPoolWorker-4 - INFO - Tokenizing context file: 500976-v1.0.0-bad
2025-05-29 11:39:35,994 - ForkPoolWorker-6 - INFO - Tokenizing context file: 239877-v2.0.0-mixed
2025-05-29 11:39:35,995 - ForkPoolWorker-5 - INFO - Finished tokenizing 248625-v2.0.0-mixed: 3 centers, 11 frags.
2025-05-29 11:39:35,995 - ForkPoolWorker-11 - INFO - Finished tokenizing 242930-v2.0.0-mixed: 1 centers, 2 frags.
2025-05-29 11:39:35,995 - ForkPoolWorker-4 - INFO - Finished tokenizing 500976-v1.0.0-bad: 2 centers, 5 frags.
2025-05-29 11:39:35,995 - ForkPoolWorker-5 - INFO - Tokenizing context file: 243417-v2.0.0-mixed
2025-05-29 11:39:35,995 - ForkPoolWorker-11 - INFO - Tokenizing context file: 241358-v2.0.0-mixed
2025-05-29 11:39:35,995 - ForkPoolWorker-6 - INFO - Finished tokenizing 239877-v2.0.0-mixed: 0 centers, 0 frags.
2025-05-29 11:39:35,995 - ForkPoolWorker-4 - INFO - Tokenizing context file: 235450-v2.0.0-mixed
2025-05-29 11:39:35,995 - ForkPoolWorker-6 - INFO - Tokenizing context file: 244326-v2.0.0-mixed
2025-05-29 11:39:35,995 - ForkPoolWorker-1 - INFO - Finished tokenizing 243122-v2.0.0-mixed: 4 centers, 14 frags.
2025-05-29 11:39:35,995 - ForkPoolWorker-1 - INFO - Tokenizing context file: 246481-v2.0.0-mixed
2025-05-29 11:39:35,995 - ForkPoolWorker-8 - INFO - Finished tokenizing 243980-v2.0.0-mixed: 6 centers, 27 frags.
2025-05-29 11:39:35,995 - ForkPoolWorker-5 - INFO - Finished tokenizing 243417-v2.0.0-mixed: 2 centers, 6 frags.
2025-05-29 11:39:35,995 - ForkPoolWorker-11 - INFO - Finished tokenizing 241358-v2.0.0-mixed: 1 centers, 4 frags.
2025-05-29 11:39:35,996 - ForkPoolWorker-10 - INFO - Finished tokenizing 241821-v2.0.0-mixed: 6 centers, 28 frags.
2025-05-29 11:39:35,996 - ForkPoolWorker-9 - INFO - Finished tokenizing 242165-v2.0.0-mixed: 6 centers, 32 frags.
2025-05-29 11:39:35,996 - ForkPoolWorker-4 - INFO - Finished tokenizing 235450-v2.0.0-mixed: 1 centers, 5 frags.
2025-05-29 11:39:35,996 - ForkPoolWorker-6 - INFO - Finished tokenizing 244326-v2.0.0-mixed: 2 centers, 11 frags.
2025-05-29 11:39:35,996 - ForkPoolWorker-5 - INFO - Tokenizing context file: 245321-v2.0.0-mixed
2025-05-29 11:39:35,996 - ForkPoolWorker-8 - INFO - Tokenizing context file: 240004-v2.0.0-mixed
2025-05-29 11:39:35,996 - ForkPoolWorker-6 - INFO - Tokenizing context file: 243013-v2.0.0-mixed
2025-05-29 11:39:35,996 - ForkPoolWorker-1 - INFO - Finished tokenizing 246481-v2.0.0-mixed: 4 centers, 9 frags.
2025-05-29 11:39:35,996 - ForkPoolWorker-12 - INFO - Finished tokenizing 242675-v2.0.0-mixed: 4 centers, 14 frags.
2025-05-29 11:39:35,996 - ForkPoolWorker-2 - INFO - Finished tokenizing 241921-v2.0.0-mixed: 26 centers, 40 frags.
2025-05-29 11:39:35,997 - ForkPoolWorker-3 - INFO - Finished tokenizing 243034-v2.0.0-mixed: 6 centers, 36 frags.
2025-05-29 11:39:35,997 - ForkPoolWorker-5 - INFO - Finished tokenizing 245321-v2.0.0-mixed: 2 centers, 9 frags.
2025-05-29 11:39:35,997 - ForkPoolWorker-7 - INFO - Finished tokenizing 240479-v2.0.0-mixed: 5 centers, 20 frags.
2025-05-29 11:39:35,997 - ForkPoolWorker-8 - INFO - Finished tokenizing 240004-v2.0.0-mixed: 4 centers, 14 frags.
2025-05-29 11:39:35,997 - ForkPoolWorker-6 - INFO - Finished tokenizing 243013-v2.0.0-mixed: 7 centers, 21 frags.
2025-05-29 11:39:35,997 - ForkPoolWorker-10 - INFO - Tokenizing context file: 500987-v1.0.0-bad
2025-05-29 11:39:35,997 - ForkPoolWorker-4 - INFO - Tokenizing context file: 235237-v2.0.0-mixed
2025-05-29 11:39:35,998 - ForkPoolWorker-10 - INFO - Finished tokenizing 500987-v1.0.0-bad: 1 centers, 2 frags.
2025-05-29 11:39:35,998 - ForkPoolWorker-9 - INFO - Tokenizing context file: 2044-v1.0.0-bad
2025-05-29 11:39:35,998 - ForkPoolWorker-1 - INFO - Tokenizing context file: 242787-v2.0.0-mixed
2025-05-29 11:39:35,998 - ForkPoolWorker-4 - INFO - Finished tokenizing 235237-v2.0.0-mixed: 4 centers, 15 frags.
2025-05-29 11:39:35,999 - ForkPoolWorker-1 - INFO - Finished tokenizing 242787-v2.0.0-mixed: 4 centers, 15 frags.
2025-05-29 11:39:35,999 - ForkPoolWorker-9 - INFO - Finished tokenizing 2044-v1.0.0-bad: 2 centers, 14 frags.
2025-05-29 11:39:36,000 - ForkPoolWorker-12 - INFO - Tokenizing context file: 242947-v2.0.0-mixed
2025-05-29 11:39:36,000 - ForkPoolWorker-11 - INFO - Tokenizing context file: 243023-v2.0.0-mixed
2025-05-29 11:39:36,000 - ForkPoolWorker-2 - INFO - Tokenizing context file: 500977-v1.0.0-bad
2025-05-29 11:39:36,001 - ForkPoolWorker-12 - INFO - Finished tokenizing 242947-v2.0.0-mixed: 4 centers, 14 frags.
2025-05-29 11:39:36,001 - ForkPoolWorker-11 - INFO - Finished tokenizing 243023-v2.0.0-mixed: 4 centers, 16 frags.
2025-05-29 11:39:36,001 - ForkPoolWorker-2 - INFO - Finished tokenizing 500977-v1.0.0-bad: 2 centers, 5 frags.
2025-05-29 11:39:36,001 - ForkPoolWorker-3 - INFO - Tokenizing context file: 241726-v2.0.0-mixed
2025-05-29 11:39:36,002 - ForkPoolWorker-5 - INFO - Tokenizing context file: 242481-v2.0.0-mixed
2025-05-29 11:39:36,002 - ForkPoolWorker-5 - INFO - Finished tokenizing 242481-v2.0.0-mixed: 1 centers, 2 frags.
2025-05-29 11:39:36,002 - ForkPoolWorker-3 - INFO - Finished tokenizing 241726-v2.0.0-mixed: 4 centers, 13 frags.
2025-05-29 11:39:36,003 - ForkPoolWorker-7 - INFO - Tokenizing context file: 235170-v2.0.0-mixed
2025-05-29 11:39:36,003 - ForkPoolWorker-8 - INFO - Tokenizing context file: 242158-v2.0.0-mixed
2025-05-29 11:39:36,004 - ForkPoolWorker-6 - INFO - Tokenizing context file: 243102-v2.0.0-mixed
2025-05-29 11:39:36,004 - ForkPoolWorker-7 - INFO - Finished tokenizing 235170-v2.0.0-mixed: 3 centers, 15 frags.
2025-05-29 11:39:36,004 - ForkPoolWorker-10 - INFO - Tokenizing context file: 500820-v1.0.0-bad
2025-05-29 11:39:36,004 - ForkPoolWorker-4 - INFO - Tokenizing context file: 244125-v2.0.0-mixed
2025-05-29 11:39:36,004 - ForkPoolWorker-1 - INFO - Tokenizing context file: 248717-v2.0.0-mixed
2025-05-29 11:39:36,004 - ForkPoolWorker-9 - INFO - Tokenizing context file: 242904-v2.0.0-mixed
2025-05-29 11:39:36,004 - ForkPoolWorker-12 - INFO - Tokenizing context file: 242909-v2.0.0-mixed
2025-05-29 11:39:36,004 - ForkPoolWorker-8 - INFO - Finished tokenizing 242158-v2.0.0-mixed: 7 centers, 27 frags.
2025-05-29 11:39:36,004 - ForkPoolWorker-10 - INFO - Finished tokenizing 500820-v1.0.0-bad: 1 centers, 3 frags.
2025-05-29 11:39:36,005 - ForkPoolWorker-1 - INFO - Finished tokenizing 248717-v2.0.0-mixed: 2 centers, 9 frags.
2025-05-29 11:39:36,005 - ForkPoolWorker-9 - INFO - Finished tokenizing 242904-v2.0.0-mixed: 2 centers, 9 frags.
2025-05-29 11:39:36,005 - ForkPoolWorker-12 - INFO - Finished tokenizing 242909-v2.0.0-mixed: 6 centers, 21 frags.
2025-05-29 11:39:36,005 - ForkPoolWorker-4 - INFO - Finished tokenizing 244125-v2.0.0-mixed: 6 centers, 18 frags.
2025-05-29 11:39:36,005 - ForkPoolWorker-6 - INFO - Finished tokenizing 243102-v2.0.0-mixed: 6 centers, 27 frags.
2025-05-29 11:39:36,006 - ForkPoolWorker-11 - INFO - Tokenizing context file: 242791-v2.0.0-mixed
2025-05-29 11:39:36,006 - ForkPoolWorker-2 - INFO - Tokenizing context file: 500831-v1.0.0-bad
2025-05-29 11:39:36,006 - ForkPoolWorker-5 - INFO - Tokenizing context file: 241719-v2.0.0-mixed
2025-05-29 11:39:36,006 - ForkPoolWorker-3 - INFO - Tokenizing context file: 245695-v2.0.0-mixed
2025-05-29 11:39:36,006 - ForkPoolWorker-2 - INFO - Finished tokenizing 500831-v1.0.0-bad: 1 centers, 3 frags.
2025-05-29 11:39:36,006 - ForkPoolWorker-7 - INFO - Tokenizing context file: 247533-v2.0.0-mixed
2025-05-29 11:39:36,006 - ForkPoolWorker-5 - INFO - Finished tokenizing 241719-v2.0.0-mixed: 2 centers, 9 frags.
2025-05-29 11:39:36,006 - ForkPoolWorker-3 - INFO - Finished tokenizing 245695-v2.0.0-mixed: 1 centers, 7 frags.
2025-05-29 11:39:36,006 - ForkPoolWorker-8 - INFO - Tokenizing context file: 242130-v2.0.0-mixed
2025-05-29 11:39:36,006 - ForkPoolWorker-10 - INFO - Tokenizing context file: 239481-v2.0.0-mixed
2025-05-29 11:39:36,006 - ForkPoolWorker-11 - INFO - Finished tokenizing 242791-v2.0.0-mixed: 4 centers, 12 frags.
2025-05-29 11:39:36,007 - ForkPoolWorker-10 - INFO - Finished tokenizing 239481-v2.0.0-mixed: 0 centers, 0 frags.
2025-05-29 11:39:36,007 - ForkPoolWorker-8 - INFO - Finished tokenizing 242130-v2.0.0-mixed: 1 centers, 2 frags.
2025-05-29 11:39:36,007 - ForkPoolWorker-7 - INFO - Finished tokenizing 247533-v2.0.0-mixed: 2 centers, 8 frags.
2025-05-29 11:39:36,007 - ForkPoolWorker-1 - INFO - Tokenizing context file: 247705-v2.0.0-mixed
2025-05-29 11:39:36,007 - ForkPoolWorker-9 - INFO - Tokenizing context file: 242625-v2.0.0-mixed
2025-05-29 11:39:36,007 - ForkPoolWorker-12 - INFO - Tokenizing context file: 246785-v2.0.0-mixed
2025-05-29 11:39:36,008 - ForkPoolWorker-1 - INFO - Finished tokenizing 247705-v2.0.0-mixed: 3 centers, 8 frags.
2025-05-29 11:39:36,008 - ForkPoolWorker-7 - INFO - Tokenizing context file: 245017-v2.0.0-mixed
2025-05-29 11:39:36,008 - ForkPoolWorker-6 - INFO - Tokenizing context file: 242159-v2.0.0-mixed
2025-05-29 11:39:36,008 - ForkPoolWorker-1 - INFO - Tokenizing context file: 242552-v2.0.0-mixed
2025-05-29 11:39:36,008 - ForkPoolWorker-2 - INFO - Tokenizing context file: 243019-v2.0.0-mixed
2025-05-29 11:39:36,008 - ForkPoolWorker-5 - INFO - Tokenizing context file: 241793-v2.0.0-mixed
2025-05-29 11:39:36,008 - ForkPoolWorker-12 - INFO - Finished tokenizing 246785-v2.0.0-mixed: 3 centers, 13 frags.
2025-05-29 11:39:36,009 - ForkPoolWorker-10 - INFO - Tokenizing context file: 242367-v2.0.0-mixed
2025-05-29 11:39:36,009 - ForkPoolWorker-11 - INFO - Tokenizing context file: 235296-v2.0.0-mixed
2025-05-29 11:39:36,009 - ForkPoolWorker-12 - INFO - Tokenizing context file: 241812-v2.0.0-mixed
2025-05-29 11:39:36,009 - ForkPoolWorker-7 - INFO - Finished tokenizing 245017-v2.0.0-mixed: 3 centers, 8 frags.
2025-05-29 11:39:36,009 - ForkPoolWorker-1 - INFO - Finished tokenizing 242552-v2.0.0-mixed: 2 centers, 7 frags.
2025-05-29 11:39:36,009 - ForkPoolWorker-6 - INFO - Finished tokenizing 242159-v2.0.0-mixed: 4 centers, 16 frags.
2025-05-29 11:39:36,010 - ForkPoolWorker-11 - INFO - Finished tokenizing 235296-v2.0.0-mixed: 3 centers, 15 frags.
2025-05-29 11:39:36,010 - ForkPoolWorker-9 - INFO - Finished tokenizing 242625-v2.0.0-mixed: 26 centers, 40 frags.
2025-05-29 11:39:36,010 - ForkPoolWorker-10 - INFO - Finished tokenizing 242367-v2.0.0-mixed: 6 centers, 35 frags.
2025-05-29 11:39:36,010 - ForkPoolWorker-2 - INFO - Finished tokenizing 243019-v2.0.0-mixed: 7 centers, 23 frags.
2025-05-29 11:39:36,010 - ForkPoolWorker-12 - INFO - Finished tokenizing 241812-v2.0.0-mixed: 18 centers, 22 frags.
2025-05-29 11:39:36,011 - ForkPoolWorker-5 - INFO - Finished tokenizing 241793-v2.0.0-mixed: 26 centers, 40 frags.
2025-05-29 11:39:36,011 - ForkPoolWorker-4 - INFO - Tokenizing context file: 248148-v2.0.0-mixed
2025-05-29 11:39:36,011 - ForkPoolWorker-3 - INFO - Tokenizing context file: 243979-v2.0.0-mixed
2025-05-29 11:39:36,011 - ForkPoolWorker-8 - INFO - Tokenizing context file: 241814-v2.0.0-mixed
2025-05-29 11:39:36,011 - ForkPoolWorker-7 - INFO - Tokenizing context file: 500963-v1.0.0-bad
2025-05-29 11:39:36,011 - ForkPoolWorker-1 - INFO - Tokenizing context file: 246832-v2.0.0-mixed
2025-05-29 11:39:36,012 - ForkPoolWorker-8 - INFO - Finished tokenizing 241814-v2.0.0-mixed: 2 centers, 9 frags.
2025-05-29 11:39:36,012 - ForkPoolWorker-4 - INFO - Finished tokenizing 248148-v2.0.0-mixed: 2 centers, 9 frags.
2025-05-29 11:39:36,012 - ForkPoolWorker-7 - INFO - Finished tokenizing 500963-v1.0.0-bad: 1 centers, 2 frags.
2025-05-29 11:39:36,012 - ForkPoolWorker-1 - INFO - Finished tokenizing 246832-v2.0.0-mixed: 1 centers, 7 frags.
2025-05-29 11:39:36,013 - ForkPoolWorker-3 - INFO - Finished tokenizing 243979-v2.0.0-mixed: 6 centers, 27 frags.
2025-05-29 11:39:36,013 - ForkPoolWorker-6 - INFO - Tokenizing context file: 244981-v2.0.0-mixed
2025-05-29 11:39:36,013 - ForkPoolWorker-3 - INFO - Tokenizing context file: 500901-v1.0.0-bad
2025-05-29 11:39:36,013 - ForkPoolWorker-3 - INFO - Finished tokenizing 500901-v1.0.0-bad: 1 centers, 4 frags.
2025-05-29 11:39:36,014 - ForkPoolWorker-6 - INFO - Finished tokenizing 244981-v2.0.0-mixed: 3 centers, 11 frags.
2025-05-29 11:39:36,014 - ForkPoolWorker-11 - INFO - Tokenizing context file: 242525-v2.0.0-mixed
2025-05-29 11:39:36,014 - ForkPoolWorker-10 - INFO - Tokenizing context file: 242234-v2.0.0-mixed
2025-05-29 11:39:36,015 - ForkPoolWorker-2 - INFO - Tokenizing context file: 245318-v2.0.0-mixed
2025-05-29 11:39:36,015 - ForkPoolWorker-12 - INFO - Tokenizing context file: 247772-v2.0.0-mixed
2025-05-29 11:39:36,015 - ForkPoolWorker-11 - INFO - Finished tokenizing 242525-v2.0.0-mixed: 6 centers, 21 frags.
2025-05-29 11:39:36,015 - ForkPoolWorker-5 - INFO - Tokenizing context file: 243100-v2.0.0-mixed
2025-05-29 11:39:36,015 - ForkPoolWorker-10 - INFO - Finished tokenizing 242234-v2.0.0-mixed: 6 centers, 21 frags.
2025-05-29 11:39:36,016 - ForkPoolWorker-2 - INFO - Finished tokenizing 245318-v2.0.0-mixed: 2 centers, 9 frags.
2025-05-29 11:39:36,016 - ForkPoolWorker-12 - INFO - Finished tokenizing 247772-v2.0.0-mixed: 2 centers, 11 frags.
2025-05-29 11:39:36,016 - ForkPoolWorker-8 - INFO - Tokenizing context file: 245585-v2.0.0-mixed
2025-05-29 11:39:36,016 - ForkPoolWorker-4 - INFO - Tokenizing context file: 243436-v2.0.0-mixed
2025-05-29 11:39:36,016 - ForkPoolWorker-7 - INFO - Tokenizing context file: 500967-v1.0.0-bad
2025-05-29 11:39:36,016 - ForkPoolWorker-12 - INFO - Tokenizing context file: 500951-v1.0.0-bad
2025-05-29 11:39:36,016 - ForkPoolWorker-1 - INFO - Tokenizing context file: 1537-v1.0.0-bad
2025-05-29 11:39:36,016 - ForkPoolWorker-5 - INFO - Finished tokenizing 243100-v2.0.0-mixed: 6 centers, 17 frags.
2025-05-29 11:39:36,016 - ForkPoolWorker-7 - INFO - Finished tokenizing 500967-v1.0.0-bad: 1 centers, 2 frags.
2025-05-29 11:39:36,017 - ForkPoolWorker-12 - INFO - Finished tokenizing 500951-v1.0.0-bad: 1 centers, 2 frags.
2025-05-29 11:39:36,017 - ForkPoolWorker-9 - INFO - Tokenizing context file: 243098-v2.0.0-mixed
2025-05-29 11:39:36,017 - ForkPoolWorker-8 - INFO - Finished tokenizing 245585-v2.0.0-mixed: 5 centers, 15 frags.
2025-05-29 11:39:36,017 - ForkPoolWorker-4 - INFO - Finished tokenizing 243436-v2.0.0-mixed: 7 centers, 19 frags.
2025-05-29 11:39:36,017 - ForkPoolWorker-1 - INFO - Finished tokenizing 1537-v1.0.0-bad: 5 centers, 13 frags.
2025-05-29 11:39:36,017 - ForkPoolWorker-6 - INFO - Tokenizing context file: 242574-v2.0.0-mixed
2025-05-29 11:39:36,017 - ForkPoolWorker-11 - INFO - Tokenizing context file: 500971-v1.0.0-bad
2025-05-29 11:39:36,018 - ForkPoolWorker-9 - INFO - Finished tokenizing 243098-v2.0.0-mixed: 2 centers, 6 frags.
2025-05-29 11:39:36,018 - ForkPoolWorker-11 - INFO - Finished tokenizing 500971-v1.0.0-bad: 1 centers, 3 frags.
2025-05-29 11:39:36,018 - ForkPoolWorker-10 - INFO - Tokenizing context file: 242102-v2.0.0-mixed
2025-05-29 11:39:36,018 - ForkPoolWorker-2 - INFO - Tokenizing context file: 243313-v2.0.0-mixed
2025-05-29 11:39:36,018 - ForkPoolWorker-3 - INFO - Tokenizing context file: 233843-v2.0.0-mixed
2025-05-29 11:39:36,019 - ForkPoolWorker-6 - INFO - Finished tokenizing 242574-v2.0.0-mixed: 7 centers, 26 frags.
2025-05-29 11:39:36,019 - ForkPoolWorker-10 - INFO - Finished tokenizing 242102-v2.0.0-mixed: 2 centers, 9 frags.
2025-05-29 11:39:36,019 - ForkPoolWorker-2 - INFO - Finished tokenizing 243313-v2.0.0-mixed: 4 centers, 16 frags.
2025-05-29 11:39:36,019 - ForkPoolWorker-3 - INFO - Finished tokenizing 233843-v2.0.0-mixed: 2 centers, 6 frags.
2025-05-29 11:39:36,020 - ForkPoolWorker-5 - INFO - Tokenizing context file: 500958-v1.0.0-bad
2025-05-29 11:39:36,020 - ForkPoolWorker-7 - INFO - Tokenizing context file: 248297-v2.0.0-mixed
2025-05-29 11:39:36,020 - ForkPoolWorker-12 - INFO - Tokenizing context file: 241642-v2.0.0-mixed
2025-05-29 11:39:36,020 - ForkPoolWorker-8 - INFO - Tokenizing context file: 244002-v2.0.0-mixed
2025-05-29 11:39:36,020 - ForkPoolWorker-5 - INFO - Finished tokenizing 500958-v1.0.0-bad: 1 centers, 3 frags.
2025-05-29 11:39:36,020 - ForkPoolWorker-4 - INFO - Tokenizing context file: 242508-v2.0.0-mixed
2025-05-29 11:39:36,020 - ForkPoolWorker-1 - INFO - Tokenizing context file: 245042-v2.0.0-mixed
2025-05-29 11:39:36,020 - ForkPoolWorker-9 - INFO - Tokenizing context file: 248434-v2.0.0-mixed
2025-05-29 11:39:36,020 - ForkPoolWorker-5 - INFO - Tokenizing context file: 247585-v2.0.0-mixed
2025-05-29 11:39:36,020 - ForkPoolWorker-6 - INFO - Tokenizing context file: 234864-v2.0.0-mixed
2025-05-29 11:39:36,020 - ForkPoolWorker-3 - INFO - Tokenizing context file: 242273-v2.0.0-mixed
2025-05-29 11:39:36,020 - ForkPoolWorker-2 - INFO - Tokenizing context file: 248553-v2.0.0-mixed
2025-05-29 11:39:36,020 - ForkPoolWorker-8 - INFO - Finished tokenizing 244002-v2.0.0-mixed: 1 centers, 4 frags.
2025-05-29 11:39:36,020 - ForkPoolWorker-10 - INFO - Tokenizing context file: 241843-v2.0.0-mixed
2025-05-29 11:39:36,020 - ForkPoolWorker-11 - INFO - Tokenizing context file: 242554-v2.0.0-mixed
2025-05-29 11:39:36,020 - ForkPoolWorker-8 - INFO - Tokenizing context file: 500765-v1.0.0-bad
2025-05-29 11:39:36,021 - ForkPoolWorker-12 - INFO - Finished tokenizing 241642-v2.0.0-mixed: 5 centers, 18 frags.
2025-05-29 11:39:36,021 - ForkPoolWorker-7 - INFO - Finished tokenizing 248297-v2.0.0-mixed: 3 centers, 11 frags.
2025-05-29 11:39:36,021 - ForkPoolWorker-9 - INFO - Finished tokenizing 248434-v2.0.0-mixed: 2 centers, 8 frags.
2025-05-29 11:39:36,021 - ForkPoolWorker-5 - INFO - Finished tokenizing 247585-v2.0.0-mixed: 2 centers, 8 frags.
2025-05-29 11:39:36,021 - ForkPoolWorker-1 - INFO - Finished tokenizing 245042-v2.0.0-mixed: 2 centers, 11 frags.
2025-05-29 11:39:36,021 - ForkPoolWorker-12 - INFO - Tokenizing context file: 243265-v2.0.0-mixed
2025-05-29 11:39:36,021 - ForkPoolWorker-7 - INFO - Tokenizing context file: 243039-v2.0.0-mixed
2025-05-29 11:39:36,021 - ForkPoolWorker-1 - INFO - Tokenizing context file: 242327-v2.0.0-mixed
2025-05-29 11:39:36,022 - ForkPoolWorker-8 - INFO - Finished tokenizing 500765-v1.0.0-bad: 2 centers, 14 frags.
2025-05-29 11:39:36,022 - ForkPoolWorker-10 - INFO - Finished tokenizing 241843-v2.0.0-mixed: 4 centers, 14 frags.
2025-05-29 11:39:36,022 - ForkPoolWorker-6 - INFO - Finished tokenizing 234864-v2.0.0-mixed: 3 centers, 18 frags.
2025-05-29 11:39:36,022 - ForkPoolWorker-4 - INFO - Finished tokenizing 242508-v2.0.0-mixed: 7 centers, 27 frags.
2025-05-29 11:39:36,022 - ForkPoolWorker-1 - INFO - Finished tokenizing 242327-v2.0.0-mixed: 2 centers, 9 frags.
2025-05-29 11:39:36,022 - ForkPoolWorker-2 - INFO - Finished tokenizing 248553-v2.0.0-mixed: 4 centers, 10 frags.
2025-05-29 11:39:36,023 - ForkPoolWorker-5 - INFO - Tokenizing context file: 500894-v1.0.0-bad
2025-05-29 11:39:36,023 - ForkPoolWorker-9 - INFO - Tokenizing context file: 245261-v2.0.0-mixed
2025-05-29 11:39:36,023 - ForkPoolWorker-8 - INFO - Tokenizing context file: 244797-v2.0.0-mixed
2025-05-29 11:39:36,023 - ForkPoolWorker-12 - INFO - Finished tokenizing 243265-v2.0.0-mixed: 6 centers, 23 frags.
2025-05-29 11:39:36,023 - ForkPoolWorker-10 - INFO - Tokenizing context file: 241998-v2.0.0-mixed
2025-05-29 11:39:36,023 - ForkPoolWorker-12 - INFO - Tokenizing context file: 247111-v2.0.0-mixed
2025-05-29 11:39:36,023 - ForkPoolWorker-1 - INFO - Tokenizing context file: 501031-v1.0.0-bad
2025-05-29 11:39:36,023 - ForkPoolWorker-2 - INFO - Tokenizing context file: 241730-v2.0.0-mixed
2025-05-29 11:39:36,023 - ForkPoolWorker-5 - INFO - Finished tokenizing 500894-v1.0.0-bad: 1 centers, 2 frags.
2025-05-29 11:39:36,023 - ForkPoolWorker-11 - INFO - Finished tokenizing 242554-v2.0.0-mixed: 6 centers, 36 frags.
2025-05-29 11:39:36,023 - ForkPoolWorker-3 - INFO - Finished tokenizing 242273-v2.0.0-mixed: 26 centers, 40 frags.
2025-05-29 11:39:36,024 - ForkPoolWorker-5 - INFO - Tokenizing context file: 242652-v2.0.0-mixed
2025-05-29 11:39:36,024 - ForkPoolWorker-11 - INFO - Tokenizing context file: 238958-v2.0.0-mixed
2025-05-29 11:39:36,024 - ForkPoolWorker-3 - INFO - Tokenizing context file: 242194-v2.0.0-mixed
2025-05-29 11:39:36,024 - ForkPoolWorker-7 - INFO - Finished tokenizing 243039-v2.0.0-mixed: 6 centers, 37 frags.
2025-05-29 11:39:36,024 - ForkPoolWorker-4 - INFO - Tokenizing context file: 246262-v2.0.0-mixed
2025-05-29 11:39:36,023 - ForkPoolWorker-6 - INFO - Tokenizing context file: 243017-v2.0.0-mixed
2025-05-29 11:39:36,024 - ForkPoolWorker-1 - INFO - Finished tokenizing 501031-v1.0.0-bad: 1 centers, 3 frags.
2025-05-29 11:39:36,024 - ForkPoolWorker-12 - INFO - Finished tokenizing 247111-v2.0.0-mixed: 1 centers, 5 frags.
2025-05-29 11:39:36,024 - ForkPoolWorker-7 - INFO - Tokenizing context file: 242085-v2.0.0-mixed
2025-05-29 11:39:36,024 - ForkPoolWorker-1 - INFO - Tokenizing context file: 242258-v2.0.0-mixed
2025-05-29 11:39:36,024 - ForkPoolWorker-12 - INFO - Tokenizing context file: 243949-v2.0.0-mixed
2025-05-29 11:39:36,024 - ForkPoolWorker-3 - INFO - Finished tokenizing 242194-v2.0.0-mixed: 1 centers, 2 frags.
2025-05-29 11:39:36,025 - ForkPoolWorker-8 - INFO - Finished tokenizing 244797-v2.0.0-mixed: 2 centers, 11 frags.
2025-05-29 11:39:36,025 - ForkPoolWorker-11 - INFO - Finished tokenizing 238958-v2.0.0-mixed: 2 centers, 7 frags.
2025-05-29 11:39:36,025 - ForkPoolWorker-10 - INFO - Finished tokenizing 241998-v2.0.0-mixed: 7 centers, 26 frags.
2025-05-29 11:39:36,025 - ForkPoolWorker-9 - INFO - Finished tokenizing 245261-v2.0.0-mixed: 3 centers, 8 frags.
2025-05-29 11:39:36,025 - ForkPoolWorker-6 - INFO - Finished tokenizing 243017-v2.0.0-mixed: 4 centers, 13 frags.
2025-05-29 11:39:36,025 - ForkPoolWorker-1 - INFO - Finished tokenizing 242258-v2.0.0-mixed: 1 centers, 2 frags.
2025-05-29 11:39:36,025 - ForkPoolWorker-4 - INFO - Finished tokenizing 246262-v2.0.0-mixed: 2 centers, 11 frags.
2025-05-29 11:39:36,025 - ForkPoolWorker-2 - INFO - Finished tokenizing 241730-v2.0.0-mixed: 10 centers, 21 frags.
2025-05-29 11:39:36,026 - ForkPoolWorker-5 - INFO - Finished tokenizing 242652-v2.0.0-mixed: 6 centers, 22 frags.
2025-05-29 11:39:36,026 - ForkPoolWorker-7 - INFO - Finished tokenizing 242085-v2.0.0-mixed: 7 centers, 28 frags.
2025-05-29 11:39:36,026 - ForkPoolWorker-12 - INFO - Finished tokenizing 243949-v2.0.0-mixed: 6 centers, 32 frags.
2025-05-29 11:39:36,027 - ForkPoolWorker-3 - INFO - Tokenizing context file: 243404-v2.0.0-mixed
2025-05-29 11:39:36,027 - ForkPoolWorker-8 - INFO - Tokenizing context file: 241954-v2.0.0-mixed
2025-05-29 11:39:36,028 - ForkPoolWorker-11 - INFO - Tokenizing context file: 243002-v2.0.0-mixed
2025-05-29 11:39:36,028 - ForkPoolWorker-10 - INFO - Tokenizing context file: 239040-v2.0.0-mixed
2025-05-29 11:39:36,028 - ForkPoolWorker-9 - INFO - Tokenizing context file: 243264-v2.0.0-mixed
2025-05-29 11:39:36,028 - ForkPoolWorker-1 - INFO - Tokenizing context file: 243131-v2.0.0-mixed
2025-05-29 11:39:36,028 - ForkPoolWorker-6 - INFO - Tokenizing context file: 1530-v1.0.0-bad
2025-05-29 11:39:36,028 - ForkPoolWorker-4 - INFO - Tokenizing context file: 242984-v2.0.0-mixed
2025-05-29 11:39:36,028 - ForkPoolWorker-2 - INFO - Tokenizing context file: 500954-v1.0.0-bad
2025-05-29 11:39:36,029 - ForkPoolWorker-5 - INFO - Tokenizing context file: 243252-v2.0.0-mixed
2025-05-29 11:39:36,029 - ForkPoolWorker-1 - INFO - Finished tokenizing 243131-v2.0.0-mixed: 2 centers, 6 frags.
2025-05-29 11:39:36,029 - ForkPoolWorker-10 - INFO - Finished tokenizing 239040-v2.0.0-mixed: 2 centers, 7 frags.
2025-05-29 11:39:36,029 - ForkPoolWorker-3 - INFO - Finished tokenizing 243404-v2.0.0-mixed: 7 centers, 19 frags.
2025-05-29 11:39:36,029 - ForkPoolWorker-2 - INFO - Finished tokenizing 500954-v1.0.0-bad: 1 centers, 3 frags.
2025-05-29 11:39:36,029 - ForkPoolWorker-11 - INFO - Finished tokenizing 243002-v2.0.0-mixed: 6 centers, 21 frags.
2025-05-29 11:39:36,029 - ForkPoolWorker-9 - INFO - Finished tokenizing 243264-v2.0.0-mixed: 4 centers, 18 frags.
2025-05-29 11:39:36,029 - ForkPoolWorker-8 - INFO - Finished tokenizing 241954-v2.0.0-mixed: 10 centers, 19 frags.
2025-05-29 11:39:36,029 - ForkPoolWorker-5 - INFO - Finished tokenizing 243252-v2.0.0-mixed: 1 centers, 2 frags.
2025-05-29 11:39:36,029 - ForkPoolWorker-6 - INFO - Finished tokenizing 1530-v1.0.0-bad: 3 centers, 9 frags.
2025-05-29 11:39:36,029 - ForkPoolWorker-4 - INFO - Finished tokenizing 242984-v2.0.0-mixed: 4 centers, 12 frags.
2025-05-29 11:39:36,030 - ForkPoolWorker-7 - INFO - Tokenizing context file: 240598-v2.0.0-mixed
2025-05-29 11:39:36,031 - ForkPoolWorker-7 - INFO - Finished tokenizing 240598-v2.0.0-mixed: 6 centers, 19 frags.
2025-05-29 11:39:36,031 - ForkPoolWorker-12 - INFO - Tokenizing context file: 241931-v2.0.0-mixed
2025-05-29 11:39:36,031 - ForkPoolWorker-1 - INFO - Tokenizing context file: 243090-v2.0.0-mixed
2025-05-29 11:39:36,031 - ForkPoolWorker-10 - INFO - Tokenizing context file: 246410-v2.0.0-mixed
2025-05-29 11:39:36,032 - ForkPoolWorker-1 - INFO - Finished tokenizing 243090-v2.0.0-mixed: 4 centers, 14 frags.
2025-05-29 11:39:36,032 - ForkPoolWorker-2 - INFO - Tokenizing context file: 242432-v2.0.0-mixed
2025-05-29 11:39:36,032 - ForkPoolWorker-3 - INFO - Tokenizing context file: 243161-v2.0.0-mixed
2025-05-29 11:39:36,032 - ForkPoolWorker-11 - INFO - Tokenizing context file: 240706-v2.0.0-mixed
2025-05-29 11:39:36,032 - ForkPoolWorker-10 - INFO - Finished tokenizing 246410-v2.0.0-mixed: 3 centers, 15 frags.
2025-05-29 11:39:36,033 - ForkPoolWorker-12 - INFO - Finished tokenizing 241931-v2.0.0-mixed: 7 centers, 25 frags.
2025-05-29 11:39:36,033 - ForkPoolWorker-3 - INFO - Finished tokenizing 243161-v2.0.0-mixed: 2 centers, 6 frags.
2025-05-29 11:39:36,033 - ForkPoolWorker-9 - INFO - Tokenizing context file: 246109-v2.0.0-mixed
2025-05-29 11:39:36,033 - ForkPoolWorker-8 - INFO - Tokenizing context file: 243331-v2.0.0-mixed
2025-05-29 11:39:36,033 - ForkPoolWorker-5 - INFO - Tokenizing context file: 248653-v2.0.0-mixed
2025-05-29 11:39:36,033 - ForkPoolWorker-11 - INFO - Finished tokenizing 240706-v2.0.0-mixed: 11 centers, 19 frags.
2025-05-29 11:39:36,033 - ForkPoolWorker-2 - INFO - Finished tokenizing 242432-v2.0.0-mixed: 6 centers, 22 frags.
2025-05-29 11:39:36,034 - ForkPoolWorker-6 - INFO - Tokenizing context file: 241806-v2.0.0-mixed
2025-05-29 11:39:36,034 - ForkPoolWorker-4 - INFO - Tokenizing context file: 244376-v2.0.0-mixed
2025-05-29 11:39:36,034 - ForkPoolWorker-7 - INFO - Tokenizing context file: 239449-v2.0.0-mixed
2025-05-29 11:39:36,034 - ForkPoolWorker-9 - INFO - Finished tokenizing 246109-v2.0.0-mixed: 3 centers, 8 frags.
2025-05-29 11:39:36,034 - ForkPoolWorker-5 - INFO - Finished tokenizing 248653-v2.0.0-mixed: 6 centers, 15 frags.
2025-05-29 11:39:36,034 - ForkPoolWorker-7 - INFO - Finished tokenizing 239449-v2.0.0-mixed: 0 centers, 0 frags.
2025-05-29 11:39:36,034 - ForkPoolWorker-4 - INFO - Finished tokenizing 244376-v2.0.0-mixed: 1 centers, 5 frags.
2025-05-29 11:39:36,035 - ForkPoolWorker-1 - INFO - Tokenizing context file: 243983-v2.0.0-mixed
2025-05-29 11:39:36,035 - ForkPoolWorker-10 - INFO - Tokenizing context file: 234922-v2.0.0-mixed
2025-05-29 11:39:36,036 - ForkPoolWorker-8 - INFO - Finished tokenizing 243331-v2.0.0-mixed: 26 centers, 42 frags.
2025-05-29 11:39:36,036 - ForkPoolWorker-6 - INFO - Finished tokenizing 241806-v2.0.0-mixed: 7 centers, 26 frags.
2025-05-29 11:39:36,036 - ForkPoolWorker-10 - INFO - Finished tokenizing 234922-v2.0.0-mixed: 3 centers, 7 frags.
2025-05-29 11:39:36,036 - ForkPoolWorker-12 - INFO - Tokenizing context file: 501040-v1.0.0-bad
2025-05-29 11:39:36,036 - ForkPoolWorker-10 - INFO - Tokenizing context file: 242365-v2.0.0-mixed
2025-05-29 11:39:36,036 - ForkPoolWorker-3 - INFO - Tokenizing context file: 243176-v2.0.0-mixed
2025-05-29 11:39:36,037 - ForkPoolWorker-1 - INFO - Finished tokenizing 243983-v2.0.0-mixed: 6 centers, 28 frags.
2025-05-29 11:39:36,037 - ForkPoolWorker-12 - INFO - Finished tokenizing 501040-v1.0.0-bad: 1 centers, 4 frags.
2025-05-29 11:39:36,037 - ForkPoolWorker-11 - INFO - Tokenizing context file: 243101-v2.0.0-mixed
2025-05-29 11:39:36,037 - ForkPoolWorker-1 - INFO - Tokenizing context file: 500756-v1.0.0-bad
2025-05-29 11:39:36,037 - ForkPoolWorker-12 - INFO - Tokenizing context file: 501047-v1.0.0-bad
2025-05-29 11:39:36,037 - ForkPoolWorker-9 - INFO - Tokenizing context file: 241897-v2.0.0-mixed
2025-05-29 11:39:36,037 - ForkPoolWorker-7 - INFO - Tokenizing context file: 241829-v2.0.0-mixed
2025-05-29 11:39:36,037 - ForkPoolWorker-4 - INFO - Tokenizing context file: 247157-v2.0.0-mixed
2025-05-29 11:39:36,037 - ForkPoolWorker-6 - INFO - Tokenizing context file: 500925-v1.0.0-bad
2025-05-29 11:39:36,037 - ForkPoolWorker-8 - INFO - Tokenizing context file: 500946-v1.0.0-bad
2025-05-29 11:39:36,037 - ForkPoolWorker-3 - INFO - Finished tokenizing 243176-v2.0.0-mixed: 4 centers, 12 frags.
2025-05-29 11:39:36,037 - ForkPoolWorker-12 - INFO - Finished tokenizing 501047-v1.0.0-bad: 1 centers, 4 frags.
2025-05-29 11:39:36,038 - ForkPoolWorker-5 - INFO - Tokenizing context file: 1992-v1.0.0-good
2025-05-29 11:39:36,038 - ForkPoolWorker-2 - INFO - Tokenizing context file: 244309-v2.0.0-mixed
2025-05-29 11:39:36,038 - ForkPoolWorker-12 - INFO - Tokenizing context file: 241051-v2.0.0-mixed
2025-05-29 11:39:36,038 - ForkPoolWorker-6 - INFO - Finished tokenizing 500925-v1.0.0-bad: 1 centers, 4 frags.
2025-05-29 11:39:36,038 - ForkPoolWorker-9 - INFO - Finished tokenizing 241897-v2.0.0-mixed: 4 centers, 16 frags.
2025-05-29 11:39:36,038 - ForkPoolWorker-1 - INFO - Finished tokenizing 500756-v1.0.0-bad: 2 centers, 7 frags.
2025-05-29 11:39:36,038 - ForkPoolWorker-5 - INFO - Finished tokenizing 1992-v1.0.0-good: 2 centers, 6 frags.
2025-05-29 11:39:36,038 - ForkPoolWorker-4 - INFO - Finished tokenizing 247157-v2.0.0-mixed: 2 centers, 11 frags.
2025-05-29 11:39:36,038 - ForkPoolWorker-11 - INFO - Finished tokenizing 243101-v2.0.0-mixed: 6 centers, 27 frags.
2025-05-29 11:39:36,039 - ForkPoolWorker-12 - INFO - Finished tokenizing 241051-v2.0.0-mixed: 2 centers, 7 frags.
2025-05-29 11:39:36,039 - ForkPoolWorker-10 - INFO - Finished tokenizing 242365-v2.0.0-mixed: 6 centers, 36 frags.
2025-05-29 11:39:36,039 - ForkPoolWorker-7 - INFO - Finished tokenizing 241829-v2.0.0-mixed: 7 centers, 23 frags.
2025-05-29 11:39:36,039 - ForkPoolWorker-2 - INFO - Finished tokenizing 244309-v2.0.0-mixed: 6 centers, 22 frags.
2025-05-29 11:39:36,039 - ForkPoolWorker-8 - INFO - Finished tokenizing 500946-v1.0.0-bad: 1 centers, 2 frags.
2025-05-29 11:39:36,040 - ForkPoolWorker-6 - INFO - Tokenizing context file: 500919-v1.0.0-bad
2025-05-29 11:39:36,040 - ForkPoolWorker-3 - INFO - Tokenizing context file: 242678-v2.0.0-mixed
2025-05-29 11:39:36,040 - ForkPoolWorker-9 - INFO - Tokenizing context file: 247481-v2.0.0-mixed
2025-05-29 11:39:36,040 - ForkPoolWorker-1 - INFO - Tokenizing context file: 243213-v2.0.0-mixed
2025-05-29 11:39:36,040 - ForkPoolWorker-4 - INFO - Tokenizing context file: 241677-v2.0.0-mixed
2025-05-29 11:39:36,040 - ForkPoolWorker-5 - INFO - Tokenizing context file: 242603-v2.0.0-mixed
2025-05-29 11:39:36,040 - ForkPoolWorker-11 - INFO - Tokenizing context file: 241542-v2.0.0-mixed
2025-05-29 11:39:36,040 - ForkPoolWorker-6 - INFO - Finished tokenizing 500919-v1.0.0-bad: 1 centers, 5 frags.
2025-05-29 11:39:36,041 - ForkPoolWorker-3 - INFO - Finished tokenizing 242678-v2.0.0-mixed: 2 centers, 9 frags.
2025-05-29 11:39:36,041 - ForkPoolWorker-9 - INFO - Finished tokenizing 247481-v2.0.0-mixed: 3 centers, 9 frags.
2025-05-29 11:39:36,041 - ForkPoolWorker-4 - INFO - Finished tokenizing 241677-v2.0.0-mixed: 1 centers, 4 frags.
2025-05-29 11:39:36,041 - ForkPoolWorker-11 - INFO - Finished tokenizing 241542-v2.0.0-mixed: 5 centers, 8 frags.
2025-05-29 11:39:36,042 - ForkPoolWorker-5 - INFO - Finished tokenizing 242603-v2.0.0-mixed: 7 centers, 25 frags.
2025-05-29 11:39:36,042 - ForkPoolWorker-12 - INFO - Tokenizing context file: 247849-v2.0.0-mixed
2025-05-29 11:39:36,042 - ForkPoolWorker-1 - INFO - Finished tokenizing 243213-v2.0.0-mixed: 7 centers, 27 frags.
2025-05-29 11:39:36,042 - ForkPoolWorker-10 - INFO - Tokenizing context file: 242400-v2.0.0-mixed
2025-05-29 11:39:36,042 - ForkPoolWorker-12 - INFO - Finished tokenizing 247849-v2.0.0-mixed: 3 centers, 7 frags.
2025-05-29 11:39:36,042 - ForkPoolWorker-7 - INFO - Tokenizing context file: 242330-v2.0.0-mixed
2025-05-29 11:39:36,043 - ForkPoolWorker-2 - INFO - Tokenizing context file: 241745-v2.0.0-mixed
2025-05-29 11:39:36,043 - ForkPoolWorker-8 - INFO - Tokenizing context file: 243133-v2.0.0-mixed
2025-05-29 11:39:36,043 - ForkPoolWorker-6 - INFO - Tokenizing context file: 242772-v2.0.0-mixed
2025-05-29 11:39:36,043 - ForkPoolWorker-3 - INFO - Tokenizing context file: 242714-v2.0.0-mixed
2025-05-29 11:39:36,043 - ForkPoolWorker-2 - INFO - Finished tokenizing 241745-v2.0.0-mixed: 1 centers, 2 frags.
2025-05-29 11:39:36,043 - ForkPoolWorker-9 - INFO - Tokenizing context file: 242197-v2.0.0-mixed
2025-05-29 11:39:36,043 - ForkPoolWorker-4 - INFO - Tokenizing context file: 242997-v2.0.0-mixed
2025-05-29 11:39:36,043 - ForkPoolWorker-11 - INFO - Tokenizing context file: 248626-v2.0.0-mixed
2025-05-29 11:39:36,043 - ForkPoolWorker-5 - INFO - Tokenizing context file: 243165-v2.0.0-mixed
2025-05-29 11:39:36,044 - ForkPoolWorker-7 - INFO - Finished tokenizing 242330-v2.0.0-mixed: 6 centers, 21 frags.
2025-05-29 11:39:36,044 - ForkPoolWorker-10 - INFO - Finished tokenizing 242400-v2.0.0-mixed: 6 centers, 26 frags.
2025-05-29 11:39:36,044 - ForkPoolWorker-8 - INFO - Finished tokenizing 243133-v2.0.0-mixed: 6 centers, 27 frags.
2025-05-29 11:39:36,044 - ForkPoolWorker-6 - INFO - Finished tokenizing 242772-v2.0.0-mixed: 18 centers, 22 frags.
2025-05-29 11:39:36,045 - ForkPoolWorker-1 - INFO - Tokenizing context file: 241805-v2.0.0-mixed
2025-05-29 11:39:36,045 - ForkPoolWorker-12 - INFO - Tokenizing context file: 242555-v2.0.0-mixed
2025-05-29 11:39:36,045 - ForkPoolWorker-9 - INFO - Finished tokenizing 242197-v2.0.0-mixed: 6 centers, 24 frags.
2025-05-29 11:39:36,045 - ForkPoolWorker-2 - INFO - Tokenizing context file: 235475-v2.0.0-mixed
2025-05-29 11:39:36,045 - ForkPoolWorker-7 - INFO - Tokenizing context file: 247517-v2.0.0-mixed
2025-05-29 11:39:36,045 - ForkPoolWorker-9 - INFO - Tokenizing context file: 242632-v2.0.0-mixed
2025-05-29 11:39:36,045 - ForkPoolWorker-3 - INFO - Finished tokenizing 242714-v2.0.0-mixed: 6 centers, 21 frags.
2025-05-29 11:39:36,045 - ForkPoolWorker-11 - INFO - Finished tokenizing 248626-v2.0.0-mixed: 3 centers, 11 frags.
2025-05-29 11:39:36,045 - ForkPoolWorker-8 - INFO - Tokenizing context file: 244169-v2.0.0-mixed
2025-05-29 11:39:36,045 - ForkPoolWorker-6 - INFO - Tokenizing context file: 246833-v2.0.0-mixed
2025-05-29 11:39:36,045 - ForkPoolWorker-3 - INFO - Tokenizing context file: 1488-v1.0.0-bad
2025-05-29 11:39:36,045 - ForkPoolWorker-5 - INFO - Finished tokenizing 243165-v2.0.0-mixed: 6 centers, 27 frags.
2025-05-29 11:39:36,045 - ForkPoolWorker-10 - INFO - Tokenizing context file: 500809-v1.0.0-bad
2025-05-29 11:39:36,045 - ForkPoolWorker-5 - INFO - Tokenizing context file: 242278-v2.0.0-mixed
2025-05-29 11:39:36,045 - ForkPoolWorker-4 - INFO - Finished tokenizing 242997-v2.0.0-mixed: 6 centers, 20 frags.
2025-05-29 11:39:36,046 - ForkPoolWorker-11 - INFO - Tokenizing context file: 242474-v2.0.0-mixed
2025-05-29 11:39:36,046 - ForkPoolWorker-4 - INFO - Tokenizing context file: 247583-v2.0.0-mixed
2025-05-29 11:39:36,046 - ForkPoolWorker-3 - INFO - Finished tokenizing 1488-v1.0.0-bad: 1 centers, 4 frags.
2025-05-29 11:39:36,046 - ForkPoolWorker-3 - INFO - Tokenizing context file: 235128-v2.0.0-mixed
2025-05-29 11:39:36,046 - ForkPoolWorker-1 - INFO - Finished tokenizing 241805-v2.0.0-mixed: 7 centers, 19 frags.
2025-05-29 11:39:36,046 - ForkPoolWorker-7 - INFO - Finished tokenizing 247517-v2.0.0-mixed: 5 centers, 13 frags.
2025-05-29 11:39:36,046 - ForkPoolWorker-9 - INFO - Finished tokenizing 242632-v2.0.0-mixed: 4 centers, 10 frags.
2025-05-29 11:39:36,046 - ForkPoolWorker-1 - INFO - Tokenizing context file: 242101-v2.0.0-mixed
2025-05-29 11:39:36,046 - ForkPoolWorker-10 - INFO - Finished tokenizing 500809-v1.0.0-bad: 1 centers, 4 frags.
2025-05-29 11:39:36,046 - ForkPoolWorker-7 - INFO - Tokenizing context file: 243473-v2.0.0-mixed
2025-05-29 11:39:36,046 - ForkPoolWorker-2 - INFO - Finished tokenizing 235475-v2.0.0-mixed: 4 centers, 14 frags.
2025-05-29 11:39:36,047 - ForkPoolWorker-9 - INFO - Tokenizing context file: 242225-v2.0.0-mixed
2025-05-29 11:39:36,047 - ForkPoolWorker-5 - INFO - Finished tokenizing 242278-v2.0.0-mixed: 4 centers, 16 frags.
2025-05-29 11:39:36,047 - ForkPoolWorker-8 - INFO - Finished tokenizing 244169-v2.0.0-mixed: 6 centers, 18 frags.
2025-05-29 11:39:36,047 - ForkPoolWorker-8 - INFO - Tokenizing context file: 234299-v2.0.0-mixed
2025-05-29 11:39:36,047 - ForkPoolWorker-4 - INFO - Finished tokenizing 247583-v2.0.0-mixed: 1 centers, 5 frags.
2025-05-29 11:39:36,047 - ForkPoolWorker-2 - INFO - Tokenizing context file: 247444-v2.0.0-mixed
2025-05-29 11:39:36,047 - ForkPoolWorker-4 - INFO - Tokenizing context file: 242427-v2.0.0-mixed
2025-05-29 11:39:36,047 - ForkPoolWorker-10 - INFO - Tokenizing context file: 241733-v2.0.0-mixed
2025-05-29 11:39:36,047 - ForkPoolWorker-12 - INFO - Finished tokenizing 242555-v2.0.0-mixed: 6 centers, 22 frags.
2025-05-29 11:39:36,047 - ForkPoolWorker-5 - INFO - Tokenizing context file: 242519-v2.0.0-mixed
2025-05-29 11:39:36,047 - ForkPoolWorker-11 - INFO - Finished tokenizing 242474-v2.0.0-mixed: 7 centers, 21 frags.
2025-05-29 11:39:36,048 - ForkPoolWorker-9 - INFO - Finished tokenizing 242225-v2.0.0-mixed: 1 centers, 2 frags.
2025-05-29 11:39:36,048 - ForkPoolWorker-7 - INFO - Finished tokenizing 243473-v2.0.0-mixed: 4 centers, 16 frags.
2025-05-29 11:39:36,048 - ForkPoolWorker-3 - INFO - Finished tokenizing 235128-v2.0.0-mixed: 3 centers, 7 frags.
2025-05-29 11:39:36,048 - ForkPoolWorker-6 - INFO - Finished tokenizing 246833-v2.0.0-mixed: 3 centers, 15 frags.
2025-05-29 11:39:36,048 - ForkPoolWorker-1 - INFO - Finished tokenizing 242101-v2.0.0-mixed: 6 centers, 24 frags.
2025-05-29 11:39:36,048 - ForkPoolWorker-2 - INFO - Finished tokenizing 247444-v2.0.0-mixed: 2 centers, 8 frags.
2025-05-29 11:39:36,049 - ForkPoolWorker-5 - INFO - Finished tokenizing 242519-v2.0.0-mixed: 2 centers, 9 frags.
2025-05-29 11:39:36,049 - ForkPoolWorker-8 - INFO - Finished tokenizing 234299-v2.0.0-mixed: 5 centers, 17 frags.
2025-05-29 11:39:36,049 - ForkPoolWorker-4 - INFO - Finished tokenizing 242427-v2.0.0-mixed: 6 centers, 20 frags.
2025-05-29 11:39:36,049 - ForkPoolWorker-10 - INFO - Finished tokenizing 241733-v2.0.0-mixed: 7 centers, 23 frags.
2025-05-29 11:39:36,049 - ForkPoolWorker-12 - INFO - Tokenizing context file: 234295-v2.0.0-mixed
2025-05-29 11:39:36,049 - ForkPoolWorker-11 - INFO - Tokenizing context file: 242454-v2.0.0-mixed
2025-05-29 11:39:36,049 - ForkPoolWorker-9 - INFO - Tokenizing context file: 242853-v2.0.0-mixed
2025-05-29 11:39:36,049 - ForkPoolWorker-7 - INFO - Tokenizing context file: 235214-v2.0.0-mixed
2025-05-29 11:39:36,049 - ForkPoolWorker-3 - INFO - Tokenizing context file: 248517-v2.0.0-mixed
2025-05-29 11:39:36,049 - ForkPoolWorker-6 - INFO - Tokenizing context file: 246593-v2.0.0-mixed
2025-05-29 11:39:36,049 - ForkPoolWorker-1 - INFO - Tokenizing context file: 241958-v2.0.0-mixed
2025-05-29 11:39:36,049 - ForkPoolWorker-2 - INFO - Tokenizing context file: 242972-v2.0.0-mixed
2025-05-29 11:39:36,049 - ForkPoolWorker-5 - INFO - Tokenizing context file: 240005-v2.0.0-mixed
2025-05-29 11:39:36,049 - ForkPoolWorker-8 - INFO - Tokenizing context file: 500854-v1.0.0-bad
2025-05-29 11:39:36,050 - ForkPoolWorker-4 - INFO - Tokenizing context file: 241740-v2.0.0-mixed
2025-05-29 11:39:36,050 - ForkPoolWorker-10 - INFO - Tokenizing context file: 243055-v2.0.0-mixed
2025-05-29 11:39:36,050 - ForkPoolWorker-12 - INFO - Finished tokenizing 234295-v2.0.0-mixed: 3 centers, 8 frags.
2025-05-29 11:39:36,050 - ForkPoolWorker-3 - INFO - Finished tokenizing 248517-v2.0.0-mixed: 3 centers, 8 frags.
2025-05-29 11:39:36,050 - ForkPoolWorker-12 - INFO - Tokenizing context file: 243982-v2.0.0-mixed
2025-05-29 11:39:36,050 - ForkPoolWorker-3 - INFO - Tokenizing context file: 1985-v1.0.0-bad
2025-05-29 11:39:36,050 - ForkPoolWorker-1 - INFO - Finished tokenizing 241958-v2.0.0-mixed: 4 centers, 11 frags.
2025-05-29 11:39:36,050 - ForkPoolWorker-6 - INFO - Finished tokenizing 246593-v2.0.0-mixed: 3 centers, 12 frags.
2025-05-29 11:39:36,051 - ForkPoolWorker-1 - INFO - Tokenizing context file: 243639-v2.0.0-mixed
2025-05-29 11:39:36,051 - ForkPoolWorker-6 - INFO - Tokenizing context file: 244092-v2.0.0-mixed
2025-05-29 11:39:36,051 - ForkPoolWorker-7 - INFO - Finished tokenizing 235214-v2.0.0-mixed: 3 centers, 15 frags.
2025-05-29 11:39:36,051 - ForkPoolWorker-7 - INFO - Tokenizing context file: 235449-v2.0.0-mixed
2025-05-29 11:39:36,051 - ForkPoolWorker-10 - INFO - Finished tokenizing 243055-v2.0.0-mixed: 4 centers, 16 frags.
2025-05-29 11:39:36,051 - ForkPoolWorker-10 - INFO - Tokenizing context file: 246193-v2.0.0-mixed
2025-05-29 11:39:36,051 - ForkPoolWorker-8 - INFO - Finished tokenizing 500854-v1.0.0-bad: 1 centers, 2 frags.
2025-05-29 11:39:36,051 - ForkPoolWorker-2 - INFO - Finished tokenizing 242972-v2.0.0-mixed: 6 centers, 24 frags.
2025-05-29 11:39:36,051 - ForkPoolWorker-9 - INFO - Finished tokenizing 242853-v2.0.0-mixed: 7 centers, 28 frags.
2025-05-29 11:39:36,051 - ForkPoolWorker-9 - INFO - Tokenizing context file: 247210-v2.0.0-mixed
2025-05-29 11:39:36,051 - ForkPoolWorker-2 - INFO - Tokenizing context file: 234526-v2.0.0-mixed
2025-05-29 11:39:36,051 - ForkPoolWorker-4 - INFO - Finished tokenizing 241740-v2.0.0-mixed: 7 centers, 27 frags.
2025-05-29 11:39:36,051 - ForkPoolWorker-8 - INFO - Tokenizing context file: 1990-v1.0.0-good
2025-05-29 11:39:36,051 - ForkPoolWorker-4 - INFO - Tokenizing context file: 242656-v2.0.0-mixed
2025-05-29 11:39:36,052 - ForkPoolWorker-12 - INFO - Finished tokenizing 243982-v2.0.0-mixed: 4 centers, 15 frags.
2025-05-29 11:39:36,052 - ForkPoolWorker-12 - INFO - Tokenizing context file: 241906-v2.0.0-mixed
2025-05-29 11:39:36,052 - ForkPoolWorker-10 - INFO - Finished tokenizing 246193-v2.0.0-mixed: 4 centers, 10 frags.
2025-05-29 11:39:36,052 - ForkPoolWorker-10 - INFO - Tokenizing context file: 248574-v2.0.0-mixed
2025-05-29 11:39:36,052 - ForkPoolWorker-9 - INFO - Finished tokenizing 247210-v2.0.0-mixed: 2 centers, 6 frags.
2025-05-29 11:39:36,053 - ForkPoolWorker-9 - INFO - Tokenizing context file: 247953-v2.0.0-mixed
2025-05-29 11:39:36,053 - ForkPoolWorker-11 - INFO - Finished tokenizing 242454-v2.0.0-mixed: 2 centers, 20 frags.
2025-05-29 11:39:36,053 - ForkPoolWorker-3 - INFO - Finished tokenizing 1985-v1.0.0-bad: 2 centers, 40 frags.
2025-05-29 11:39:36,053 - ForkPoolWorker-7 - INFO - Finished tokenizing 235449-v2.0.0-mixed: 1 centers, 5 frags.
2025-05-29 11:39:36,053 - ForkPoolWorker-3 - INFO - Tokenizing context file: 245885-v2.0.0-mixed
2025-05-29 11:39:36,053 - ForkPoolWorker-11 - INFO - Tokenizing context file: 234856-v2.0.0-mixed
2025-05-29 11:39:36,053 - ForkPoolWorker-6 - INFO - Finished tokenizing 244092-v2.0.0-mixed: 2 centers, 10 frags.
2025-05-29 11:39:36,053 - ForkPoolWorker-7 - INFO - Tokenizing context file: 242114-v2.0.0-mixed
2025-05-29 11:39:36,053 - ForkPoolWorker-9 - INFO - Finished tokenizing 247953-v2.0.0-mixed: 3 centers, 9 frags.
2025-05-29 11:39:36,054 - ForkPoolWorker-6 - INFO - Tokenizing context file: 243991-v2.0.0-mixed
2025-05-29 11:39:36,054 - ForkPoolWorker-9 - INFO - Tokenizing context file: 243353-v2.0.0-mixed
2025-05-29 11:39:36,054 - ForkPoolWorker-1 - INFO - Finished tokenizing 243639-v2.0.0-mixed: 1 centers, 5 frags.
2025-05-29 11:39:36,054 - ForkPoolWorker-10 - INFO - Finished tokenizing 248574-v2.0.0-mixed: 2 centers, 8 frags.
2025-05-29 11:39:36,054 - ForkPoolWorker-2 - INFO - Finished tokenizing 234526-v2.0.0-mixed: 3 centers, 7 frags.
2025-05-29 11:39:36,054 - ForkPoolWorker-10 - INFO - Tokenizing context file: 242595-v2.0.0-mixed
2025-05-29 11:39:36,054 - ForkPoolWorker-1 - INFO - Tokenizing context file: 243113-v2.0.0-mixed
2025-05-29 11:39:36,054 - ForkPoolWorker-12 - INFO - Finished tokenizing 241906-v2.0.0-mixed: 1 centers, 2 frags.
2025-05-29 11:39:36,054 - ForkPoolWorker-12 - INFO - Tokenizing context file: 240457-v2.0.0-mixed
2025-05-29 11:39:36,054 - ForkPoolWorker-5 - INFO - Finished tokenizing 240005-v2.0.0-mixed: 0 centers, 0 frags.
2025-05-29 11:39:36,054 - ForkPoolWorker-3 - INFO - Finished tokenizing 245885-v2.0.0-mixed: 2 centers, 9 frags.
2025-05-29 11:39:36,054 - ForkPoolWorker-9 - INFO - Finished tokenizing 243353-v2.0.0-mixed: 2 centers, 6 frags.
2025-05-29 11:39:36,054 - ForkPoolWorker-2 - INFO - Tokenizing context file: 243450-v2.0.0-mixed
2025-05-29 11:39:36,055 - ForkPoolWorker-3 - INFO - Tokenizing context file: 248390-v2.0.0-mixed
2025-05-29 11:39:36,055 - ForkPoolWorker-9 - INFO - Tokenizing context file: 241727-v2.0.0-mixed
2025-05-29 11:39:36,055 - ForkPoolWorker-5 - INFO - Tokenizing context file: 243416-v2.0.0-mixed
2025-05-29 11:39:36,055 - ForkPoolWorker-8 - INFO - Finished tokenizing 1990-v1.0.0-good: 1 centers, 5 frags.
2025-05-29 11:39:36,055 - ForkPoolWorker-6 - INFO - Finished tokenizing 243991-v2.0.0-mixed: 4 centers, 10 frags.
2025-05-29 11:39:36,055 - ForkPoolWorker-4 - INFO - Finished tokenizing 242656-v2.0.0-mixed: 6 centers, 35 frags.
2025-05-29 11:39:36,055 - ForkPoolWorker-8 - INFO - Tokenizing context file: 244693-v2.0.0-mixed
2025-05-29 11:39:36,055 - ForkPoolWorker-4 - INFO - Tokenizing context file: 242562-v2.0.0-mixed
2025-05-29 11:39:36,055 - ForkPoolWorker-6 - INFO - Tokenizing context file: 239418-v2.0.0-mixed
2025-05-29 11:39:36,055 - ForkPoolWorker-2 - INFO - Finished tokenizing 243450-v2.0.0-mixed: 2 centers, 6 frags.
2025-05-29 11:39:36,055 - ForkPoolWorker-10 - INFO - Finished tokenizing 242595-v2.0.0-mixed: 4 centers, 15 frags.
2025-05-29 11:39:36,056 - ForkPoolWorker-2 - INFO - Tokenizing context file: 242708-v2.0.0-mixed
2025-05-29 11:39:36,056 - ForkPoolWorker-10 - INFO - Tokenizing context file: 242628-v2.0.0-mixed
2025-05-29 11:39:36,056 - ForkPoolWorker-3 - INFO - Finished tokenizing 248390-v2.0.0-mixed: 2 centers, 8 frags.
2025-05-29 11:39:36,056 - ForkPoolWorker-3 - INFO - Tokenizing context file: 242166-v2.0.0-mixed
2025-05-29 11:39:36,056 - ForkPoolWorker-8 - INFO - Finished tokenizing 244693-v2.0.0-mixed: 3 centers, 8 frags.
2025-05-29 11:39:36,057 - ForkPoolWorker-12 - INFO - Finished tokenizing 240457-v2.0.0-mixed: 5 centers, 17 frags.
2025-05-29 11:39:36,057 - ForkPoolWorker-7 - INFO - Finished tokenizing 242114-v2.0.0-mixed: 10 centers, 21 frags.
2025-05-29 11:39:36,057 - ForkPoolWorker-9 - INFO - Finished tokenizing 241727-v2.0.0-mixed: 6 centers, 26 frags.
2025-05-29 11:39:36,057 - ForkPoolWorker-8 - INFO - Tokenizing context file: 241770-v2.0.0-mixed
2025-05-29 11:39:36,057 - ForkPoolWorker-6 - INFO - Finished tokenizing 239418-v2.0.0-mixed: 0 centers, 0 frags.
2025-05-29 11:39:36,057 - ForkPoolWorker-10 - INFO - Finished tokenizing 242628-v2.0.0-mixed: 5 centers, 17 frags.
2025-05-29 11:39:36,057 - ForkPoolWorker-10 - INFO - Tokenizing context file: 241519-v2.0.0-mixed
2025-05-29 11:39:36,057 - ForkPoolWorker-12 - INFO - Tokenizing context file: 234757-v2.0.0-mixed
2025-05-29 11:39:36,057 - ForkPoolWorker-1 - INFO - Finished tokenizing 243113-v2.0.0-mixed: 4 centers, 14 frags.
2025-05-29 11:39:36,057 - ForkPoolWorker-3 - INFO - Finished tokenizing 242166-v2.0.0-mixed: 2 centers, 20 frags.
2025-05-29 11:39:36,057 - ForkPoolWorker-11 - INFO - Finished tokenizing 234856-v2.0.0-mixed: 3 centers, 6 frags.
2025-05-29 11:39:36,057 - ForkPoolWorker-2 - INFO - Finished tokenizing 242708-v2.0.0-mixed: 18 centers, 23 frags.
2025-05-29 11:39:36,058 - ForkPoolWorker-5 - INFO - Finished tokenizing 243416-v2.0.0-mixed: 2 centers, 6 frags.
2025-05-29 11:39:36,058 - ForkPoolWorker-1 - INFO - Tokenizing context file: 243947-v2.0.0-mixed
2025-05-29 11:39:36,058 - ForkPoolWorker-2 - INFO - Tokenizing context file: 244025-v2.0.0-mixed
2025-05-29 11:39:36,058 - ForkPoolWorker-3 - INFO - Tokenizing context file: 244943-v2.0.0-mixed
2025-05-29 11:39:36,058 - ForkPoolWorker-11 - INFO - Tokenizing context file: 242983-v2.0.0-mixed
2025-05-29 11:39:36,058 - ForkPoolWorker-7 - INFO - Tokenizing context file: 500961-v1.0.0-bad
2025-05-29 11:39:36,058 - ForkPoolWorker-8 - INFO - Finished tokenizing 241770-v2.0.0-mixed: 7 centers, 19 frags.
2025-05-29 11:39:36,058 - ForkPoolWorker-6 - INFO - Tokenizing context file: 238959-v2.0.0-mixed
2025-05-29 11:39:36,058 - ForkPoolWorker-12 - INFO - Finished tokenizing 234757-v2.0.0-mixed: 3 centers, 7 frags.
2025-05-29 11:39:36,058 - ForkPoolWorker-8 - INFO - Tokenizing context file: 239191-v2.0.0-mixed
2025-05-29 11:39:36,058 - ForkPoolWorker-5 - INFO - Tokenizing context file: 245650-v2.0.0-mixed
2025-05-29 11:39:36,059 - ForkPoolWorker-7 - INFO - Finished tokenizing 500961-v1.0.0-bad: 1 centers, 2 frags.
2025-05-29 11:39:36,059 - ForkPoolWorker-7 - INFO - Tokenizing context file: 239204-v2.0.0-mixed
2025-05-29 11:39:36,059 - ForkPoolWorker-10 - INFO - Finished tokenizing 241519-v2.0.0-mixed: 3 centers, 11 frags.
2025-05-29 11:39:36,059 - ForkPoolWorker-2 - INFO - Finished tokenizing 244025-v2.0.0-mixed: 4 centers, 11 frags.
2025-05-29 11:39:36,059 - ForkPoolWorker-9 - INFO - Tokenizing context file: 247205-v2.0.0-mixed
2025-05-29 11:39:36,059 - ForkPoolWorker-10 - INFO - Tokenizing context file: 243009-v2.0.0-mixed
2025-05-29 11:39:36,059 - ForkPoolWorker-2 - INFO - Tokenizing context file: 244873-v2.0.0-mixed
2025-05-29 11:39:36,059 - ForkPoolWorker-6 - INFO - Finished tokenizing 238959-v2.0.0-mixed: 2 centers, 7 frags.
2025-05-29 11:39:36,059 - ForkPoolWorker-12 - INFO - Tokenizing context file: 242375-v2.0.0-mixed
2025-05-29 11:39:36,059 - ForkPoolWorker-6 - INFO - Tokenizing context file: 243110-v2.0.0-mixed
2025-05-29 11:39:36,059 - ForkPoolWorker-8 - INFO - Finished tokenizing 239191-v2.0.0-mixed: 5 centers, 12 frags.
2025-05-29 11:39:36,060 - ForkPoolWorker-4 - INFO - Finished tokenizing 242562-v2.0.0-mixed: 10 centers, 19 frags.
2025-05-29 11:39:36,060 - ForkPoolWorker-8 - INFO - Tokenizing context file: 246821-v2.0.0-mixed
2025-05-29 11:39:36,060 - ForkPoolWorker-3 - INFO - Finished tokenizing 244943-v2.0.0-mixed: 1 centers, 7 frags.
2025-05-29 11:39:36,060 - ForkPoolWorker-4 - INFO - Tokenizing context file: 242014-v2.0.0-mixed
2025-05-29 11:39:36,060 - ForkPoolWorker-7 - INFO - Finished tokenizing 239204-v2.0.0-mixed: 2 centers, 7 frags.
2025-05-29 11:39:36,060 - ForkPoolWorker-3 - INFO - Tokenizing context file: 240028-v2.0.0-mixed
2025-05-29 11:39:36,060 - ForkPoolWorker-7 - INFO - Tokenizing context file: 242052-v2.0.0-mixed
2025-05-29 11:39:36,060 - ForkPoolWorker-5 - INFO - Finished tokenizing 245650-v2.0.0-mixed: 2 centers, 8 frags.
2025-05-29 11:39:36,060 - ForkPoolWorker-9 - INFO - Finished tokenizing 247205-v2.0.0-mixed: 2 centers, 9 frags.
2025-05-29 11:39:36,060 - ForkPoolWorker-5 - INFO - Tokenizing context file: 241716-v2.0.0-mixed
2025-05-29 11:39:36,060 - ForkPoolWorker-9 - INFO - Tokenizing context file: 243617-v2.0.0-mixed
2025-05-29 11:39:36,061 - ForkPoolWorker-8 - INFO - Finished tokenizing 246821-v2.0.0-mixed: 3 centers, 8 frags.
2025-05-29 11:39:36,061 - ForkPoolWorker-11 - INFO - Finished tokenizing 242983-v2.0.0-mixed: 4 centers, 12 frags.
2025-05-29 11:39:36,061 - ForkPoolWorker-12 - INFO - Finished tokenizing 242375-v2.0.0-mixed: 4 centers, 16 frags.
2025-05-29 11:39:36,061 - ForkPoolWorker-11 - INFO - Tokenizing context file: 240124-v2.0.0-mixed
2025-05-29 11:39:36,061 - ForkPoolWorker-12 - INFO - Tokenizing context file: 500949-v1.0.0-bad
2025-05-29 11:39:36,061 - ForkPoolWorker-8 - INFO - Tokenizing context file: 245677-v2.0.0-mixed
2025-05-29 11:39:36,061 - ForkPoolWorker-4 - INFO - Finished tokenizing 242014-v2.0.0-mixed: 4 centers, 13 frags.
2025-05-29 11:39:36,061 - ForkPoolWorker-1 - INFO - Finished tokenizing 243947-v2.0.0-mixed: 6 centers, 27 frags.
2025-05-29 11:39:36,061 - ForkPoolWorker-4 - INFO - Tokenizing context file: 245357-v2.0.0-mixed
2025-05-29 11:39:36,061 - ForkPoolWorker-1 - INFO - Tokenizing context file: 241797-v2.0.0-mixed
2025-05-29 11:39:36,061 - ForkPoolWorker-12 - INFO - Finished tokenizing 500949-v1.0.0-bad: 1 centers, 2 frags.
2025-05-29 11:39:36,061 - ForkPoolWorker-7 - INFO - Finished tokenizing 242052-v2.0.0-mixed: 5 centers, 17 frags.
2025-05-29 11:39:36,061 - ForkPoolWorker-12 - INFO - Tokenizing context file: 244353-v2.0.0-mixed
2025-05-29 11:39:36,062 - ForkPoolWorker-7 - INFO - Tokenizing context file: 500991-v1.0.0-bad
2025-05-29 11:39:36,062 - ForkPoolWorker-9 - INFO - Finished tokenizing 243617-v2.0.0-mixed: 4 centers, 13 frags.
2025-05-29 11:39:36,062 - ForkPoolWorker-9 - INFO - Tokenizing context file: 246021-v2.0.0-mixed
2025-05-29 11:39:36,062 - ForkPoolWorker-3 - INFO - Finished tokenizing 240028-v2.0.0-mixed: 4 centers, 13 frags.
2025-05-29 11:39:36,062 - ForkPoolWorker-6 - INFO - Finished tokenizing 243110-v2.0.0-mixed: 6 centers, 23 frags.
2025-05-29 11:39:36,062 - ForkPoolWorker-3 - INFO - Tokenizing context file: 500939-v1.0.0-bad
2025-05-29 11:39:36,062 - ForkPoolWorker-11 - INFO - Finished tokenizing 240124-v2.0.0-mixed: 4 centers, 13 frags.
2025-05-29 11:39:36,062 - ForkPoolWorker-10 - INFO - Finished tokenizing 243009-v2.0.0-mixed: 26 centers, 40 frags.
2025-05-29 11:39:36,062 - ForkPoolWorker-6 - INFO - Tokenizing context file: 2048-v1.0.0-bad
2025-05-29 11:39:36,062 - ForkPoolWorker-11 - INFO - Tokenizing context file: 242311-v2.0.0-mixed
2025-05-29 11:39:36,062 - ForkPoolWorker-10 - INFO - Tokenizing context file: 243106-v2.0.0-mixed
2025-05-29 11:39:36,062 - ForkPoolWorker-12 - INFO - Finished tokenizing 244353-v2.0.0-mixed: 4 centers, 9 frags.
2025-05-29 11:39:36,062 - ForkPoolWorker-4 - INFO - Finished tokenizing 245357-v2.0.0-mixed: 3 centers, 8 frags.
2025-05-29 11:39:36,063 - ForkPoolWorker-12 - INFO - Tokenizing context file: 240715-v2.0.0-mixed
2025-05-29 11:39:36,063 - ForkPoolWorker-7 - INFO - Finished tokenizing 500991-v1.0.0-bad: 1 centers, 1 frags.
2025-05-29 11:39:36,063 - ForkPoolWorker-3 - INFO - Finished tokenizing 500939-v1.0.0-bad: 1 centers, 2 frags.
2025-05-29 11:39:36,063 - ForkPoolWorker-7 - INFO - Tokenizing context file: 239546-v2.0.0-mixed
2025-05-29 11:39:36,063 - ForkPoolWorker-3 - INFO - Tokenizing context file: 242060-v2.0.0-mixed
2025-05-29 11:39:36,063 - ForkPoolWorker-4 - INFO - Tokenizing context file: 242817-v2.0.0-mixed
2025-05-29 11:39:36,063 - ForkPoolWorker-8 - INFO - Finished tokenizing 245677-v2.0.0-mixed: 5 centers, 15 frags.
2025-05-29 11:39:36,063 - ForkPoolWorker-8 - INFO - Tokenizing context file: 242843-v2.0.0-mixed
2025-05-29 11:39:36,063 - ForkPoolWorker-2 - INFO - Finished tokenizing 244873-v2.0.0-mixed: 3 centers, 9 frags.
2025-05-29 11:39:36,063 - ForkPoolWorker-1 - INFO - Finished tokenizing 241797-v2.0.0-mixed: 7 centers, 28 frags.
2025-05-29 11:39:36,063 - ForkPoolWorker-2 - INFO - Tokenizing context file: 241971-v2.0.0-mixed
2025-05-29 11:39:36,063 - ForkPoolWorker-1 - INFO - Tokenizing context file: 1489-v1.0.0-good
2025-05-29 11:39:36,064 - ForkPoolWorker-1 - INFO - Finished tokenizing 1489-v1.0.0-good: 1 centers, 4 frags.
2025-05-29 11:39:36,064 - ForkPoolWorker-1 - INFO - Tokenizing context file: 240261-v2.0.0-mixed
2025-05-29 11:39:36,064 - ForkPoolWorker-12 - INFO - Finished tokenizing 240715-v2.0.0-mixed: 7 centers, 23 frags.
2025-05-29 11:39:36,064 - ForkPoolWorker-12 - INFO - Tokenizing context file: 1981-v1.0.0-bad
2025-05-29 11:39:36,064 - ForkPoolWorker-7 - INFO - Finished tokenizing 239546-v2.0.0-mixed: 0 centers, 0 frags.
2025-05-29 11:39:36,064 - ForkPoolWorker-7 - INFO - Tokenizing context file: 248525-v2.0.0-mixed
2025-05-29 11:39:36,065 - ForkPoolWorker-5 - INFO - Finished tokenizing 241716-v2.0.0-mixed: 18 centers, 22 frags.
2025-05-29 11:39:36,065 - ForkPoolWorker-11 - INFO - Finished tokenizing 242311-v2.0.0-mixed: 4 centers, 12 frags.
2025-05-29 11:39:36,065 - ForkPoolWorker-3 - INFO - Finished tokenizing 242060-v2.0.0-mixed: 7 centers, 27 frags.
2025-05-29 11:39:36,065 - ForkPoolWorker-10 - INFO - Finished tokenizing 243106-v2.0.0-mixed: 6 centers, 22 frags.
2025-05-29 11:39:36,065 - ForkPoolWorker-11 - INFO - Tokenizing context file: 244568-v2.0.0-mixed
2025-05-29 11:39:36,065 - ForkPoolWorker-5 - INFO - Tokenizing context file: 242263-v2.0.0-mixed
2025-05-29 11:39:36,065 - ForkPoolWorker-3 - INFO - Tokenizing context file: 240596-v2.0.0-mixed
2025-05-29 11:39:36,065 - ForkPoolWorker-10 - INFO - Tokenizing context file: 244449-v2.0.0-mixed
2025-05-29 11:39:36,065 - ForkPoolWorker-12 - INFO - Finished tokenizing 1981-v1.0.0-bad: 2 centers, 8 frags.
2025-05-29 11:39:36,066 - ForkPoolWorker-12 - INFO - Tokenizing context file: 243327-v2.0.0-mixed
2025-05-29 11:39:36,066 - ForkPoolWorker-11 - INFO - Finished tokenizing 244568-v2.0.0-mixed: 1 centers, 7 frags.
2025-05-29 11:39:36,066 - ForkPoolWorker-2 - INFO - Finished tokenizing 241971-v2.0.0-mixed: 4 centers, 18 frags.
2025-05-29 11:39:36,066 - ForkPoolWorker-4 - INFO - Finished tokenizing 242817-v2.0.0-mixed: 26 centers, 40 frags.
2025-05-29 11:39:36,066 - ForkPoolWorker-11 - INFO - Tokenizing context file: 241759-v2.0.0-mixed
2025-05-29 11:39:36,066 - ForkPoolWorker-2 - INFO - Tokenizing context file: 242164-v2.0.0-mixed
2025-05-29 11:39:36,066 - ForkPoolWorker-4 - INFO - Tokenizing context file: 244940-v2.0.0-mixed
2025-05-29 11:39:36,067 - ForkPoolWorker-7 - INFO - Finished tokenizing 248525-v2.0.0-mixed: 2 centers, 11 frags.
2025-05-29 11:39:36,067 - ForkPoolWorker-7 - INFO - Tokenizing context file: 245174-v2.0.0-mixed
2025-05-29 11:39:36,067 - ForkPoolWorker-8 - INFO - Finished tokenizing 242843-v2.0.0-mixed: 6 centers, 22 frags.
2025-05-29 11:39:36,067 - ForkPoolWorker-8 - INFO - Tokenizing context file: 243621-v2.0.0-mixed
2025-05-29 11:39:36,067 - ForkPoolWorker-10 - INFO - Finished tokenizing 244449-v2.0.0-mixed: 4 centers, 12 frags.
2025-05-29 11:39:36,067 - ForkPoolWorker-1 - INFO - Finished tokenizing 240261-v2.0.0-mixed: 1 centers, 2 frags.
2025-05-29 11:39:36,067 - ForkPoolWorker-10 - INFO - Tokenizing context file: 1529-v1.0.0-bad
2025-05-29 11:39:36,067 - ForkPoolWorker-6 - INFO - Finished tokenizing 2048-v1.0.0-bad: 3 centers, 17 frags.
2025-05-29 11:39:36,067 - ForkPoolWorker-12 - INFO - Finished tokenizing 243327-v2.0.0-mixed: 6 centers, 17 frags.
2025-05-29 11:39:36,068 - ForkPoolWorker-1 - INFO - Tokenizing context file: 243114-v2.0.0-mixed
2025-05-29 11:39:36,068 - ForkPoolWorker-6 - INFO - Tokenizing context file: 244796-v2.0.0-mixed
2025-05-29 11:39:36,068 - ForkPoolWorker-12 - INFO - Tokenizing context file: 245460-v2.0.0-mixed
2025-05-29 11:39:36,068 - ForkPoolWorker-7 - INFO - Finished tokenizing 245174-v2.0.0-mixed: 2 centers, 8 frags.
2025-05-29 11:39:36,068 - ForkPoolWorker-10 - INFO - Finished tokenizing 1529-v1.0.0-bad: 2 centers, 5 frags.
2025-05-29 11:39:36,068 - ForkPoolWorker-3 - INFO - Finished tokenizing 240596-v2.0.0-mixed: 12 centers, 25 frags.
2025-05-29 11:39:36,068 - ForkPoolWorker-7 - INFO - Tokenizing context file: 500763-v1.0.0-bad
2025-05-29 11:39:36,068 - ForkPoolWorker-10 - INFO - Tokenizing context file: 247753-v2.0.0-mixed
2025-05-29 11:39:36,068 - ForkPoolWorker-11 - INFO - Finished tokenizing 241759-v2.0.0-mixed: 6 centers, 22 frags.
2025-05-29 11:39:36,068 - ForkPoolWorker-3 - INFO - Tokenizing context file: 242139-v2.0.0-mixed
2025-05-29 11:39:36,068 - ForkPoolWorker-11 - INFO - Tokenizing context file: 242704-v2.0.0-mixed
2025-05-29 11:39:36,068 - ForkPoolWorker-2 - INFO - Finished tokenizing 242164-v2.0.0-mixed: 18 centers, 25 frags.
2025-05-29 11:39:36,069 - ForkPoolWorker-2 - INFO - Tokenizing context file: 241391-v2.0.0-mixed
2025-05-29 11:39:36,069 - ForkPoolWorker-12 - INFO - Finished tokenizing 245460-v2.0.0-mixed: 2 centers, 10 frags.
2025-05-29 11:39:36,069 - ForkPoolWorker-1 - INFO - Finished tokenizing 243114-v2.0.0-mixed: 4 centers, 14 frags.
2025-05-29 11:39:36,069 - ForkPoolWorker-7 - INFO - Finished tokenizing 500763-v1.0.0-bad: 1 centers, 3 frags.
2025-05-29 11:39:36,069 - ForkPoolWorker-12 - INFO - Tokenizing context file: 248199-v2.0.0-mixed
2025-05-29 11:39:36,069 - ForkPoolWorker-10 - INFO - Finished tokenizing 247753-v2.0.0-mixed: 3 centers, 8 frags.
2025-05-29 11:39:36,069 - ForkPoolWorker-6 - INFO - Finished tokenizing 244796-v2.0.0-mixed: 2 centers, 11 frags.
2025-05-29 11:39:36,069 - ForkPoolWorker-5 - INFO - Finished tokenizing 242263-v2.0.0-mixed: 2 centers, 20 frags.
2025-05-29 11:39:36,069 - ForkPoolWorker-1 - INFO - Tokenizing context file: 243226-v2.0.0-mixed
2025-05-29 11:39:36,069 - ForkPoolWorker-7 - INFO - Tokenizing context file: 243063-v2.0.0-mixed
2025-05-29 11:39:36,069 - ForkPoolWorker-10 - INFO - Tokenizing context file: 243421-v2.0.0-mixed
2025-05-29 11:39:36,069 - ForkPoolWorker-6 - INFO - Tokenizing context file: 248248-v2.0.0-mixed
2025-05-29 11:39:36,069 - ForkPoolWorker-5 - INFO - Tokenizing context file: 247917-v2.0.0-mixed
2025-05-29 11:39:36,069 - ForkPoolWorker-9 - INFO - Finished tokenizing 246021-v2.0.0-mixed: 3 centers, 9 frags.
2025-05-29 11:39:36,069 - ForkPoolWorker-9 - INFO - Tokenizing context file: 244781-v2.0.0-mixed
2025-05-29 11:39:36,069 - ForkPoolWorker-4 - INFO - Finished tokenizing 244940-v2.0.0-mixed: 2 centers, 11 frags.
2025-05-29 11:39:36,070 - ForkPoolWorker-3 - INFO - Finished tokenizing 242139-v2.0.0-mixed: 6 centers, 20 frags.
2025-05-29 11:39:36,070 - ForkPoolWorker-4 - INFO - Tokenizing context file: 243123-v2.0.0-mixed
2025-05-29 11:39:36,070 - ForkPoolWorker-12 - INFO - Finished tokenizing 248199-v2.0.0-mixed: 1 centers, 5 frags.
2025-05-29 11:39:36,070 - ForkPoolWorker-3 - INFO - Tokenizing context file: 243118-v2.0.0-mixed
2025-05-29 11:39:36,070 - ForkPoolWorker-11 - INFO - Finished tokenizing 242704-v2.0.0-mixed: 4 centers, 14 frags.
2025-05-29 11:39:36,070 - ForkPoolWorker-8 - INFO - Finished tokenizing 243621-v2.0.0-mixed: 7 centers, 38 frags.
2025-05-29 11:39:36,070 - ForkPoolWorker-12 - INFO - Tokenizing context file: 245790-v2.0.0-mixed
2025-05-29 11:39:36,070 - ForkPoolWorker-6 - INFO - Finished tokenizing 248248-v2.0.0-mixed: 1 centers, 7 frags.
2025-05-29 11:39:36,070 - ForkPoolWorker-11 - INFO - Tokenizing context file: 245040-v2.0.0-mixed
2025-05-29 11:39:36,070 - ForkPoolWorker-5 - INFO - Finished tokenizing 247917-v2.0.0-mixed: 2 centers, 8 frags.
2025-05-29 11:39:36,070 - ForkPoolWorker-6 - INFO - Tokenizing context file: 243496-v2.0.0-mixed
2025-05-29 11:39:36,070 - ForkPoolWorker-8 - INFO - Tokenizing context file: 242023-v2.0.0-mixed
2025-05-29 11:39:36,070 - ForkPoolWorker-5 - INFO - Tokenizing context file: 238837-v2.0.0-mixed
2025-05-29 11:39:36,070 - ForkPoolWorker-7 - INFO - Finished tokenizing 243063-v2.0.0-mixed: 6 centers, 17 frags.
2025-05-29 11:39:36,070 - ForkPoolWorker-4 - INFO - Finished tokenizing 243123-v2.0.0-mixed: 1 centers, 2 frags.
2025-05-29 11:39:36,070 - ForkPoolWorker-2 - INFO - Finished tokenizing 241391-v2.0.0-mixed: 2 centers, 7 frags.
2025-05-29 11:39:36,070 - ForkPoolWorker-7 - INFO - Tokenizing context file: 248093-v2.0.0-mixed
2025-05-29 11:39:36,070 - ForkPoolWorker-4 - INFO - Tokenizing context file: 242653-v2.0.0-mixed
2025-05-29 11:39:36,070 - ForkPoolWorker-2 - INFO - Tokenizing context file: 1968-v1.0.0-good
2025-05-29 11:39:36,071 - ForkPoolWorker-12 - INFO - Finished tokenizing 245790-v2.0.0-mixed: 2 centers, 11 frags.
2025-05-29 11:39:36,071 - ForkPoolWorker-6 - INFO - Finished tokenizing 243496-v2.0.0-mixed: 4 centers, 12 frags.
2025-05-29 11:39:36,071 - ForkPoolWorker-5 - INFO - Finished tokenizing 238837-v2.0.0-mixed: 2 centers, 7 frags.
2025-05-29 11:39:36,071 - ForkPoolWorker-12 - INFO - Tokenizing context file: 239482-v2.0.0-mixed
2025-05-29 11:39:36,071 - ForkPoolWorker-6 - INFO - Tokenizing context file: 243215-v2.0.0-mixed
2025-05-29 11:39:36,071 - ForkPoolWorker-5 - INFO - Tokenizing context file: 243276-v2.0.0-mixed
2025-05-29 11:39:36,071 - ForkPoolWorker-8 - INFO - Finished tokenizing 242023-v2.0.0-mixed: 4 centers, 12 frags.
2025-05-29 11:39:36,071 - ForkPoolWorker-7 - INFO - Finished tokenizing 248093-v2.0.0-mixed: 3 centers, 8 frags.
2025-05-29 11:39:36,071 - ForkPoolWorker-10 - INFO - Finished tokenizing 243421-v2.0.0-mixed: 6 centers, 27 frags.
2025-05-29 11:39:36,071 - ForkPoolWorker-3 - INFO - Finished tokenizing 243118-v2.0.0-mixed: 7 centers, 26 frags.
2025-05-29 11:39:36,071 - ForkPoolWorker-8 - INFO - Tokenizing context file: 242462-v2.0.0-mixed
2025-05-29 11:39:36,071 - ForkPoolWorker-11 - INFO - Finished tokenizing 245040-v2.0.0-mixed: 1 centers, 7 frags.
2025-05-29 11:39:36,071 - ForkPoolWorker-7 - INFO - Tokenizing context file: 243281-v2.0.0-mixed
2025-05-29 11:39:36,071 - ForkPoolWorker-12 - INFO - Finished tokenizing 239482-v2.0.0-mixed: 0 centers, 0 frags.
2025-05-29 11:39:36,071 - ForkPoolWorker-10 - INFO - Tokenizing context file: 244470-v2.0.0-mixed
2025-05-29 11:39:36,071 - ForkPoolWorker-3 - INFO - Tokenizing context file: 242292-v2.0.0-mixed
2025-05-29 11:39:36,071 - ForkPoolWorker-11 - INFO - Tokenizing context file: 242765-v2.0.0-mixed
2025-05-29 11:39:36,071 - ForkPoolWorker-12 - INFO - Tokenizing context file: 246642-v2.0.0-mixed
2025-05-29 11:39:36,070 - ForkPoolWorker-1 - INFO - Finished tokenizing 243226-v2.0.0-mixed: 2 centers, 6 frags.
2025-05-29 11:39:36,072 - ForkPoolWorker-1 - INFO - Tokenizing context file: 500965-v1.0.0-bad
2025-05-29 11:39:36,072 - ForkPoolWorker-9 - INFO - Finished tokenizing 244781-v2.0.0-mixed: 5 centers, 34 frags.
2025-05-29 11:39:36,072 - ForkPoolWorker-9 - INFO - Tokenizing context file: 247820-v2.0.0-mixed
2025-05-29 11:39:36,073 - ForkPoolWorker-7 - INFO - Finished tokenizing 243281-v2.0.0-mixed: 4 centers, 16 frags.
2025-05-29 11:39:36,073 - ForkPoolWorker-4 - INFO - Finished tokenizing 242653-v2.0.0-mixed: 6 centers, 36 frags.
2025-05-29 11:39:36,073 - ForkPoolWorker-7 - INFO - Tokenizing context file: 241647-v2.0.0-mixed
2025-05-29 11:39:36,073 - ForkPoolWorker-4 - INFO - Tokenizing context file: 241899-v2.0.0-mixed
2025-05-29 11:39:36,073 - ForkPoolWorker-1 - INFO - Finished tokenizing 500965-v1.0.0-bad: 1 centers, 2 frags.
2025-05-29 11:39:36,073 - ForkPoolWorker-12 - INFO - Finished tokenizing 246642-v2.0.0-mixed: 3 centers, 12 frags.
2025-05-29 11:39:36,073 - ForkPoolWorker-5 - INFO - Finished tokenizing 243276-v2.0.0-mixed: 7 centers, 19 frags.
2025-05-29 11:39:36,073 - ForkPoolWorker-1 - INFO - Tokenizing context file: 243011-v2.0.0-mixed
2025-05-29 11:39:36,073 - ForkPoolWorker-12 - INFO - Tokenizing context file: 244094-v2.0.0-mixed
2025-05-29 11:39:36,073 - ForkPoolWorker-10 - INFO - Finished tokenizing 244470-v2.0.0-mixed: 2 centers, 11 frags.
2025-05-29 11:39:36,073 - ForkPoolWorker-11 - INFO - Finished tokenizing 242765-v2.0.0-mixed: 7 centers, 19 frags.
2025-05-29 11:39:36,073 - ForkPoolWorker-9 - INFO - Finished tokenizing 247820-v2.0.0-mixed: 2 centers, 10 frags.
2025-05-29 11:39:36,073 - ForkPoolWorker-3 - INFO - Finished tokenizing 242292-v2.0.0-mixed: 18 centers, 22 frags.
2025-05-29 11:39:36,073 - ForkPoolWorker-5 - INFO - Tokenizing context file: 246782-v2.0.0-mixed
2025-05-29 11:39:36,074 - ForkPoolWorker-7 - INFO - Finished tokenizing 241647-v2.0.0-mixed: 2 centers, 10 frags.
2025-05-29 11:39:36,074 - ForkPoolWorker-2 - INFO - Finished tokenizing 1968-v1.0.0-good: 3 centers, 10 frags.
2025-05-29 11:39:36,074 - ForkPoolWorker-8 - INFO - Finished tokenizing 242462-v2.0.0-mixed: 4 centers, 19 frags.
2025-05-29 11:39:36,074 - ForkPoolWorker-5 - INFO - Finished tokenizing 246782-v2.0.0-mixed: 2 centers, 9 frags.
2025-05-29 11:39:36,074 - ForkPoolWorker-12 - INFO - Finished tokenizing 244094-v2.0.0-mixed: 2 centers, 10 frags.
2025-05-29 11:39:36,074 - ForkPoolWorker-1 - INFO - Finished tokenizing 243011-v2.0.0-mixed: 4 centers, 15 frags.
2025-05-29 11:39:36,075 - ForkPoolWorker-6 - INFO - Finished tokenizing 243215-v2.0.0-mixed: 7 centers, 23 frags.
2025-05-29 11:39:36,075 - ForkPoolWorker-4 - INFO - Finished tokenizing 241899-v2.0.0-mixed: 7 centers, 25 frags.
2025-05-29 11:39:36,076 - ForkPoolWorker-11 - INFO - Tokenizing context file: 242749-v2.0.0-mixed
2025-05-29 11:39:36,076 - ForkPoolWorker-10 - INFO - Tokenizing context file: 234203-v2.0.0-mixed
2025-05-29 11:39:36,076 - ForkPoolWorker-9 - INFO - Tokenizing context file: 242069-v2.0.0-mixed
2025-05-29 11:39:36,077 - ForkPoolWorker-3 - INFO - Tokenizing context file: 234120-v2.0.0-mixed
2025-05-29 11:39:36,077 - ForkPoolWorker-7 - INFO - Tokenizing context file: 243831-v2.0.0-mixed
2025-05-29 11:39:36,077 - ForkPoolWorker-2 - INFO - Tokenizing context file: 246813-v2.0.0-mixed
2025-05-29 11:39:36,077 - ForkPoolWorker-8 - INFO - Tokenizing context file: 242150-v2.0.0-mixed
2025-05-29 11:39:36,077 - ForkPoolWorker-5 - INFO - Tokenizing context file: 500969-v1.0.0-bad
2025-05-29 11:39:36,077 - ForkPoolWorker-12 - INFO - Tokenizing context file: 243141-v2.0.0-mixed
2025-05-29 11:39:36,077 - ForkPoolWorker-10 - INFO - Finished tokenizing 234203-v2.0.0-mixed: 1 centers, 2 frags.
2025-05-29 11:39:36,077 - ForkPoolWorker-1 - INFO - Tokenizing context file: 241891-v2.0.0-mixed
2025-05-29 11:39:36,077 - ForkPoolWorker-10 - INFO - Tokenizing context file: 239023-v2.0.0-mixed
2025-05-29 11:39:36,077 - ForkPoolWorker-6 - INFO - Tokenizing context file: 243341-v2.0.0-mixed
2025-05-29 11:39:36,077 - ForkPoolWorker-4 - INFO - Tokenizing context file: 241849-v2.0.0-mixed
2025-05-29 11:39:36,078 - ForkPoolWorker-5 - INFO - Finished tokenizing 500969-v1.0.0-bad: 1 centers, 5 frags.
2025-05-29 11:39:36,078 - ForkPoolWorker-8 - INFO - Finished tokenizing 242150-v2.0.0-mixed: 4 centers, 11 frags.
2025-05-29 11:39:36,078 - ForkPoolWorker-5 - INFO - Tokenizing context file: 242919-v2.0.0-mixed
2025-05-29 11:39:36,078 - ForkPoolWorker-7 - INFO - Finished tokenizing 243831-v2.0.0-mixed: 4 centers, 13 frags.
2025-05-29 11:39:36,078 - ForkPoolWorker-8 - INFO - Tokenizing context file: 2034-v1.0.0-bad
2025-05-29 11:39:36,078 - ForkPoolWorker-12 - INFO - Finished tokenizing 243141-v2.0.0-mixed: 4 centers, 17 frags.
2025-05-29 11:39:36,078 - ForkPoolWorker-1 - INFO - Finished tokenizing 241891-v2.0.0-mixed: 4 centers, 14 frags.
2025-05-29 11:39:36,078 - ForkPoolWorker-4 - INFO - Finished tokenizing 241849-v2.0.0-mixed: 2 centers, 9 frags.
2025-05-29 11:39:36,078 - ForkPoolWorker-10 - INFO - Finished tokenizing 239023-v2.0.0-mixed: 3 centers, 10 frags.
2025-05-29 11:39:36,078 - ForkPoolWorker-3 - INFO - Finished tokenizing 234120-v2.0.0-mixed: 6 centers, 34 frags.
2025-05-29 11:39:36,078 - ForkPoolWorker-9 - INFO - Finished tokenizing 242069-v2.0.0-mixed: 6 centers, 32 frags.
2025-05-29 11:39:36,078 - ForkPoolWorker-2 - INFO - Finished tokenizing 246813-v2.0.0-mixed: 6 centers, 22 frags.
2025-05-29 11:39:36,079 - ForkPoolWorker-11 - INFO - Finished tokenizing 242749-v2.0.0-mixed: 6 centers, 36 frags.
2025-05-29 11:39:36,079 - ForkPoolWorker-8 - INFO - Finished tokenizing 2034-v1.0.0-bad: 1 centers, 4 frags.
2025-05-29 11:39:36,079 - ForkPoolWorker-5 - INFO - Finished tokenizing 242919-v2.0.0-mixed: 4 centers, 13 frags.
2025-05-29 11:39:36,079 - ForkPoolWorker-6 - INFO - Finished tokenizing 243341-v2.0.0-mixed: 7 centers, 27 frags.
2025-05-29 11:39:36,087 - ForkPoolWorker-7 - INFO - Tokenizing context file: 239416-v2.0.0-mixed
2025-05-29 11:39:36,087 - ForkPoolWorker-12 - INFO - Tokenizing context file: 248129-v2.0.0-mixed
2025-05-29 11:39:36,087 - ForkPoolWorker-1 - INFO - Tokenizing context file: 248340-v2.0.0-mixed
2025-05-29 11:39:36,087 - ForkPoolWorker-4 - INFO - Tokenizing context file: 243221-v2.0.0-mixed
2025-05-29 11:39:36,087 - ForkPoolWorker-10 - INFO - Tokenizing context file: 246356-v2.0.0-mixed
2025-05-29 11:39:36,088 - ForkPoolWorker-12 - INFO - Finished tokenizing 248129-v2.0.0-mixed: 3 centers, 8 frags.
2025-05-29 11:39:36,088 - ForkPoolWorker-1 - INFO - Finished tokenizing 248340-v2.0.0-mixed: 2 centers, 10 frags.
2025-05-29 11:39:36,088 - ForkPoolWorker-7 - INFO - Finished tokenizing 239416-v2.0.0-mixed: 4 centers, 14 frags.
2025-05-29 11:39:36,088 - ForkPoolWorker-3 - INFO - Tokenizing context file: 243537-v2.0.0-mixed
2025-05-29 11:39:36,088 - ForkPoolWorker-10 - INFO - Finished tokenizing 246356-v2.0.0-mixed: 2 centers, 9 frags.
2025-05-29 11:39:36,088 - ForkPoolWorker-4 - INFO - Finished tokenizing 243221-v2.0.0-mixed: 4 centers, 13 frags.
2025-05-29 11:39:36,090 - ForkPoolWorker-3 - INFO - Finished tokenizing 243537-v2.0.0-mixed: 9 centers, 29 frags.
2025-05-29 11:39:36,090 - ForkPoolWorker-9 - INFO - Tokenizing context file: 243346-v2.0.0-mixed
2025-05-29 11:39:36,091 - ForkPoolWorker-2 - INFO - Tokenizing context file: 248085-v2.0.0-mixed
2025-05-29 11:39:36,091 - ForkPoolWorker-9 - INFO - Finished tokenizing 243346-v2.0.0-mixed: 4 centers, 14 frags.
2025-05-29 11:39:36,091 - ForkPoolWorker-8 - INFO - Tokenizing context file: 243210-v2.0.0-mixed
2025-05-29 11:39:36,091 - ForkPoolWorker-11 - INFO - Tokenizing context file: 237344-v2.0.0-mixed
2025-05-29 11:39:36,091 - ForkPoolWorker-5 - INFO - Tokenizing context file: 240101-v2.0.0-mixed
2025-05-29 11:39:36,091 - ForkPoolWorker-5 - INFO - Finished tokenizing 240101-v2.0.0-mixed: 1 centers, 2 frags.
2025-05-29 11:39:36,092 - ForkPoolWorker-8 - INFO - Finished tokenizing 243210-v2.0.0-mixed: 4 centers, 14 frags.
2025-05-29 11:39:36,092 - ForkPoolWorker-2 - INFO - Finished tokenizing 248085-v2.0.0-mixed: 5 centers, 15 frags.
2025-05-29 11:39:36,092 - ForkPoolWorker-11 - INFO - Finished tokenizing 237344-v2.0.0-mixed: 4 centers, 13 frags.
2025-05-29 11:39:36,092 - ForkPoolWorker-9 - INFO - Tokenizing context file: 242613-v2.0.0-mixed
2025-05-29 11:39:36,092 - ForkPoolWorker-12 - INFO - Tokenizing context file: 234761-v2.0.0-mixed
2025-05-29 11:39:36,092 - ForkPoolWorker-1 - INFO - Tokenizing context file: 243500-v2.0.0-mixed
2025-05-29 11:39:36,092 - ForkPoolWorker-7 - INFO - Tokenizing context file: 242025-v2.0.0-mixed
2025-05-29 11:39:36,092 - ForkPoolWorker-10 - INFO - Tokenizing context file: 243637-v2.0.0-mixed
2025-05-29 11:39:36,092 - ForkPoolWorker-4 - INFO - Tokenizing context file: 500723-v1.0.0-bad
2025-05-29 11:39:36,092 - ForkPoolWorker-3 - INFO - Tokenizing context file: 246591-v2.0.0-mixed
2025-05-29 11:39:36,093 - ForkPoolWorker-5 - INFO - Tokenizing context file: 245794-v2.0.0-mixed
2025-05-29 11:39:36,093 - ForkPoolWorker-6 - INFO - Tokenizing context file: 241990-v2.0.0-mixed
2025-05-29 11:39:36,093 - ForkPoolWorker-2 - INFO - Tokenizing context file: 242974-v2.0.0-mixed
2025-05-29 11:39:36,093 - ForkPoolWorker-10 - INFO - Finished tokenizing 243637-v2.0.0-mixed: 3 centers, 10 frags.
2025-05-29 11:39:36,093 - ForkPoolWorker-4 - INFO - Finished tokenizing 500723-v1.0.0-bad: 1 centers, 5 frags.
2025-05-29 11:39:36,093 - ForkPoolWorker-3 - INFO - Finished tokenizing 246591-v2.0.0-mixed: 1 centers, 5 frags.
2025-05-29 11:39:36,093 - ForkPoolWorker-12 - INFO - Finished tokenizing 234761-v2.0.0-mixed: 5 centers, 12 frags.
2025-05-29 11:39:36,093 - ForkPoolWorker-9 - INFO - Finished tokenizing 242613-v2.0.0-mixed: 6 centers, 20 frags.
2025-05-29 11:39:36,093 - ForkPoolWorker-1 - INFO - Finished tokenizing 243500-v2.0.0-mixed: 7 centers, 19 frags.
2025-05-29 11:39:36,093 - ForkPoolWorker-7 - INFO - Finished tokenizing 242025-v2.0.0-mixed: 4 centers, 13 frags.
2025-05-29 11:39:36,093 - ForkPoolWorker-8 - INFO - Tokenizing context file: 242800-v2.0.0-mixed
2025-05-29 11:39:36,093 - ForkPoolWorker-11 - INFO - Tokenizing context file: 240038-v2.0.0-mixed
2025-05-29 11:39:36,094 - ForkPoolWorker-10 - INFO - Tokenizing context file: 242426-v2.0.0-mixed
2025-05-29 11:39:36,094 - ForkPoolWorker-4 - INFO - Tokenizing context file: 243945-v2.0.0-mixed
2025-05-29 11:39:36,094 - ForkPoolWorker-5 - INFO - Finished tokenizing 245794-v2.0.0-mixed: 2 centers, 10 frags.
2025-05-29 11:39:36,094 - ForkPoolWorker-2 - INFO - Finished tokenizing 242974-v2.0.0-mixed: 4 centers, 13 frags.
2025-05-29 11:39:36,094 - ForkPoolWorker-11 - INFO - Finished tokenizing 240038-v2.0.0-mixed: 0 centers, 0 frags.
2025-05-29 11:39:36,094 - ForkPoolWorker-6 - INFO - Finished tokenizing 241990-v2.0.0-mixed: 4 centers, 16 frags.
2025-05-29 11:39:36,094 - ForkPoolWorker-4 - INFO - Finished tokenizing 243945-v2.0.0-mixed: 2 centers, 8 frags.
2025-05-29 11:39:36,094 - ForkPoolWorker-4 - INFO - Tokenizing context file: 241779-v2.0.0-mixed
2025-05-29 11:39:36,094 - ForkPoolWorker-3 - INFO - Tokenizing context file: 242928-v2.0.0-mixed
2025-05-29 11:39:36,095 - ForkPoolWorker-9 - INFO - Tokenizing context file: 234135-v2.0.0-mixed
2025-05-29 11:39:36,095 - ForkPoolWorker-8 - INFO - Finished tokenizing 242800-v2.0.0-mixed: 4 centers, 14 frags.
2025-05-29 11:39:36,095 - ForkPoolWorker-10 - INFO - Finished tokenizing 242426-v2.0.0-mixed: 6 centers, 21 frags.
2025-05-29 11:39:36,095 - ForkPoolWorker-3 - INFO - Finished tokenizing 242928-v2.0.0-mixed: 4 centers, 14 frags.
2025-05-29 11:39:36,096 - ForkPoolWorker-1 - INFO - Tokenizing context file: 246164-v2.0.0-mixed
2025-05-29 11:39:36,096 - ForkPoolWorker-7 - INFO - Tokenizing context file: 243283-v2.0.0-mixed
2025-05-29 11:39:36,096 - ForkPoolWorker-5 - INFO - Tokenizing context file: 242125-v2.0.0-mixed
2025-05-29 11:39:36,096 - ForkPoolWorker-4 - INFO - Finished tokenizing 241779-v2.0.0-mixed: 4 centers, 18 frags.
2025-05-29 11:39:36,096 - ForkPoolWorker-9 - INFO - Finished tokenizing 234135-v2.0.0-mixed: 7 centers, 29 frags.
2025-05-29 11:39:36,096 - ForkPoolWorker-2 - INFO - Tokenizing context file: 244229-v2.0.0-mixed
2025-05-29 11:39:36,096 - ForkPoolWorker-7 - INFO - Finished tokenizing 243283-v2.0.0-mixed: 1 centers, 2 frags.
2025-05-29 11:39:36,096 - ForkPoolWorker-11 - INFO - Tokenizing context file: 240588-v2.0.0-mixed
2025-05-29 11:39:36,096 - ForkPoolWorker-6 - INFO - Tokenizing context file: 244641-v2.0.0-mixed
2025-05-29 11:39:36,096 - ForkPoolWorker-12 - INFO - Tokenizing context file: 500920-v1.0.0-bad
2025-05-29 11:39:36,096 - ForkPoolWorker-1 - INFO - Finished tokenizing 246164-v2.0.0-mixed: 2 centers, 8 frags.
2025-05-29 11:39:36,097 - ForkPoolWorker-2 - INFO - Finished tokenizing 244229-v2.0.0-mixed: 2 centers, 8 frags.
2025-05-29 11:39:36,097 - ForkPoolWorker-8 - INFO - Tokenizing context file: 247997-v2.0.0-mixed
2025-05-29 11:39:36,097 - ForkPoolWorker-10 - INFO - Tokenizing context file: 247868-v2.0.0-mixed
2025-05-29 11:39:36,097 - ForkPoolWorker-12 - INFO - Finished tokenizing 500920-v1.0.0-bad: 1 centers, 5 frags.
2025-05-29 11:39:36,097 - ForkPoolWorker-5 - INFO - Finished tokenizing 242125-v2.0.0-mixed: 7 centers, 21 frags.
2025-05-29 11:39:36,097 - ForkPoolWorker-11 - INFO - Finished tokenizing 240588-v2.0.0-mixed: 6 centers, 26 frags.
2025-05-29 11:39:36,098 - ForkPoolWorker-8 - INFO - Finished tokenizing 247997-v2.0.0-mixed: 3 centers, 8 frags.
2025-05-29 11:39:36,098 - ForkPoolWorker-10 - INFO - Finished tokenizing 247868-v2.0.0-mixed: 2 centers, 10 frags.
2025-05-29 11:39:36,098 - ForkPoolWorker-6 - INFO - Finished tokenizing 244641-v2.0.0-mixed: 5 centers, 27 frags.
2025-05-29 11:39:36,098 - ForkPoolWorker-3 - INFO - Tokenizing context file: 242501-v2.0.0-mixed
2025-05-29 11:39:36,098 - ForkPoolWorker-4 - INFO - Tokenizing context file: 243117-v2.0.0-mixed
2025-05-29 11:39:36,099 - ForkPoolWorker-9 - INFO - Tokenizing context file: 242816-v2.0.0-mixed
2025-05-29 11:39:36,099 - ForkPoolWorker-7 - INFO - Tokenizing context file: 234236-v2.0.0-mixed
2025-05-29 11:39:36,099 - ForkPoolWorker-1 - INFO - Tokenizing context file: 243286-v2.0.0-mixed
2025-05-29 11:39:36,099 - ForkPoolWorker-2 - INFO - Tokenizing context file: 1516-v1.0.0-bad
2025-05-29 11:39:36,099 - ForkPoolWorker-12 - INFO - Tokenizing context file: 242549-v2.0.0-mixed
2025-05-29 11:39:36,099 - ForkPoolWorker-4 - INFO - Finished tokenizing 243117-v2.0.0-mixed: 7 centers, 27 frags.
2025-05-29 11:39:36,099 - ForkPoolWorker-5 - INFO - Tokenizing context file: 242863-v2.0.0-mixed
2025-05-29 11:39:36,099 - ForkPoolWorker-7 - INFO - Finished tokenizing 234236-v2.0.0-mixed: 1 centers, 3 frags.
2025-05-29 11:39:36,099 - ForkPoolWorker-3 - INFO - Finished tokenizing 242501-v2.0.0-mixed: 7 centers, 23 frags.
2025-05-29 11:39:36,099 - ForkPoolWorker-11 - INFO - Tokenizing context file: 240302-v2.0.0-mixed
2025-05-29 11:39:36,099 - ForkPoolWorker-8 - INFO - Tokenizing context file: 241948-v2.0.0-mixed
2025-05-29 11:39:36,100 - ForkPoolWorker-4 - INFO - Tokenizing context file: 241827-v2.0.0-mixed
2025-05-29 11:39:36,100 - ForkPoolWorker-2 - INFO - Finished tokenizing 1516-v1.0.0-bad: 1 centers, 5 frags.
2025-05-29 11:39:36,100 - ForkPoolWorker-9 - INFO - Finished tokenizing 242816-v2.0.0-mixed: 6 centers, 22 frags.
2025-05-29 11:39:36,100 - ForkPoolWorker-11 - INFO - Finished tokenizing 240302-v2.0.0-mixed: 4 centers, 14 frags.
2025-05-29 11:39:36,100 - ForkPoolWorker-1 - INFO - Finished tokenizing 243286-v2.0.0-mixed: 18 centers, 25 frags.
2025-05-29 11:39:36,100 - ForkPoolWorker-5 - INFO - Finished tokenizing 242863-v2.0.0-mixed: 4 centers, 16 frags.
2025-05-29 11:39:36,101 - ForkPoolWorker-8 - INFO - Finished tokenizing 241948-v2.0.0-mixed: 6 centers, 20 frags.
2025-05-29 11:39:36,101 - ForkPoolWorker-4 - INFO - Finished tokenizing 241827-v2.0.0-mixed: 4 centers, 15 frags.
2025-05-29 11:39:36,101 - ForkPoolWorker-6 - INFO - Tokenizing context file: 148823-v1.0.0-bad
2025-05-29 11:39:36,101 - ForkPoolWorker-7 - INFO - Tokenizing context file: 243444-v2.0.0-mixed
2025-05-29 11:39:36,101 - ForkPoolWorker-10 - INFO - Tokenizing context file: 243766-v2.0.0-mixed
2025-05-29 11:39:36,101 - ForkPoolWorker-12 - INFO - Finished tokenizing 242549-v2.0.0-mixed: 6 centers, 32 frags.
2025-05-29 11:39:36,101 - ForkPoolWorker-3 - INFO - Tokenizing context file: 245309-v2.0.0-mixed
2025-05-29 11:39:36,101 - ForkPoolWorker-2 - INFO - Tokenizing context file: 243765-v2.0.0-mixed
2025-05-29 11:39:36,102 - ForkPoolWorker-7 - INFO - Finished tokenizing 243444-v2.0.0-mixed: 1 centers, 2 frags.
2025-05-29 11:39:36,102 - ForkPoolWorker-3 - INFO - Finished tokenizing 245309-v2.0.0-mixed: 3 centers, 8 frags.
2025-05-29 11:39:36,102 - ForkPoolWorker-10 - INFO - Finished tokenizing 243766-v2.0.0-mixed: 3 centers, 10 frags.
2025-05-29 11:39:36,102 - ForkPoolWorker-2 - INFO - Finished tokenizing 243765-v2.0.0-mixed: 3 centers, 10 frags.
2025-05-29 11:39:36,102 - ForkPoolWorker-9 - INFO - Tokenizing context file: 246074-v2.0.0-mixed
2025-05-29 11:39:36,102 - ForkPoolWorker-11 - INFO - Tokenizing context file: 500810-v1.0.0-bad
2025-05-29 11:39:36,103 - ForkPoolWorker-1 - INFO - Tokenizing context file: 242773-v2.0.0-mixed
2025-05-29 11:39:36,103 - ForkPoolWorker-9 - INFO - Finished tokenizing 246074-v2.0.0-mixed: 2 centers, 8 frags.
2025-05-29 11:39:36,103 - ForkPoolWorker-5 - INFO - Tokenizing context file: 242162-v2.0.0-mixed
2025-05-29 11:39:36,103 - ForkPoolWorker-11 - INFO - Finished tokenizing 500810-v1.0.0-bad: 1 centers, 4 frags.
2025-05-29 11:39:36,103 - ForkPoolWorker-8 - INFO - Tokenizing context file: 242660-v2.0.0-mixed
2025-05-29 11:39:36,103 - ForkPoolWorker-9 - INFO - Tokenizing context file: 245973-v2.0.0-mixed
2025-05-29 11:39:36,103 - ForkPoolWorker-4 - INFO - Tokenizing context file: 235195-v2.0.0-mixed
2025-05-29 11:39:36,104 - ForkPoolWorker-5 - INFO - Finished tokenizing 242162-v2.0.0-mixed: 1 centers, 2 frags.
2025-05-29 11:39:36,104 - ForkPoolWorker-9 - INFO - Finished tokenizing 245973-v2.0.0-mixed: 3 centers, 11 frags.
2025-05-29 11:39:36,104 - ForkPoolWorker-12 - INFO - Tokenizing context file: 2056-v1.0.0-bad
2025-05-29 11:39:36,104 - ForkPoolWorker-3 - INFO - Tokenizing context file: 243151-v2.0.0-mixed
2025-05-29 11:39:36,104 - ForkPoolWorker-4 - INFO - Finished tokenizing 235195-v2.0.0-mixed: 4 centers, 14 frags.
2025-05-29 11:39:36,105 - ForkPoolWorker-8 - INFO - Finished tokenizing 242660-v2.0.0-mixed: 5 centers, 17 frags.
2025-05-29 11:39:36,105 - ForkPoolWorker-1 - INFO - Finished tokenizing 242773-v2.0.0-mixed: 6 centers, 24 frags.
2025-05-29 11:39:36,105 - ForkPoolWorker-12 - INFO - Finished tokenizing 2056-v1.0.0-bad: 4 centers, 12 frags.
2025-05-29 11:39:36,105 - ForkPoolWorker-10 - INFO - Tokenizing context file: 242119-v2.0.0-mixed
2025-05-29 11:39:36,105 - ForkPoolWorker-2 - INFO - Tokenizing context file: 242500-v2.0.0-mixed
2025-05-29 11:39:36,106 - ForkPoolWorker-7 - INFO - Tokenizing context file: 248669-v2.0.0-mixed
2025-05-29 11:39:36,106 - ForkPoolWorker-11 - INFO - Tokenizing context file: 244751-v2.0.0-mixed
2025-05-29 11:39:36,106 - ForkPoolWorker-5 - INFO - Tokenizing context file: 501022-v1.0.0-bad
2025-05-29 11:39:36,106 - ForkPoolWorker-9 - INFO - Tokenizing context file: 2058-v1.0.0-good
2025-05-29 11:39:36,106 - ForkPoolWorker-3 - INFO - Finished tokenizing 243151-v2.0.0-mixed: 7 centers, 23 frags.
2025-05-29 11:39:36,106 - ForkPoolWorker-4 - INFO - Tokenizing context file: 240165-v2.0.0-mixed
2025-05-29 11:39:36,106 - ForkPoolWorker-8 - INFO - Tokenizing context file: 242767-v2.0.0-mixed
2025-05-29 11:39:36,106 - ForkPoolWorker-5 - INFO - Finished tokenizing 501022-v1.0.0-bad: 1 centers, 4 frags.
2025-05-29 11:39:36,106 - ForkPoolWorker-11 - INFO - Finished tokenizing 244751-v2.0.0-mixed: 1 centers, 5 frags.
2025-05-29 11:39:36,106 - ForkPoolWorker-9 - INFO - Finished tokenizing 2058-v1.0.0-good: 3 centers, 9 frags.
2025-05-29 11:39:36,106 - ForkPoolWorker-1 - INFO - Tokenizing context file: 501025-v1.0.0-bad
2025-05-29 11:39:36,106 - ForkPoolWorker-12 - INFO - Tokenizing context file: 242763-v2.0.0-mixed
2025-05-29 11:39:36,107 - ForkPoolWorker-10 - INFO - Finished tokenizing 242119-v2.0.0-mixed: 4 centers, 12 frags.
2025-05-29 11:39:36,107 - ForkPoolWorker-7 - INFO - Finished tokenizing 248669-v2.0.0-mixed: 2 centers, 9 frags.
2025-05-29 11:39:36,107 - ForkPoolWorker-4 - INFO - Finished tokenizing 240165-v2.0.0-mixed: 1 centers, 2 frags.
2025-05-29 11:39:36,107 - ForkPoolWorker-2 - INFO - Finished tokenizing 242500-v2.0.0-mixed: 5 centers, 21 frags.
2025-05-29 11:39:36,107 - ForkPoolWorker-1 - INFO - Finished tokenizing 501025-v1.0.0-bad: 1 centers, 4 frags.
2025-05-29 11:39:36,107 - ForkPoolWorker-8 - INFO - Finished tokenizing 242767-v2.0.0-mixed: 4 centers, 16 frags.
2025-05-29 11:39:36,108 - ForkPoolWorker-3 - INFO - Tokenizing context file: 243238-v2.0.0-mixed
2025-05-29 11:39:36,108 - ForkPoolWorker-5 - INFO - Tokenizing context file: 242410-v2.0.0-mixed
2025-05-29 11:39:36,108 - ForkPoolWorker-11 - INFO - Tokenizing context file: 246569-v2.0.0-mixed
2025-05-29 11:39:36,108 - ForkPoolWorker-9 - INFO - Tokenizing context file: 242387-v2.0.0-mixed
2025-05-29 11:39:36,108 - ForkPoolWorker-10 - INFO - Tokenizing context file: 242774-v2.0.0-mixed
2025-05-29 11:39:36,108 - ForkPoolWorker-12 - INFO - Finished tokenizing 242763-v2.0.0-mixed: 7 centers, 25 frags.
2025-05-29 11:39:36,108 - ForkPoolWorker-7 - INFO - Tokenizing context file: 1518-v1.0.0-bad
2025-05-29 11:39:36,108 - ForkPoolWorker-4 - INFO - Tokenizing context file: 243232-v2.0.0-mixed
2025-05-29 11:39:36,108 - ForkPoolWorker-2 - INFO - Tokenizing context file: 242310-v2.0.0-mixed
2025-05-29 11:39:36,108 - ForkPoolWorker-1 - INFO - Tokenizing context file: 247941-v2.0.0-mixed
2025-05-29 11:39:36,109 - ForkPoolWorker-9 - INFO - Finished tokenizing 242387-v2.0.0-mixed: 4 centers, 14 frags.
2025-05-29 11:39:36,109 - ForkPoolWorker-11 - INFO - Finished tokenizing 246569-v2.0.0-mixed: 4 centers, 9 frags.
2025-05-29 11:39:36,109 - ForkPoolWorker-9 - INFO - Tokenizing context file: 241514-v2.0.0-mixed
2025-05-29 11:39:36,109 - ForkPoolWorker-10 - INFO - Finished tokenizing 242774-v2.0.0-mixed: 2 centers, 9 frags.
2025-05-29 11:39:36,109 - ForkPoolWorker-12 - INFO - Tokenizing context file: 244401-v2.0.0-mixed
2025-05-29 11:39:36,109 - ForkPoolWorker-1 - INFO - Finished tokenizing 247941-v2.0.0-mixed: 3 centers, 8 frags.
2025-05-29 11:39:36,109 - ForkPoolWorker-5 - INFO - Finished tokenizing 242410-v2.0.0-mixed: 7 centers, 19 frags.
2025-05-29 11:39:36,109 - ForkPoolWorker-2 - INFO - Finished tokenizing 242310-v2.0.0-mixed: 4 centers, 14 frags.
2025-05-29 11:39:36,109 - ForkPoolWorker-3 - INFO - Finished tokenizing 243238-v2.0.0-mixed: 6 centers, 23 frags.
2025-05-29 11:39:36,109 - ForkPoolWorker-4 - INFO - Finished tokenizing 243232-v2.0.0-mixed: 4 centers, 18 frags.
2025-05-29 11:39:36,110 - ForkPoolWorker-12 - INFO - Finished tokenizing 244401-v2.0.0-mixed: 4 centers, 9 frags.
2025-05-29 11:39:36,110 - ForkPoolWorker-11 - INFO - Tokenizing context file: 241390-v2.0.0-mixed
2025-05-29 11:39:36,110 - ForkPoolWorker-10 - INFO - Tokenizing context file: 234568-v2.0.0-mixed
2025-05-29 11:39:36,110 - ForkPoolWorker-1 - INFO - Tokenizing context file: 240701-v2.0.0-mixed
2025-05-29 11:39:36,110 - ForkPoolWorker-12 - INFO - Tokenizing context file: 500936-v1.0.0-bad
2025-05-29 11:39:36,110 - ForkPoolWorker-9 - INFO - Finished tokenizing 241514-v2.0.0-mixed: 7 centers, 23 frags.
2025-05-29 11:39:36,110 - ForkPoolWorker-11 - INFO - Finished tokenizing 241390-v2.0.0-mixed: 1 centers, 4 frags.
2025-05-29 11:39:36,111 - ForkPoolWorker-12 - INFO - Finished tokenizing 500936-v1.0.0-bad: 2 centers, 4 frags.
2025-05-29 11:39:36,111 - ForkPoolWorker-10 - INFO - Finished tokenizing 234568-v2.0.0-mixed: 1 centers, 3 frags.
2025-05-29 11:39:36,111 - ForkPoolWorker-1 - INFO - Finished tokenizing 240701-v2.0.0-mixed: 6 centers, 27 frags.
2025-05-29 11:39:36,111 - ForkPoolWorker-5 - INFO - Tokenizing context file: 246677-v2.0.0-mixed
2025-05-29 11:39:36,111 - ForkPoolWorker-8 - INFO - Tokenizing context file: 243328-v2.0.0-mixed
2025-05-29 11:39:36,112 - ForkPoolWorker-3 - INFO - Tokenizing context file: 235662-v2.0.0-mixed
2025-05-29 11:39:36,112 - ForkPoolWorker-4 - INFO - Tokenizing context file: 1510-v1.0.0-bad
2025-05-29 11:39:36,112 - ForkPoolWorker-2 - INFO - Tokenizing context file: 241995-v2.0.0-mixed
2025-05-29 11:39:36,112 - ForkPoolWorker-5 - INFO - Finished tokenizing 246677-v2.0.0-mixed: 3 centers, 8 frags.
2025-05-29 11:39:36,112 - ForkPoolWorker-9 - INFO - Tokenizing context file: 242866-v2.0.0-mixed
2025-05-29 11:39:36,112 - ForkPoolWorker-5 - INFO - Tokenizing context file: 242350-v2.0.0-mixed
2025-05-29 11:39:36,113 - ForkPoolWorker-4 - INFO - Finished tokenizing 1510-v1.0.0-bad: 2 centers, 8 frags.
2025-05-29 11:39:36,113 - ForkPoolWorker-11 - INFO - Tokenizing context file: 242782-v2.0.0-mixed
2025-05-29 11:39:36,113 - ForkPoolWorker-10 - INFO - Tokenizing context file: 1498-v1.0.0-good
2025-05-29 11:39:36,113 - ForkPoolWorker-8 - INFO - Finished tokenizing 243328-v2.0.0-mixed: 4 centers, 18 frags.
2025-05-29 11:39:36,113 - ForkPoolWorker-9 - INFO - Finished tokenizing 242866-v2.0.0-mixed: 1 centers, 2 frags.
2025-05-29 11:39:36,113 - ForkPoolWorker-8 - INFO - Tokenizing context file: 240745-v2.0.0-mixed
2025-05-29 11:39:36,113 - ForkPoolWorker-1 - INFO - Tokenizing context file: 246157-v2.0.0-mixed
2025-05-29 11:39:36,113 - ForkPoolWorker-4 - INFO - Tokenizing context file: 242572-v2.0.0-mixed
2025-05-29 11:39:36,113 - ForkPoolWorker-9 - INFO - Tokenizing context file: 242249-v2.0.0-mixed
2025-05-29 11:39:36,113 - ForkPoolWorker-12 - INFO - Tokenizing context file: 243020-v2.0.0-mixed
2025-05-29 11:39:36,113 - ForkPoolWorker-10 - INFO - Finished tokenizing 1498-v1.0.0-good: 1 centers, 3 frags.
2025-05-29 11:39:36,113 - ForkPoolWorker-3 - INFO - Finished tokenizing 235662-v2.0.0-mixed: 3 centers, 15 frags.
2025-05-29 11:39:36,113 - ForkPoolWorker-10 - INFO - Tokenizing context file: 242845-v2.0.0-mixed
2025-05-29 11:39:36,113 - ForkPoolWorker-3 - INFO - Tokenizing context file: 244750-v2.0.0-mixed
2025-05-29 11:39:36,114 - ForkPoolWorker-2 - INFO - Finished tokenizing 241995-v2.0.0-mixed: 7 centers, 25 frags.
2025-05-29 11:39:36,114 - ForkPoolWorker-1 - INFO - Finished tokenizing 246157-v2.0.0-mixed: 3 centers, 8 frags.
2025-05-29 11:39:36,114 - ForkPoolWorker-11 - INFO - Finished tokenizing 242782-v2.0.0-mixed: 4 centers, 13 frags.
2025-05-29 11:39:36,114 - ForkPoolWorker-2 - INFO - Tokenizing context file: 244825-v2.0.0-mixed
2025-05-29 11:39:36,114 - ForkPoolWorker-1 - INFO - Tokenizing context file: 244844-v2.0.0-mixed
2025-05-29 11:39:36,114 - ForkPoolWorker-11 - INFO - Tokenizing context file: 234197-v2.0.0-mixed
2025-05-29 11:39:36,114 - ForkPoolWorker-8 - INFO - Finished tokenizing 240745-v2.0.0-mixed: 1 centers, 2 frags.
2025-05-29 11:39:36,114 - ForkPoolWorker-9 - INFO - Finished tokenizing 242249-v2.0.0-mixed: 4 centers, 13 frags.
2025-05-29 11:39:36,114 - ForkPoolWorker-5 - INFO - Finished tokenizing 242350-v2.0.0-mixed: 7 centers, 27 frags.
2025-05-29 11:39:36,114 - ForkPoolWorker-9 - INFO - Tokenizing context file: 500930-v1.0.0-bad
2025-05-29 11:39:36,114 - ForkPoolWorker-5 - INFO - Tokenizing context file: 241908-v2.0.0-mixed
2025-05-29 11:39:36,115 - ForkPoolWorker-8 - INFO - Tokenizing context file: 234435-v2.0.0-mixed
2025-05-29 11:39:36,116 - ForkPoolWorker-1 - INFO - Finished tokenizing 244844-v2.0.0-mixed: 2 centers, 9 frags.
2025-05-29 11:39:36,116 - ForkPoolWorker-2 - INFO - Finished tokenizing 244825-v2.0.0-mixed: 3 centers, 9 frags.
2025-05-29 11:39:36,116 - ForkPoolWorker-12 - INFO - Finished tokenizing 243020-v2.0.0-mixed: 7 centers, 27 frags.
2025-05-29 11:39:36,116 - ForkPoolWorker-9 - INFO - Finished tokenizing 500930-v1.0.0-bad: 1 centers, 2 frags.
2025-05-29 11:39:36,116 - ForkPoolWorker-6 - INFO - Finished tokenizing 148823-v1.0.0-bad: 137 centers, 344 frags.
2025-05-29 11:39:36,116 - ForkPoolWorker-1 - INFO - Tokenizing context file: 243142-v2.0.0-mixed
2025-05-29 11:39:36,116 - ForkPoolWorker-12 - INFO - Tokenizing context file: 243439-v2.0.0-mixed
2025-05-29 11:39:36,116 - ForkPoolWorker-9 - INFO - Tokenizing context file: 242770-v2.0.0-mixed
2025-05-29 11:39:36,116 - ForkPoolWorker-11 - INFO - Finished tokenizing 234197-v2.0.0-mixed: 5 centers, 15 frags.
2025-05-29 11:39:36,116 - ForkPoolWorker-7 - INFO - Finished tokenizing 1518-v1.0.0-bad: 63 centers, 184 frags.
2025-05-29 11:39:36,116 - ForkPoolWorker-9 - INFO - Finished tokenizing 242770-v2.0.0-mixed: 1 centers, 2 frags.
2025-05-29 11:39:36,117 - ForkPoolWorker-4 - INFO - Finished tokenizing 242572-v2.0.0-mixed: 7 centers, 25 frags.
2025-05-29 11:39:36,117 - ForkPoolWorker-5 - INFO - Finished tokenizing 241908-v2.0.0-mixed: 18 centers, 22 frags.
2025-05-29 11:39:36,117 - ForkPoolWorker-1 - INFO - Finished tokenizing 243142-v2.0.0-mixed: 6 centers, 23 frags.
2025-05-29 11:39:36,117 - ForkPoolWorker-8 - INFO - Finished tokenizing 234435-v2.0.0-mixed: 3 centers, 7 frags.
2025-05-29 11:39:36,118 - ForkPoolWorker-12 - INFO - Finished tokenizing 243439-v2.0.0-mixed: 7 centers, 23 frags.
2025-05-29 11:39:36,118 - ForkPoolWorker-10 - INFO - Finished tokenizing 242845-v2.0.0-mixed: 6 centers, 36 frags.
2025-05-29 11:39:36,118 - ForkPoolWorker-3 - INFO - Finished tokenizing 244750-v2.0.0-mixed: 2 centers, 8 frags.
2025-05-29 11:39:36,126 - ForkPoolWorker-11 - INFO - Tokenizing context file: 243242-v2.0.0-mixed
2025-05-29 11:39:36,126 - ForkPoolWorker-2 - INFO - Tokenizing context file: 234164-v2.0.0-mixed
2025-05-29 11:39:36,127 - ForkPoolWorker-11 - INFO - Finished tokenizing 243242-v2.0.0-mixed: 4 centers, 14 frags.
2025-05-29 11:39:36,127 - ForkPoolWorker-2 - INFO - Finished tokenizing 234164-v2.0.0-mixed: 5 centers, 15 frags.
2025-05-29 11:39:36,129 - ForkPoolWorker-7 - INFO - Tokenizing context file: 243469-v2.0.0-mixed
2025-05-29 11:39:36,130 - ForkPoolWorker-9 - INFO - Tokenizing context file: 500900-v1.0.0-bad
2025-05-29 11:39:36,131 - ForkPoolWorker-7 - INFO - Finished tokenizing 243469-v2.0.0-mixed: 7 centers, 27 frags.
2025-05-29 11:39:36,131 - ForkPoolWorker-9 - INFO - Finished tokenizing 500900-v1.0.0-bad: 1 centers, 3 frags.
2025-05-29 11:39:36,136 - ForkPoolWorker-6 - INFO - Tokenizing context file: 242745-v2.0.0-mixed
2025-05-29 11:39:36,137 - ForkPoolWorker-6 - INFO - Finished tokenizing 242745-v2.0.0-mixed: 2 centers, 7 frags.
2025-05-29 11:39:36,137 - ForkPoolWorker-6 - INFO - Tokenizing context file: 242529-v2.0.0-mixed
2025-05-29 11:39:36,137 - ForkPoolWorker-4 - INFO - Tokenizing context file: 244897-v2.0.0-mixed
2025-05-29 11:39:36,138 - ForkPoolWorker-4 - INFO - Finished tokenizing 244897-v2.0.0-mixed: 2 centers, 6 frags.
2025-05-29 11:39:36,138 - ForkPoolWorker-1 - INFO - Tokenizing context file: 246573-v2.0.0-mixed
2025-05-29 11:39:36,138 - ForkPoolWorker-8 - INFO - Tokenizing context file: 244933-v2.0.0-mixed
2025-05-29 11:39:36,139 - ForkPoolWorker-12 - INFO - Tokenizing context file: 500815-v1.0.0-bad
2025-05-29 11:39:36,139 - ForkPoolWorker-8 - INFO - Finished tokenizing 244933-v2.0.0-mixed: 3 centers, 8 frags.
2025-05-29 11:39:36,139 - ForkPoolWorker-6 - INFO - Finished tokenizing 242529-v2.0.0-mixed: 26 centers, 40 frags.
2025-05-29 11:39:36,139 - ForkPoolWorker-1 - INFO - Finished tokenizing 246573-v2.0.0-mixed: 6 centers, 19 frags.
2025-05-29 11:39:36,139 - ForkPoolWorker-12 - INFO - Finished tokenizing 500815-v1.0.0-bad: 1 centers, 4 frags.
2025-05-29 11:39:36,140 - ForkPoolWorker-10 - INFO - Tokenizing context file: 248277-v2.0.0-mixed
2025-05-29 11:39:36,140 - ForkPoolWorker-3 - INFO - Tokenizing context file: 243270-v2.0.0-mixed
2025-05-29 11:39:36,141 - ForkPoolWorker-11 - INFO - Tokenizing context file: 242133-v2.0.0-mixed
2025-05-29 11:39:36,141 - ForkPoolWorker-2 - INFO - Tokenizing context file: 243225-v2.0.0-mixed
2025-05-29 11:39:36,141 - ForkPoolWorker-10 - INFO - Finished tokenizing 248277-v2.0.0-mixed: 6 centers, 18 frags.
2025-05-29 11:39:36,141 - ForkPoolWorker-7 - INFO - Tokenizing context file: 235029-v2.0.0-mixed
2025-05-29 11:39:36,141 - ForkPoolWorker-9 - INFO - Tokenizing context file: 234305-v2.0.0-mixed
2025-05-29 11:39:36,141 - ForkPoolWorker-3 - INFO - Finished tokenizing 243270-v2.0.0-mixed: 6 centers, 23 frags.
2025-05-29 11:39:36,141 - ForkPoolWorker-4 - INFO - Tokenizing context file: 234126-v2.0.0-mixed
2025-05-29 11:39:36,141 - ForkPoolWorker-5 - INFO - Tokenizing context file: 242186-v2.0.0-mixed
2025-05-29 11:39:36,141 - ForkPoolWorker-8 - INFO - Tokenizing context file: 242284-v2.0.0-mixed
2025-05-29 11:39:36,141 - ForkPoolWorker-6 - INFO - Tokenizing context file: 241783-v2.0.0-mixed
2025-05-29 11:39:36,141 - ForkPoolWorker-12 - INFO - Tokenizing context file: 243256-v2.0.0-mixed
2025-05-29 11:39:36,141 - ForkPoolWorker-3 - INFO - Tokenizing context file: 246621-v2.0.0-mixed
2025-05-29 11:39:36,141 - ForkPoolWorker-10 - INFO - Tokenizing context file: 242420-v2.0.0-mixed
2025-05-29 11:39:36,141 - ForkPoolWorker-1 - INFO - Tokenizing context file: 242418-v2.0.0-mixed
2025-05-29 11:39:36,142 - ForkPoolWorker-9 - INFO - Finished tokenizing 234305-v2.0.0-mixed: 1 centers, 4 frags.
2025-05-29 11:39:36,142 - ForkPoolWorker-2 - INFO - Finished tokenizing 243225-v2.0.0-mixed: 2 centers, 6 frags.
2025-05-29 11:39:36,142 - ForkPoolWorker-9 - INFO - Tokenizing context file: 241996-v2.0.0-mixed
2025-05-29 11:39:36,142 - ForkPoolWorker-1 - INFO - Finished tokenizing 242418-v2.0.0-mixed: 1 centers, 2 frags.
2025-05-29 11:39:36,142 - ForkPoolWorker-1 - INFO - Tokenizing context file: 245817-v2.0.0-mixed
2025-05-29 11:39:36,142 - ForkPoolWorker-12 - INFO - Finished tokenizing 243256-v2.0.0-mixed: 2 centers, 6 frags.
2025-05-29 11:39:36,142 - ForkPoolWorker-12 - INFO - Tokenizing context file: 242054-v2.0.0-mixed
2025-05-29 11:39:36,142 - ForkPoolWorker-2 - INFO - Tokenizing context file: 248292-v2.0.0-mixed
2025-05-29 11:39:36,142 - ForkPoolWorker-7 - INFO - Finished tokenizing 235029-v2.0.0-mixed: 3 centers, 18 frags.
2025-05-29 11:39:36,142 - ForkPoolWorker-7 - INFO - Tokenizing context file: 243663-v2.0.0-mixed
2025-05-29 11:39:36,142 - ForkPoolWorker-4 - INFO - Finished tokenizing 234126-v2.0.0-mixed: 4 centers, 17 frags.
2025-05-29 11:39:36,143 - ForkPoolWorker-5 - INFO - Finished tokenizing 242186-v2.0.0-mixed: 7 centers, 21 frags.
2025-05-29 11:39:36,143 - ForkPoolWorker-4 - INFO - Tokenizing context file: 500868-v1.0.0-bad
2025-05-29 11:39:36,143 - ForkPoolWorker-5 - INFO - Tokenizing context file: 248388-v2.0.0-mixed
2025-05-29 11:39:36,143 - ForkPoolWorker-1 - INFO - Finished tokenizing 245817-v2.0.0-mixed: 3 centers, 8 frags.
2025-05-29 11:39:36,143 - ForkPoolWorker-1 - INFO - Tokenizing context file: 500778-v1.0.0-bad
2025-05-29 11:39:36,143 - ForkPoolWorker-3 - INFO - Finished tokenizing 246621-v2.0.0-mixed: 6 centers, 19 frags.
2025-05-29 11:39:36,143 - ForkPoolWorker-2 - INFO - Finished tokenizing 248292-v2.0.0-mixed: 2 centers, 10 frags.
2025-05-29 11:39:36,143 - ForkPoolWorker-8 - INFO - Finished tokenizing 242284-v2.0.0-mixed: 7 centers, 25 frags.
2025-05-29 11:39:36,143 - ForkPoolWorker-12 - INFO - Finished tokenizing 242054-v2.0.0-mixed: 4 centers, 11 frags.
2025-05-29 11:39:36,143 - ForkPoolWorker-3 - INFO - Tokenizing context file: 242142-v2.0.0-mixed
2025-05-29 11:39:36,143 - ForkPoolWorker-2 - INFO - Tokenizing context file: 241848-v2.0.0-mixed
2025-05-29 11:39:36,143 - ForkPoolWorker-8 - INFO - Tokenizing context file: 239124-v2.0.0-mixed
2025-05-29 11:39:36,143 - ForkPoolWorker-12 - INFO - Tokenizing context file: 240192-v2.0.0-mixed
2025-05-29 11:39:36,143 - ForkPoolWorker-11 - INFO - Finished tokenizing 242133-v2.0.0-mixed: 6 centers, 20 frags.
2025-05-29 11:39:36,143 - ForkPoolWorker-11 - INFO - Tokenizing context file: 240605-v2.0.0-mixed
2025-05-29 11:39:36,143 - ForkPoolWorker-9 - INFO - Finished tokenizing 241996-v2.0.0-mixed: 7 centers, 25 frags.
2025-05-29 11:39:36,144 - ForkPoolWorker-9 - INFO - Tokenizing context file: 245508-v2.0.0-mixed
2025-05-29 11:39:36,144 - ForkPoolWorker-1 - INFO - Finished tokenizing 500778-v1.0.0-bad: 1 centers, 4 frags.
2025-05-29 11:39:36,144 - ForkPoolWorker-1 - INFO - Tokenizing context file: 234437-v2.0.0-mixed
2025-05-29 11:39:36,144 - ForkPoolWorker-3 - INFO - Finished tokenizing 242142-v2.0.0-mixed: 4 centers, 13 frags.
2025-05-29 11:39:36,144 - ForkPoolWorker-10 - INFO - Finished tokenizing 242420-v2.0.0-mixed: 18 centers, 23 frags.
2025-05-29 11:39:36,144 - ForkPoolWorker-3 - INFO - Tokenizing context file: 246974-v2.0.0-mixed
2025-05-29 11:39:36,144 - ForkPoolWorker-6 - INFO - Finished tokenizing 241783-v2.0.0-mixed: 2 centers, 20 frags.
2025-05-29 11:39:36,144 - ForkPoolWorker-10 - INFO - Tokenizing context file: 241963-v2.0.0-mixed
2025-05-29 11:39:36,144 - ForkPoolWorker-1 - INFO - Finished tokenizing 234437-v2.0.0-mixed: 1 centers, 3 frags.
2025-05-29 11:39:36,144 - ForkPoolWorker-6 - INFO - Tokenizing context file: 245838-v2.0.0-mixed
2025-05-29 11:39:36,145 - ForkPoolWorker-9 - INFO - Finished tokenizing 245508-v2.0.0-mixed: 2 centers, 10 frags.
2025-05-29 11:39:36,145 - ForkPoolWorker-1 - INFO - Tokenizing context file: 241883-v2.0.0-mixed
2025-05-29 11:39:36,144 - ForkPoolWorker-5 - INFO - Finished tokenizing 248388-v2.0.0-mixed: 2 centers, 8 frags.
2025-05-29 11:39:36,145 - ForkPoolWorker-9 - INFO - Tokenizing context file: 2033-v1.0.0-good
2025-05-29 11:39:36,145 - ForkPoolWorker-4 - INFO - Finished tokenizing 500868-v1.0.0-bad: 1 centers, 3 frags.
2025-05-29 11:39:36,145 - ForkPoolWorker-4 - INFO - Tokenizing context file: 242932-v2.0.0-mixed
2025-05-29 11:39:36,145 - ForkPoolWorker-3 - INFO - Finished tokenizing 246974-v2.0.0-mixed: 2 centers, 8 frags.
2025-05-29 11:39:36,145 - ForkPoolWorker-3 - INFO - Tokenizing context file: 248673-v2.0.0-mixed
2025-05-29 11:39:36,145 - ForkPoolWorker-12 - INFO - Finished tokenizing 240192-v2.0.0-mixed: 7 centers, 25 frags.
2025-05-29 11:39:36,145 - ForkPoolWorker-9 - INFO - Finished tokenizing 2033-v1.0.0-good: 1 centers, 6 frags.
2025-05-29 11:39:36,145 - ForkPoolWorker-6 - INFO - Finished tokenizing 245838-v2.0.0-mixed: 2 centers, 9 frags.
2025-05-29 11:39:36,146 - ForkPoolWorker-12 - INFO - Tokenizing context file: 242301-v2.0.0-mixed
2025-05-29 11:39:36,146 - ForkPoolWorker-9 - INFO - Tokenizing context file: 242977-v2.0.0-mixed
2025-05-29 11:39:36,146 - ForkPoolWorker-6 - INFO - Tokenizing context file: 241865-v2.0.0-mixed
2025-05-29 11:39:36,146 - ForkPoolWorker-7 - INFO - Finished tokenizing 243663-v2.0.0-mixed: 6 centers, 33 frags.
2025-05-29 11:39:36,146 - ForkPoolWorker-5 - INFO - Tokenizing context file: 244453-v2.0.0-mixed
2025-05-29 11:39:36,146 - ForkPoolWorker-7 - INFO - Tokenizing context file: 241991-v2.0.0-mixed
2025-05-29 11:39:36,146 - ForkPoolWorker-1 - INFO - Finished tokenizing 241883-v2.0.0-mixed: 6 centers, 22 frags.
2025-05-29 11:39:36,146 - ForkPoolWorker-1 - INFO - Tokenizing context file: 243433-v2.0.0-mixed
2025-05-29 11:39:36,146 - ForkPoolWorker-3 - INFO - Finished tokenizing 248673-v2.0.0-mixed: 3 centers, 8 frags.
2025-05-29 11:39:36,146 - ForkPoolWorker-10 - INFO - Finished tokenizing 241963-v2.0.0-mixed: 7 centers, 23 frags.
2025-05-29 11:39:36,147 - ForkPoolWorker-3 - INFO - Tokenizing context file: 247609-v2.0.0-mixed
2025-05-29 11:39:36,147 - ForkPoolWorker-11 - INFO - Finished tokenizing 240605-v2.0.0-mixed: 2 centers, 8 frags.
2025-05-29 11:39:36,147 - ForkPoolWorker-10 - INFO - Tokenizing context file: 235744-v2.0.0-mixed
2025-05-29 11:39:36,147 - ForkPoolWorker-4 - INFO - Finished tokenizing 242932-v2.0.0-mixed: 18 centers, 25 frags.
2025-05-29 11:39:36,147 - ForkPoolWorker-11 - INFO - Tokenizing context file: 235431-v2.0.0-mixed
2025-05-29 11:39:36,147 - ForkPoolWorker-6 - INFO - Finished tokenizing 241865-v2.0.0-mixed: 4 centers, 13 frags.
2025-05-29 11:39:36,147 - ForkPoolWorker-4 - INFO - Tokenizing context file: 242016-v2.0.0-mixed
2025-05-29 11:39:36,147 - ForkPoolWorker-6 - INFO - Tokenizing context file: 241734-v2.0.0-mixed
2025-05-29 11:39:36,148 - ForkPoolWorker-1 - INFO - Finished tokenizing 243433-v2.0.0-mixed: 4 centers, 14 frags.
2025-05-29 11:39:36,148 - ForkPoolWorker-8 - INFO - Finished tokenizing 239124-v2.0.0-mixed: 2 centers, 7 frags.
2025-05-29 11:39:36,148 - ForkPoolWorker-1 - INFO - Tokenizing context file: 234827-v2.0.0-mixed
2025-05-29 11:39:36,148 - ForkPoolWorker-8 - INFO - Tokenizing context file: 239964-v2.0.0-mixed
2025-05-29 11:39:36,148 - ForkPoolWorker-7 - INFO - Finished tokenizing 241991-v2.0.0-mixed: 4 centers, 16 frags.
2025-05-29 11:39:36,148 - ForkPoolWorker-2 - INFO - Finished tokenizing 241848-v2.0.0-mixed: 2 centers, 9 frags.
2025-05-29 11:39:36,148 - ForkPoolWorker-10 - INFO - Finished tokenizing 235744-v2.0.0-mixed: 3 centers, 15 frags.
2025-05-29 11:39:36,148 - ForkPoolWorker-7 - INFO - Tokenizing context file: 247561-v2.0.0-mixed
2025-05-29 11:39:36,148 - ForkPoolWorker-11 - INFO - Finished tokenizing 235431-v2.0.0-mixed: 5 centers, 16 frags.
2025-05-29 11:39:36,148 - ForkPoolWorker-2 - INFO - Tokenizing context file: 241904-v2.0.0-mixed
2025-05-29 11:39:36,148 - ForkPoolWorker-10 - INFO - Tokenizing context file: 240597-v2.0.0-mixed
2025-05-29 11:39:36,148 - ForkPoolWorker-11 - INFO - Tokenizing context file: 242626-v2.0.0-mixed
2025-05-29 11:39:36,148 - ForkPoolWorker-12 - INFO - Finished tokenizing 242301-v2.0.0-mixed: 6 centers, 28 frags.
2025-05-29 11:39:36,149 - ForkPoolWorker-12 - INFO - Tokenizing context file: 244375-v2.0.0-mixed
2025-05-29 11:39:36,149 - ForkPoolWorker-6 - INFO - Finished tokenizing 241734-v2.0.0-mixed: 4 centers, 14 frags.
2025-05-29 11:39:36,149 - ForkPoolWorker-9 - INFO - Finished tokenizing 242977-v2.0.0-mixed: 26 centers, 40 frags.
2025-05-29 11:39:36,149 - ForkPoolWorker-6 - INFO - Tokenizing context file: 242948-v2.0.0-mixed
2025-05-29 11:39:36,149 - ForkPoolWorker-3 - INFO - Finished tokenizing 247609-v2.0.0-mixed: 3 centers, 8 frags.
2025-05-29 11:39:36,149 - ForkPoolWorker-7 - INFO - Finished tokenizing 247561-v2.0.0-mixed: 3 centers, 8 frags.
2025-05-29 11:39:36,149 - ForkPoolWorker-1 - INFO - Finished tokenizing 234827-v2.0.0-mixed: 5 centers, 18 frags.
2025-05-29 11:39:36,149 - ForkPoolWorker-5 - INFO - Finished tokenizing 244453-v2.0.0-mixed: 6 centers, 22 frags.
2025-05-29 11:39:36,149 - ForkPoolWorker-4 - INFO - Finished tokenizing 242016-v2.0.0-mixed: 6 centers, 26 frags.
2025-05-29 11:39:36,150 - ForkPoolWorker-3 - INFO - Tokenizing context file: 238986-v2.0.0-mixed
2025-05-29 11:39:36,150 - ForkPoolWorker-7 - INFO - Tokenizing context file: 234633-v2.0.0-mixed
2025-05-29 11:39:36,150 - ForkPoolWorker-9 - INFO - Tokenizing context file: 245370-v2.0.0-mixed
2025-05-29 11:39:36,150 - ForkPoolWorker-12 - INFO - Finished tokenizing 244375-v2.0.0-mixed: 1 centers, 5 frags.
2025-05-29 11:39:36,150 - ForkPoolWorker-1 - INFO - Tokenizing context file: 500751-v1.0.0-bad
2025-05-29 11:39:36,150 - ForkPoolWorker-2 - INFO - Finished tokenizing 241904-v2.0.0-mixed: 4 centers, 14 frags.
2025-05-29 11:39:36,150 - ForkPoolWorker-4 - INFO - Tokenizing context file: 248101-v2.0.0-mixed
2025-05-29 11:39:36,150 - ForkPoolWorker-12 - INFO - Tokenizing context file: 242171-v2.0.0-mixed
2025-05-29 11:39:36,150 - ForkPoolWorker-2 - INFO - Tokenizing context file: 500981-v1.0.0-bad
2025-05-29 11:39:36,150 - ForkPoolWorker-5 - INFO - Tokenizing context file: 239674-v2.0.0-mixed
2025-05-29 11:39:36,150 - ForkPoolWorker-11 - INFO - Finished tokenizing 242626-v2.0.0-mixed: 10 centers, 19 frags.
2025-05-29 11:39:36,150 - ForkPoolWorker-10 - INFO - Finished tokenizing 240597-v2.0.0-mixed: 4 centers, 33 frags.
2025-05-29 11:39:36,150 - ForkPoolWorker-11 - INFO - Tokenizing context file: 242898-v2.0.0-mixed
2025-05-29 11:39:36,150 - ForkPoolWorker-10 - INFO - Tokenizing context file: 242099-v2.0.0-mixed
2025-05-29 11:39:36,150 - ForkPoolWorker-2 - INFO - Finished tokenizing 500981-v1.0.0-bad: 1 centers, 2 frags.
2025-05-29 11:39:36,150 - ForkPoolWorker-1 - INFO - Finished tokenizing 500751-v1.0.0-bad: 1 centers, 4 frags.
2025-05-29 11:39:36,151 - ForkPoolWorker-1 - INFO - Tokenizing context file: 242897-v2.0.0-mixed
2025-05-29 11:39:36,151 - ForkPoolWorker-2 - INFO - Tokenizing context file: 243977-v2.0.0-mixed
2025-05-29 11:39:36,151 - ForkPoolWorker-11 - INFO - Finished tokenizing 242898-v2.0.0-mixed: 1 centers, 2 frags.
2025-05-29 11:39:36,151 - ForkPoolWorker-11 - INFO - Tokenizing context file: 242390-v2.0.0-mixed
2025-05-29 11:39:36,151 - ForkPoolWorker-9 - INFO - Finished tokenizing 245370-v2.0.0-mixed: 2 centers, 9 frags.
2025-05-29 11:39:36,151 - ForkPoolWorker-7 - INFO - Finished tokenizing 234633-v2.0.0-mixed: 3 centers, 11 frags.
2025-05-29 11:39:36,151 - ForkPoolWorker-9 - INFO - Tokenizing context file: 243185-v2.0.0-mixed
2025-05-29 11:39:36,151 - ForkPoolWorker-7 - INFO - Tokenizing context file: 235521-v2.0.0-mixed
2025-05-29 11:39:36,151 - ForkPoolWorker-6 - INFO - Finished tokenizing 242948-v2.0.0-mixed: 5 centers, 17 frags.
2025-05-29 11:39:36,151 - ForkPoolWorker-8 - INFO - Finished tokenizing 239964-v2.0.0-mixed: 4 centers, 16 frags.
2025-05-29 11:39:36,151 - ForkPoolWorker-6 - INFO - Tokenizing context file: 243594-v2.0.0-mixed
2025-05-29 11:39:36,151 - ForkPoolWorker-8 - INFO - Tokenizing context file: 500905-v1.0.0-bad
2025-05-29 11:39:36,151 - ForkPoolWorker-1 - INFO - Finished tokenizing 242897-v2.0.0-mixed: 1 centers, 2 frags.
2025-05-29 11:39:36,151 - ForkPoolWorker-10 - INFO - Finished tokenizing 242099-v2.0.0-mixed: 4 centers, 14 frags.
2025-05-29 11:39:36,151 - ForkPoolWorker-3 - INFO - Finished tokenizing 238986-v2.0.0-mixed: 6 centers, 23 frags.
2025-05-29 11:39:36,151 - ForkPoolWorker-1 - INFO - Tokenizing context file: 243091-v2.0.0-mixed
2025-05-29 11:39:36,151 - ForkPoolWorker-10 - INFO - Tokenizing context file: 246341-v2.0.0-mixed
2025-05-29 11:39:36,151 - ForkPoolWorker-3 - INFO - Tokenizing context file: 242781-v2.0.0-mixed
2025-05-29 11:39:36,151 - ForkPoolWorker-2 - INFO - Finished tokenizing 243977-v2.0.0-mixed: 2 centers, 8 frags.
2025-05-29 11:39:36,151 - ForkPoolWorker-12 - INFO - Finished tokenizing 242171-v2.0.0-mixed: 6 centers, 22 frags.
2025-05-29 11:39:36,152 - ForkPoolWorker-2 - INFO - Tokenizing context file: 244037-v2.0.0-mixed
2025-05-29 11:39:36,152 - ForkPoolWorker-12 - INFO - Tokenizing context file: 234230-v2.0.0-mixed
2025-05-29 11:39:36,152 - ForkPoolWorker-4 - INFO - Finished tokenizing 248101-v2.0.0-mixed: 2 centers, 11 frags.
2025-05-29 11:39:36,152 - ForkPoolWorker-4 - INFO - Tokenizing context file: 247677-v2.0.0-mixed
2025-05-29 11:39:36,152 - ForkPoolWorker-5 - INFO - Finished tokenizing 239674-v2.0.0-mixed: 0 centers, 0 frags.
2025-05-29 11:39:36,152 - ForkPoolWorker-8 - INFO - Finished tokenizing 500905-v1.0.0-bad: 1 centers, 4 frags.
2025-05-29 11:39:36,152 - ForkPoolWorker-5 - INFO - Tokenizing context file: 248481-v2.0.0-mixed
2025-05-29 11:39:36,152 - ForkPoolWorker-6 - INFO - Finished tokenizing 243594-v2.0.0-mixed: 3 centers, 10 frags.
2025-05-29 11:39:36,152 - ForkPoolWorker-8 - INFO - Tokenizing context file: 243981-v2.0.0-mixed
2025-05-29 11:39:36,152 - ForkPoolWorker-11 - INFO - Finished tokenizing 242390-v2.0.0-mixed: 2 centers, 9 frags.
2025-05-29 11:39:36,152 - ForkPoolWorker-9 - INFO - Finished tokenizing 243185-v2.0.0-mixed: 4 centers, 16 frags.
2025-05-29 11:39:36,152 - ForkPoolWorker-1 - INFO - Finished tokenizing 243091-v2.0.0-mixed: 1 centers, 2 frags.
2025-05-29 11:39:36,153 - ForkPoolWorker-2 - INFO - Finished tokenizing 244037-v2.0.0-mixed: 3 centers, 11 frags.
2025-05-29 11:39:36,153 - ForkPoolWorker-10 - INFO - Finished tokenizing 246341-v2.0.0-mixed: 6 centers, 15 frags.
2025-05-29 11:39:36,153 - ForkPoolWorker-7 - INFO - Finished tokenizing 235521-v2.0.0-mixed: 7 centers, 24 frags.
2025-05-29 11:39:36,153 - ForkPoolWorker-4 - INFO - Finished tokenizing 247677-v2.0.0-mixed: 2 centers, 9 frags.
2025-05-29 11:39:36,153 - ForkPoolWorker-5 - INFO - Finished tokenizing 248481-v2.0.0-mixed: 3 centers, 8 frags.
2025-05-29 11:39:36,153 - ForkPoolWorker-3 - INFO - Finished tokenizing 242781-v2.0.0-mixed: 6 centers, 28 frags.
2025-05-29 11:39:36,154 - ForkPoolWorker-12 - INFO - Finished tokenizing 234230-v2.0.0-mixed: 5 centers, 15 frags.
2025-05-29 11:39:36,154 - ForkPoolWorker-6 - INFO - Tokenizing context file: 241836-v2.0.0-mixed
2025-05-29 11:39:36,154 - ForkPoolWorker-11 - INFO - Tokenizing context file: 243426-v2.0.0-mixed
2025-05-29 11:39:36,154 - ForkPoolWorker-9 - INFO - Tokenizing context file: 501017-v1.0.0-bad
2025-05-29 11:39:36,154 - ForkPoolWorker-1 - INFO - Tokenizing context file: 240578-v2.0.0-mixed
2025-05-29 11:39:36,154 - ForkPoolWorker-8 - INFO - Finished tokenizing 243981-v2.0.0-mixed: 6 centers, 32 frags.
2025-05-29 11:39:36,154 - ForkPoolWorker-2 - INFO - Tokenizing context file: 246786-v2.0.0-mixed
2025-05-29 11:39:36,154 - ForkPoolWorker-10 - INFO - Tokenizing context file: 242795-v2.0.0-mixed
2025-05-29 11:39:36,154 - ForkPoolWorker-7 - INFO - Tokenizing context file: 243989-v2.0.0-mixed
2025-05-29 11:39:36,154 - ForkPoolWorker-8 - INFO - Tokenizing context file: 240703-v2.0.0-mixed
2025-05-29 11:39:36,154 - ForkPoolWorker-4 - INFO - Tokenizing context file: 243372-v2.0.0-mixed
2025-05-29 11:39:36,155 - ForkPoolWorker-9 - INFO - Finished tokenizing 501017-v1.0.0-bad: 1 centers, 3 frags.
2025-05-29 11:39:36,155 - ForkPoolWorker-1 - INFO - Finished tokenizing 240578-v2.0.0-mixed: 4 centers, 12 frags.
2025-05-29 11:39:36,155 - ForkPoolWorker-2 - INFO - Finished tokenizing 246786-v2.0.0-mixed: 3 centers, 13 frags.
2025-05-29 11:39:36,155 - ForkPoolWorker-6 - INFO - Finished tokenizing 241836-v2.0.0-mixed: 7 centers, 27 frags.
2025-05-29 11:39:36,155 - ForkPoolWorker-11 - INFO - Finished tokenizing 243426-v2.0.0-mixed: 6 centers, 23 frags.
2025-05-29 11:39:36,156 - ForkPoolWorker-8 - INFO - Finished tokenizing 240703-v2.0.0-mixed: 6 centers, 21 frags.
2025-05-29 11:39:36,156 - ForkPoolWorker-7 - INFO - Finished tokenizing 243989-v2.0.0-mixed: 7 centers, 19 frags.
2025-05-29 11:39:36,156 - ForkPoolWorker-4 - INFO - Finished tokenizing 243372-v2.0.0-mixed: 7 centers, 19 frags.
2025-05-29 11:39:36,156 - ForkPoolWorker-10 - INFO - Finished tokenizing 242795-v2.0.0-mixed: 7 centers, 25 frags.
2025-05-29 11:39:36,159 - MainProcess - INFO - Tokenization pool finished. Successfully processed 3985/3985 context files.
2025-05-29 11:39:36,164 - MainProcess - INFO - Wrote 54 records → all_tokenized_good.json
2025-05-29 11:39:36,186 - MainProcess - INFO - Wrote 438 records → all_tokenized_bad.json
2025-05-29 11:39:36,491 - MainProcess - INFO - Wrote 3493 records → all_tokenized_mixed.json
2025-05-29 11:39:36,491 - MainProcess - INFO - --- Tokenization process complete. Results saved to data_cpp/tokenized_contexts ---
2025-05-29 11:39:36,492 - MainProcess - INFO - Check the log file 'processing.log' for detailed processing information.
